Name,Term,ES,NES,NOM p-val,FDR q-val,FWER p-val,Tag %,Gene %,Lead_genes,relevant_to_barrier_immune
prerank,Epstein-Barr virus infection,0.672704314268559,2.7803639104713245,0.0,0.0,0.0,111/184,13.27%,IRF7;NFKB2;RELB;TAP2;STAT3;LYN;TAPBP;CD44;MAP3K14;E2F3;TRAF3;BAX;OAS1;JAK3;OAS3;NFKBIE;TAP1;MYD88;NFKBIB;CCND3;TRAF2;CCND2;PIK3CD;IRAK1;HDAC1;MAPK11;NFKB1;OAS2;PSMD11;RB1;AKT1;CD247;CD3D;ICAM1;CD3E;CD3G;PSMC4;BCL2L11;IRF9;STAT2;CCNE1;CALR;ITGAL;DDX58;PSMD2;PLCG2;IFNAR2;BAK1;CDKN1A;RELA;PSMD6;BLNK;JUN;SYK;STAT1;RUNX3;TYK2;HLA-DRA;BID;HLA-DPB1;NFKBIA;HLA-DMA;HLA-DMB;CCNA2;TLR2;CASP8;TRADD;HLA-DPA1;PSMD1;CXCL10;CYCS;CCNE2;TNFAIP3;IRF3;IKBKG;ADRM1;IKBKB;MYC;E2F1;IL6;TNF;HLA-B;MAP2K3;GADD45G;CD40;NEDD4;PDIA3;CDK2;HLA-F;PSMC5;ISG15;HLA-DRB1;AKT2;IKBKE;B2M;PIK3R3;CHUK;PSMD3;RAC1;CASP9;MAPK8;PSMD13;HLA-A;PSMC6;TRAF5;FAS;HLA-E;IRAK4;PSMD7;PSMC1;PSMC3,False
prerank,RIG-I-like receptor signaling pathway,0.6792751521599987,2.3400164840666546,0.0,0.0,0.0,33/55,14.10%,IRF7;NLRX1;TRAF3;CXCL8;IFIH1;CYLD;NFKBIB;TRAF2;MAPK11;TRIM25;DHX58;NFKB1;CASP10;DDX58;RELA;NFKBIA;CASP8;TRADD;CXCL10;IRF3;IKBKG;IFNE;IKBKB;TNF;ISG15;IKBKE;OTUD5;CHUK;MAPK8;DDX3X;TBKBP1;ATG5;IL12B,False
prerank,Allograft rejection,0.7503283068433467,2.3397705255665873,0.0,0.0,0.0,30/33,23.45%,GZMB;CD28;CD80;HLA-DRA;HLA-DPB1;HLA-DMA;IL10;HLA-DMB;HLA-DPA1;FASLG;CD40LG;TNF;HLA-B;CD40;HLA-F;HLA-DRB1;PRF1;HLA-A;FAS;HLA-E;IL12B;HLA-C;CD86;HLA-DQA1;IFNG;HLA-DOB;HLA-DOA;HLA-DQB1;HLA-DQA2;HLA-DRB5,False
prerank,Tuberculosis,0.5806042994522009,2.325900866359332,0.0,0.0,0.0,74/158,15.14%,CLEC7A;NOD2;ITGAX;SPHK1;BAX;IRAK2;IFNGR2;MYD88;ATP6V0D1;CYP27B1;TGFB1;TCIRG1;IRAK1;TNFRSF1A;MAPK11;IL10RA;CIITA;ITGB2;NFKB1;ITGAM;AKT1;RFX5;CASP10;CAMP;IFNGR1;RELA;CALM1;CD74;SYK;STAT1;HLA-DRA;BID;HLA-DPB1;HLA-DMA;IL10;HLA-DMB;TLR2;SRC;CASP8;TRADD;HLA-DPA1;CORO1A;CARD9;FCER1G;CYCS;MAPK3;RAB7A;CTSD;IL6;TNF;FCGR2A;ATP6V0B;BCL10;PLK3;CALML5;HLA-DRB1;AKT2;TLR1;CEBPB;CASP9;MAPK8;CD209;IL23A;RAB5A;HSPA9;CALML3;VDR;IRAK4;CTSS;IL12B;HSPD1;RHOA;HLA-DQA1;FCGR3A,False
prerank,Cytokine-cytokine receptor interaction,0.5514193632692163,2.319345640906158,0.0,0.0,0.0,125/244,16.61%,TNFRSF21;TNFRSF10B;IL4R;OSMR;IL36G;CCL18;IL12RB2;TNFRSF12A;CSF2RB;IL27RA;RELT;CCL22;CCR7;CXCR4;IL20;TNFSF10;CXCL8;IL13;CSF1;TNFRSF10A;IL36A;TNFRSF9;CXCL1;IL2RA;CCL13;IFNGR2;IL2RG;CCR5;LTBR;IL13RA1;CCL2;TGFB1;TGFBR1;IL7R;IL32;CXCR1;IL26;TNFRSF1A;CCR4;CCL19;CCR2;CCL17;IL12RB1;IL10RA;IL13RA2;LTB;TNFRSF1B;TNFRSF11B;IL22;IL36RN;CCR1;OSM;TNFRSF4;IFNAR2;IFNGR1;TNFSF11;IL24;IL1RL1;TNFSF14;CXCL16;CSF2;IL10;CCL5;IL21R;IL15;CXCL2;TNFRSF10D;CXCL9;CXCL10;CLCF1;CXCL11;CXCL6;IL15RA;FASLG;CXCL13;CXCR3;IFNE;ACVR1;IL6R;CCL4;CD40LG;EBI3;TNFSF8;CCL1;IL6;TNF;TNFRSF14;LTA;CCR8;CD40;CXCL17;NGF;IL18RAP;BMP4;IL19;CCL7;IL23A;CD4;TNFRSF8;TNFSF18;CD27;CCL20;TNFSF9;CCL8;FAS;TSLP;CCL3;IL17RA;IL1RN;XCL1;TNFSF4;LIFR;IL12B;CXCR6;CXCL3;CCL26;IL31RA;IL11;IL1B;CNTF;TNFSF13;IL17C;TNFSF13B;IFNG;XCL2,True
prerank,Neutrophil extracellular trap formation,0.6085737667672039,2.312894532743036,0.0,0.0,0.0,47/99,12.28%,CLEC7A;GSDMD;PPIF;FPR3;PIK3CD;PLCB3;HDAC1;MAPK11;SELP;ITGB2;ACTB;NFKB1;ITGAM;CYBA;AKT1;SELPLG;SLC25A5;PLCB2;CAMP;ITGAL;PLCG2;VDAC1;RAC2;RELA;SYK;NCF2;CASP4;TLR2;SRC;SIGLEC9;MAPK3;FCGR2A;PLCG1;MAP2K2;VWF;VDAC2;HDAC3;FPR1;AKT2;ATG7;PIK3R3;RAC1;C5AR1;HAT1;MTOR;MAP2K1;VDAC3,False
prerank,Epithelial cell signaling in Helicobacter pylori infection,0.6391300863838115,2.3036513832313243,0.0,0.0,0.0,38/68,17.96%,LYN;MAP3K14;HBEGF;CXCL8;CXCL1;ATP6V0D1;TCIRG1;CXCR1;MAPK11;NFKB1;ATP6V1B2;CSK;PLCG2;ATP6V1C2;RELA;JUN;PAK1;NFKBIA;CCL5;SRC;CXCL2;IKBKG;ADAM17;IKBKB;ATP6V0B;PLCG1;NOD1;CHUK;RAC1;MAPK8;ATP6V1D;CXCL3;ATP6V1C1;ATP6V1G1;ATP6V0E1;ATP6V1A;ATP6V0A1;TJP1,False
prerank,Pathogenic Escherichia coli infection,0.5589334860175161,2.2944957983499563,0.0,0.0,0.0,101/188,19.18%,TNFRSF10B;ARPC1B;MYO1E;BAX;TUBB6;TNFSF10;CXCL8;TNFRSF10A;MYH9;MYO1G;MYO10;MYD88;NFKBIB;MYO1C;TRAF2;GAPDH;IRAK1;ARHGEF1;TNFRSF1A;MAPK11;TUBA1C;HCLS1;ACTB;NFKB1;ARPC5L;MYO5A;ACTR3C;MYO1B;SLC9A3R1;BAK1;PYCARD;RELA;CASP7;JUN;NCKAP1L;CASP4;PAK1;NFKBIA;SEC24D;SRC;CASP8;TRADD;ARPC4;CYTH2;CYTH4;CTTN;MYO1F;CYTH1;ABCF2;NCK2;NLRP3;CYCS;TUBB2A;GNA12;SEC24C;MAPK3;RAB1A;IKBKG;FASLG;IKBKB;IL6;TNF;FCGR2A;BAIAP2;ARPC3;ARPC2;CYFIP1;NCL;ACTR2;CHUK;RAC1;CASP9;MAPK8;TUBA1B;CYFIP2;ARPC1A;ARHGEF2;EZR;FAS;LPAR5;IRAK4;LPAR2;CLDN14;TUBB2B;NAIP;RHOA;TUBA4A;ACTG1;PAK2;IL1B;PTPN6;ROCK2;MYO1D;CLDN17;TUBB;TJP1;ARPC5;SEC24A;CLDN7;ACTR3;FADD,False
prerank,B cell receptor signaling pathway,0.6258866921613205,2.274360494105957,0.0,0.0,0.0,41/77,16.91%,LYN;NFKBIE;NFKBIB;IFITM1;PIK3CD;NFKB1;AKT1;HRAS;PLCG2;RAC2;RELA;BLNK;JUN;SYK;NFKBIA;LILRB2;CARD11;GRB2;VAV1;MAPK3;IKBKG;IKBKB;NFATC1;VAV2;MAP2K2;BCL10;LILRB4;AKT2;PIK3R3;CHUK;RAC1;LILRB1;MAP2K1;INPP5D;RASGRP3;BTK;LILRA1;PTPN6;LILRA5;LILRA6;NFATC3,False
prerank,Primary immunodeficiency,0.7247606160744126,2.250857298081999,0.0,0.0,0.0,19/33,10.60%,TAP2;JAK3;ICOS;IL2RG;TAP1;IL7R;LCK;PTPRC;CIITA;CD3D;CD3E;RFX5;BLNK;CD8A;IKBKG;CD40LG;CD40;ZAP70;CD4,False
prerank,Pertussis,0.6223035088871729,2.2432244973020508,0.0,0.0,0.0,40/73,17.31%,IRF1;CXCL8;MYD88;IRAK1;IRF8;MAPK11;ITGB2;NFKB1;ITGAM;CFL1;GNAI2;PYCARD;RELA;CALM1;CASP7;JUN;IL10;NLRP3;IRF3;MAPK3;CXCL6;IL6;TNF;NOD1;CALML5;MAPK8;IL23A;TICAM1;C1QC;C1R;CALML3;IRAK4;C1QB;LY96;IL12B;RHOA;C2;IL1B;C1S;CALML4,False
prerank,Phagosome,0.5599545685908442,2.2334394123193086,0.0,0.0,0.0,71/140,17.64%,CLEC7A;TAP2;TUBB6;CTSL;TAP1;ATP6V0D1;TCIRG1;HGS;TUBA1C;SEC61A1;CD36;ITGB2;ACTB;ITGAM;CYBA;ATP6V1B2;CALR;ATP6V1C2;THBS1;NCF2;HLA-DRA;HLA-DPB1;HLA-DMA;HLA-DMB;COMP;TLR2;HLA-DPA1;CORO1A;TUBB2A;RAB7A;FCGR2A;ATP6V0B;HLA-B;MSR1;HLA-F;SEC61B;HLA-DRB1;ITGAV;RAC1;SEC61G;TUBA1B;CD209;THBS2;RAB5A;HLA-A;M6PR;C1R;HLA-E;CTSS;TUBB2B;ATP6V1D;HLA-C;HLA-DQA1;ATP6V1C1;FCAR;OLR1;FCGR3A;RILP;TUBA4A;ACTG1;ATP6V1G1;ATP6V0E1;ATP6V1A;STX12;DYNC1LI2;NCF1;ATP6V0A1;CANX;TUBB;FCGR1A;VAMP3,False
prerank,Central carbon metabolism in cancer,0.6175307257225964,2.23062604342515,0.0,0.0,0.0,30/68,11.97%,SCO2;PKM;NTRK1;LDHA;SLC1A5;PIK3CD;TIGAR;PFKP;SLC16A3;AKT1;PGAM1;HK2;RET;HRAS;SLC7A5;MAPK3;MYC;SIRT6;MAP2K2;HK3;AKT2;HIF1A;PIK3R3;IDH2;PFKL;SLC2A1;FLT3;MTOR;LDHAL6B;MAP2K1,False
prerank,Cellular senescence,0.5484452986090227,2.229045589614994,0.0,0.0,0.0,70/150,15.72%,SERPINE1;E2F3;MYBL2;CAPN2;CXCL8;FOXM1;CCNB1;EIF4EBP1;TGFB1;CCND3;TGFBR1;CCND2;CCNB2;PIK3CD;ETS1;CAPN1;MAPK11;MAPKAPK2;CDC25A;E2F4;NFKB1;TRAF3IP2;RB1;AKT1;SLC25A5;CCNE1;HRAS;RRAS2;VDAC1;CDKN1A;RELA;CALM1;CDK1;CCNA2;IGFBP3;PPP1CA;CCNE2;MAPK3;MYC;E2F1;NFATC1;IL6;HLA-B;MAP2K3;MAP2K2;CHEK1;GADD45G;HIPK2;CDK2;VDAC2;HLA-F;CALML5;AKT2;FBXW11;PIK3R3;CHEK2;CDKN2A;HLA-A;MTOR;MAP2K1;CALML3;VDAC3;HLA-E;RRAS;E2F2;HLA-C;RBL1;ATR;GADD45A;RAD9A,False
prerank,Parkinson disease,0.5339624571104118,2.2161357489467135,0.0,0.0,0.0,124/209,24.42%,BAX;TUBB6;PPIF;ATF4;UBE2L6;UBE2J2;TUBA1C;UBA1;MAOB;TXN;PSMD11;SLC25A5;GNAI2;PSMC4;MFN1;PSMD2;VDAC1;PSMA3;PSMD6;CALM1;PSMA5;PSMA4;UBA7;XBP1;PSMD1;PSMB3;CYCS;TUBB2A;PSMA7;GPR37;ADRM1;PLCG1;NDUFB9;UQCRC1;HTRA2;HSPA5;DAXX;COX5A;VDAC2;UBE2G1;PSMC5;UBE2L3;CALML5;NDUFA9;NDUFV1;NDUFS6;PSMB5;PSMB6;PSMD3;PARK7;PSMB1;CASP9;PSMB2;PSMD9;MAPK8;TUBA1B;CYC1;PSMD13;NDUFS8;UBE2J1;PSMA6;PSMC6;TRAP1;PSMA1;UBB;CALML3;VDAC3;UBE2G2;PSMB4;PSMD7;NDUFAB1;PSMC1;PSMC3;TUBB2B;NDUFB8;COX6A1;NDUFB4;UQCRFS1;COX8A;NDUFB10;KLC2;EIF2S1;UQCRQ;SDHB;TUBA4A;COX7B;NDUFA1;PSMB7;UQCRH;NDUFS2;CALML4;TUBB;PSMD12;NDUFA8;PSMD4;COX6C;PSMD8;NDUFB6;NDUFB3;DUSP1;NDUFS3;ERN1;NDUFB1;UQCRC2;PSMC2;NDUFA11;COX6B1;COX7A2;PSMD14;NDUFA6;TUBB3;KIF5C;NDUFB11;UQCR11;COX5B;COX6B2;NDUFA4;NDUFA10;CALM2;KIF5B;UQCR10;NDUFS5;ADCY5;CAMK2G,False
prerank,Yersinia infection,0.5603170735534831,2.210864936797327,0.0,0.0,0.0,61/132,12.65%,ARPC1B;CXCL8;BCAR1;LIMK1;MYD88;CCL2;TRAF2;PIK3CD;IRAK1;ARHGEF1;MAPK11;LCK;RPS6KA1;ACTB;NFKB1;AKT1;ARPC5L;LCP2;ACTR3C;RHOG;PYCARD;RAC2;RELA;JUN;NFKBIA;IL10;SRC;ARPC4;NLRP3;IRF3;VAV1;MAPK3;CD8A;IKBKG;IKBKB;NFATC1;IL6;TNF;FCGR2A;BAIAP2;PLCG1;MAP2K3;VAV2;MAP2K2;ARPC3;ARPC2;WAS;ZAP70;ITGA4;AKT2;ACTR2;PIK3R3;CHUK;RAC1;MAPK8;CD4;TICAM1;ARPC1A;MAP2K1;CRK;IRAK4,False
prerank,Intestinal immune network for IgA production,0.6794671110475635,2.208790552722102,0.0,0.0,0.0,25/40,16.52%,MAP3K14;CXCR4;ICOS;LTBR;TGFB1;CD28;CD80;HLA-DRA;HLA-DPB1;HLA-DMA;IL10;HLA-DMB;IL15;HLA-DPA1;IL15RA;CD40LG;IL6;CD40;HLA-DRB1;ITGA4;ITGB7;CD86;HLA-DQA1;TNFSF13;TNFSF13B,True
prerank,Cell cycle,0.5688548783095396,2.2085762332724186,0.0,0.0,0.0,69/123,16.17%,CDC25B;E2F3;ANAPC7;SFN;CCNB1;PKMYT1;TGFB1;CCND3;CCND2;CCNB2;CDC45;YWHAH;HDAC1;CDC20;CDC25A;E2F4;TFDP1;PTTG1;RB1;CDC6;CCNE1;MAD2L2;MCM5;CDKN1A;MCM7;YWHAG;BUB1;CDK1;ZBTB17;CCNA2;ORC1;YWHAQ;PLK1;CCNE2;PCNA;CUL1;FZR1;BUB1B;ESPL1;YWHAZ;MYC;E2F1;ANAPC5;CDC25C;CHEK1;GADD45G;CDK2;TTK;MCM6;MCM4;MCM2;ORC6;CDKN2D;DBF4;CHEK2;MAD2L1;CDKN2A;MCM3;CDK7;PRKDC;E2F2;ANAPC2;RBL1;ATR;GADD45A;CDC14B;CDC7;ANAPC11;ANAPC1,False
prerank,Vibrio cholerae infection,0.6661928523742822,2.203745528791194,0.0,0.0,0.0,26/47,17.96%,TJP2;ATP6V0D1;ERO1A;TCIRG1;SEC61A1;ACTB;ADCY3;ATP6V1B2;PLCG2;ATP6V1C2;PDIA4;ADCY9;ATP6V0B;PLCG1;SEC61B;SEC61G;ATP6V1D;ATP6V1C1;ACTG1;ATP6V1G1;KDELR1;ATP6V0E1;KCNQ1;ATP6V1A;ATP6V0A1;TJP1,False
prerank,Autoimmune thyroid disease,0.6963205345952774,2.1868146796434784,0.0,0.0,0.0,23/35,14.87%,GZMB;CTLA4;CD28;CD80;HLA-DRA;HLA-DPB1;HLA-DMA;IL10;HLA-DMB;HLA-DPA1;FASLG;CD40LG;HLA-B;CD40;HLA-F;HLA-DRB1;PRF1;HLA-A;FAS;HLA-E;HLA-C;CD86;HLA-DQA1,True
prerank,Fc epsilon RI signaling pathway,0.6206710265101149,2.1855593684197197,0.0,0.0,0.0,32/65,13.91%,PLA2G4E;LYN;IL13;PLA2G4D;PIK3CD;MAPK11;AKT1;ALOX5AP;LCP2;HRAS;PLCG2;RAC2;SYK;CSF2;FCER1G;GRB2;VAV1;MAPK3;TNF;PLCG1;MAP2K3;VAV2;MAP2K2;PLA2G4B;AKT2;PIK3R3;RAC1;MAPK8;MAP2K1;INPP5D;PLA2G4F;BTK,False
prerank,Graft-versus-host disease,0.7121423996031007,2.176117490433286,0.0,0.0,0.0,29/32,23.45%,GZMB;CD28;CD80;HLA-DRA;HLA-DPB1;HLA-DMA;HLA-DMB;HLA-DPA1;FASLG;IL6;TNF;HLA-B;HLA-F;HLA-DRB1;PRF1;HLA-A;FAS;HLA-E;HLA-C;CD86;HLA-DQA1;IL1B;IFNG;KLRC1;HLA-DOB;HLA-DOA;HLA-DQB1;HLA-DQA2;HLA-DRB5,False
prerank,JAK-STAT signaling pathway,0.5438637873212482,2.151341522634717,0.0,0.0,0.0,57/132,10.43%,SOCS3;IL4R;OSMR;STAT3;CISH;IL12RB2;CSF2RB;IL27RA;JAK3;IL20;IL13;IL2RA;IFNGR2;SOCS1;IL2RG;IL13RA1;CCND3;CCND2;IL7R;PIK3CD;IL12RB1;IL10RA;PTPN2;IL13RA2;AKT1;MCL1;IL22;IRF9;STAT2;OSM;HRAS;IFNAR2;IFNGR1;IL24;CDKN1A;PIM1;CSF2;STAT1;TYK2;IL10;IL21R;IL15;GRB2;IL15RA;IFNE;IL6R;MYC;IL22RA2;IL6;STAT4;STAT5A;AKT2;IL19;STAM;PIK3R3;SOCS2;IL23A,False
prerank,Salmonella infection,0.5090342112716248,2.135305379378907,0.0,0.0,0.0,105/241,16.31%,TNFRSF10B;ARPC1B;BIRC3;GSDMD;BAX;TUBB6;TNFSF10;CXCL8;FLNA;TNFRSF10A;MLKL;MYD88;TRAF2;PIK3CD;PLEKHM2;GAPDH;IRAK1;TNFRSF1A;MAPK11;DNM2;TUBA1C;FHOD1;PTPRC;RIPK3;PFN1;ACTB;NFKB1;TXN;AKT1;ARPC5L;S100A10;ACTR3C;HRAS;RHOG;BAK1;PYCARD;RELA;FLNB;CASP7;JUN;NCKAP1L;CASP4;PAK1;NFKBIA;TLR2;RHOH;CASP8;TRADD;ARPC4;CYTH2;CYTH4;CYTH1;NLRP3;CYCS;TUBB2A;MAPK3;PIK3CG;IKBKG;RAB7A;DYNLT3;IKBKB;MYC;IL6;TNF;MAP2K3;MAP2K2;NOD1;ACTR1A;ARPC3;ARPC2;CYFIP1;AKT2;VPS16;HSP90B1;ACTR2;CHUK;RAC1;DYNLT1;MAPK8;TUBA1B;EXOC7;STX10;DYNLL1;RAB5A;CYFIP2;ARPC1A;M6PR;BIRC2;MAP2K1;IRAK4;LY96;RRAS;VPS18;TUBB2B;NAIP;RHOA;DCTN5;KLC2;RILP;TUBA4A;ACTG1;IL1B;EXOC2;MYL12A;ROCK2,False
prerank,Oxidative phosphorylation,0.5636490044880875,2.124729195365462,0.0,0.0,0.0,65/98,28.75%,ATP6V0D1;TCIRG1;ATP6V1B2;ATP12A;COX10;ATP6V1C2;ATP6V0B;NDUFB9;UQCRC1;COX5A;NDUFA9;NDUFV1;NDUFS6;CYC1;NDUFS8;NDUFAB1;PPA1;ATP6V1D;NDUFB8;COX6A1;NDUFB4;UQCRFS1;COX8A;NDUFB10;ATP6V1C1;UQCRQ;SDHB;COX7B;ATP6V1G1;ATP6V0E1;NDUFA1;ATP6V1A;UQCRH;NDUFS2;COX17;ATP6V0A1;NDUFA8;COX6C;NDUFB6;NDUFB3;NDUFS3;NDUFB1;UQCRC2;NDUFA11;COX6B1;COX7A2;NDUFA6;ATP6V0A2;NDUFB11;UQCR11;COX5B;ATP6AP1;COX6B2;NDUFA4;NDUFA10;UQCR10;NDUFS5;NDUFS7;NDUFA3;NDUFB2;NDUFC1;COX7C;NDUFB7;SDHD;NDUFV3,False
prerank,Inflammatory bowel disease,0.6154412572387186,2.1231034123645034,0.0,0.0,0.0,30/60,8.92%,NOD2;IL4R;STAT3;IL12RB2;IL13;IFNGR2;IL2RG;TGFB1;IL12RB1;NFKB1;IL22;FOXP3;IFNGR1;RELA;JUN;STAT1;HLA-DRA;HLA-DPB1;HLA-DMA;IL10;HLA-DMB;TLR2;IL21R;HLA-DPA1;NFATC1;IL6;TNF;STAT4;IL18RAP;HLA-DRB1,True
prerank,Legionellosis,0.6238571821036533,2.1168652386721925,0.0,0.0,0.0,28/55,15.80%,NFKB2;CXCL8;CXCL1;MYD88;VCP;ITGB2;NFKB1;ITGAM;PYCARD;RELA;CASP7;NFKBIA;HSPA8;TLR2;CASP8;CXCL2;HSPA6;CYCS;RAB1A;IL6;TNF;CASP9;NAIP;IL12B;HSPD1;CXCL3;IL1B;HSF1,False
prerank,Hepatitis C,0.5251790272370065,2.105062649357281,0.0,0.0,0.0,65/140,13.08%,SOCS3;IRF7;STAT3;E2F3;TRAF3;BAX;OAS1;LDLR;OAS3;TRAF2;PIK3CD;TNFRSF1A;MX1;YWHAH;NFKB1;OAS2;RB1;AKT1;IRF9;STAT2;DDX58;HRAS;PSME3;IFNAR2;BAK1;MX2;CDKN1A;RELA;YWHAG;STAT1;TYK2;BID;NFKBIA;CASP8;TRADD;YWHAQ;CXCL10;CYCS;GRB2;IRF3;MAPK3;IKBKG;FASLG;IKBKB;YWHAZ;MYC;E2F1;TNF;MAP2K2;CDK2;ARAF;RSAD2;PPP2R2D;AKT2;IKBKE;PIK3R3;CHUK;CASP9;TICAM1;IFIT1;MAP2K1;PPP2R2C;FAS;PPP2R1B;CLDN14,False
prerank,Natural killer cell mediated cytotoxicity,0.6295871914433578,2.3444145824353613,0.0,0.0,0.0,52/100,12.61%,TNFRSF10B;SHC1;TNFSF10;TNFRSF10A;IFNGR2;ULBP2;RAET1L;PIK3CD;GZMB;LCK;ITGB2;SH2D1A;CD247;ICAM1;LCP2;ITGAL;HRAS;PLCG2;IFNAR2;IFNGR1;RAET1G;RAC2;SYK;CSF2;BID;PAK1;FCER1G;GRB2;CD48;VAV1;MAPK3;MICB;FASLG;NFATC1;TNF;PLCG1;HLA-B;VAV2;MAP2K2;CD244;ARAF;TYROBP;ZAP70;PRF1;PIK3R3;ULBP1;RAC1;HLA-A;ULBP3;MAP2K1;FAS;HLA-E,False
prerank,Toxoplasmosis,0.6103169442797767,2.3521144251218664,0.0,0.0,0.0,55/110,12.72%,STAT3;BIRC3;LDLR;PPIF;IFNGR2;SOCS1;MYD88;CCR5;TGFB1;NFKBIB;IRAK1;TNFRSF1A;PIK3R5;MAPK11;IL10RA;ITGA6;CIITA;NFKB1;AKT1;GNAI2;IFNGR1;RELA;STAT1;TYK2;HLA-DRA;HLA-DPB1;NFKBIA;HSPA8;HLA-DMA;IL10;HLA-DMB;TLR2;CASP8;HLA-DPA1;HSPA6;CYCS;MAPK3;PIK3CG;IKBKG;IKBKB;CD40LG;TNF;GNAO1;MAP2K3;CD40;LAMB3;HLA-DRB1;AKT2;CHUK;CASP9;MAPK8;BIRC2;LAMA4;IRAK4;LY96,False
prerank,Th1 and Th2 cell differentiation,0.6155949102148015,2.308147552570829,0.0,0.0,0.0,42/86,10.60%,IL4R;IL12RB2;JAK3;IL13;NFKBIE;IL2RA;IFNGR2;IL2RG;NFKBIB;MAPK11;LCK;IL12RB1;NFKB1;CD247;CD3D;CD3E;CD3G;PRKCQ;IFNGR1;RELA;JUN;STAT1;RUNX3;TYK2;HLA-DRA;HLA-DPB1;NFKBIA;HLA-DMA;HLA-DMB;HLA-DPA1;MAPK3;IKBKG;IKBKB;NFATC1;PLCG1;STAT4;STAT5A;ZAP70;HLA-DRB1;CHUK;MAPK8;CD4,True
prerank,Toll-like receptor signaling pathway,0.636338312337002,2.364669404315186,0.0,0.0,0.0,47/85,16.22%,IRF7;TRAF3;CXCL8;MYD88;PIK3CD;IRAK1;MAPK11;NFKB1;AKT1;CD80;IFNAR2;RELA;JUN;STAT1;NFKBIA;CCL5;TLR2;CASP8;CXCL9;CXCL10;IRF3;MAPK3;CXCL11;IKBKG;IKBKB;CCL4;IL6;TNF;MAP2K3;MAP2K2;CD40;AKT2;IKBKE;PIK3R3;CHUK;TLR1;RAC1;MAPK8;TICAM1;MAP2K1;IRAK4;LY96;CCL3;IL12B;CD86;IL1B;TLR8,False
prerank,Influenza A,0.6882627589035006,2.7602261696583836,0.0,0.0,0.0,93/149,15.75%,SOCS3;TNFRSF10B;TMPRSS4;IRF7;KPNA2;NLRX1;TRAF3;PRSS3;BAX;OAS1;TNFSF10;CXCL8;TMPRSS11D;OAS3;TNFRSF10A;IFNGR2;IFIH1;MYD88;CCL2;NFKBIB;CCND3;PML;PIK3CD;TNFRSF1A;MX1;TRIM25;CIITA;ACTB;NFKB1;OAS2;AKT1;ADAR;SLC25A5;ICAM1;IRF9;STAT2;DDX58;VDAC1;IFNAR2;IFNGR1;BAK1;PYCARD;MX2;RELA;STAT1;TYK2;HLA-DRA;BID;HLA-DPB1;NFKBIA;HLA-DMA;HLA-DMB;CCL5;CASP8;TRADD;HLA-DPA1;NXF1;CXCL10;NLRP3;CYCS;IRF3;MAPK3;RAE1;IKBKG;FASLG;IKBKB;IL6;TNF;CPSF4;MAP2K2;RSAD2;PABPN1;HLA-DRB1;AKT2;IKBKE;NXT1;PIK3R3;CHUK;BCL2L2-PABPN1;CASP9;TICAM1;MAP2K1;FAS;IRAK4;DNAJB1;NUP98;DNAJC3;IL12B;HLA-DQA1;EIF2S1;ACTG1;EIF2AK2;IL1B,False
prerank,IL-17 signaling pathway,0.7121535771527724,2.6498897183948866,0.0,0.0,0.0,59/91,16.60%,FOSL1;S100A7;S100A8;S100A9;MMP1;S100A7A;TRAF3;DEFB4A;CXCL8;IL13;MAPK6;CXCL1;CCL2;TRAF2;MMP9;TRAF4;MAPK11;LCN2;CCL17;NFKB1;TRAF3IP2;MMP3;DEFB4B;RELA;JUN;CSF2;NFKBIA;CASP8;TRADD;FOSB;CXCL2;CXCL10;TNFAIP3;MAPK3;CXCL6;SRSF1;IKBKG;IKBKB;PTGS2;IL6;TNF;ANAPC5;MAPK7;IKBKE;HSP90B1;CHUK;MMP13;CCL7;CEBPB;MAPK8;TRAF5;CCL20;IL17RA;CXCL3;JUND;ELAVL1;IL1B;IL17C;IFNG,False
prerank,Human T-cell leukemia virus 1 infection,0.6296373785988895,2.6203865171254295,0.0,0.0,0.0,112/209,16.17%,FOSL1;NFKB2;RELB;MAP3K14;E2F3;BAX;ANAPC7;JAK3;ZFP36;IL2RA;IL2RG;LTBR;TGFB1;CCND3;ATF4;TGFBR1;CCND2;CCNB2;PIK3CD;ETS1;TNFRSF1A;POLB;LCK;ETS2;CDC20;ITGB2;NFKB1;PTTG1;RB1;AKT1;ADCY3;CD3D;SLC25A5;ICAM1;CD3E;CD3G;CCNE1;CALR;ITGAL;HRAS;VDAC1;ADCY7;CDKN1A;RELA;JUN;CSF2;HLA-DRA;HLA-DPB1;NFKBIA;HLA-DMA;HLA-DMB;CCNA2;SRF;IL15;HLA-DPA1;MSX2;CCNE2;MAPK3;BUB1B;IL15RA;ESPL1;SPI1;RANBP3;IKBKG;ADCY9;VAC14;RAN;IKBKB;MYC;E2F1;NFATC1;IL6;TNF;ANAPC5;HLA-B;LTA;MAP2K2;CHEK1;CD40;CDK2;VDAC2;HLA-F;STAT5A;HLA-DRB1;AKT2;RANBP1;B2M;PIK3R3;CHUK;CHEK2;MAD2L1;MAPK8;CDKN2A;SLC2A1;CD4;HLA-A;MAP2K1;VDAC3;HLA-E;MAP3K3;E2F2;ANAPC2;ELK1;CRTC2;HLA-C;TCF3;HLA-DQA1;ATR;ADCY4;ANAPC11;ATF6B;ANAPC1,False
prerank,Proteasome,0.7941735284323932,2.615088684769247,0.0,0.0,0.0,41/43,19.08%,PSME2;PSMB10;PSMB8;PSMD11;PSMB9;PSMC4;PSMD2;PSME3;PSME1;PSMA3;PSMD6;PSMA5;PSMA4;PSMD1;PSMB3;PSME4;PSMA7;ADRM1;PSMC5;POMP;PSMB5;PSMB6;PSMD3;PSMB1;PSMB2;PSMD9;PSMD13;PSMA6;PSMC6;PSMA1;PSMB4;PSMD7;PSMC1;PSMC3;IFNG;PSMB7;PSMD12;PSMD4;PSMD8;PSMF1;PSMC2,False
prerank,C-type lectin receptor signaling pathway,0.6803997980569105,2.565695252049936,0.0,0.0,0.0,50/100,10.43%,CLEC7A;IRF1;NFKB2;RELB;MAP3K14;CCL22;BCL3;CYLD;PIK3CD;MAPK11;MAPKAPK2;CCL17;NFKB1;AKT1;IRF9;STAT2;HRAS;RRAS2;PLCG2;PYCARD;RELA;CALM1;JUN;SYK;STAT1;PAK1;NFKBIA;IL10;SRC;CASP8;CARD9;FCER1G;NLRP3;MAPK3;IKBKG;IKBKB;NFATC1;PTGS2;IL6;TNF;BCL10;PLK3;CALML5;AKT2;IKBKE;PIK3R3;CHUK;MAPK8;CD209;IL23A,False
prerank,NF-kappa B signaling pathway,0.6715265637760114,2.551081665955513,0.0,0.0,0.0,59/99,12.72%,NFKB2;RELB;LYN;MAP3K14;TRAF3;BIRC3;CXCL8;CXCL1;CCL13;CYLD;MYD88;LTBR;TRAF2;PLAU;IRAK1;TNFRSF1A;CCL19;LCK;VCAM1;TRIM25;LTB;NFKB1;ICAM1;PRKCQ;DDX58;PLCG2;TNFSF11;TNFSF14;CARD14;RELA;BLNK;SYK;NFKBIA;BCL2A1;CARD11;TRADD;CXCL2;TRAF1;TNFAIP3;IKBKG;IKBKB;CCL4;CD40LG;PTGS2;TNF;PLCG1;LTA;GADD45G;BCL10;CD40;ZAP70;CHUK;CARD10;TICAM1;TRAF5;BIRC2;PARP1;IRAK4;LY96,False
prerank,TNF signaling pathway,0.6720744344524153,2.54744621075525,0.0,0.0,0.0,62/109,12.31%,NOD2;SOCS3;IRF1;RPS6KA4;SELE;MAP3K14;TRAF3;BIRC3;BCL3;CSF1;CXCL1;MLKL;CCL2;ATF4;TRAF2;PIK3CD;MMP9;TNFRSF1A;MAPK11;VCAM1;RIPK3;TNFRSF1B;NFKB1;AKT1;ICAM1;MMP3;JUNB;PGAM5;CASP10;RELA;CASP7;JUN;CSF2;NFKBIA;CCL5;CASP8;TRADD;IL15;CXCL2;TRAF1;CXCL10;TNFAIP3;MAPK3;CXCL6;IKBKG;IKBKB;PTGS2;IL6;TNF;LTA;MAP2K3;AKT2;DNM1L;PIK3R3;CHUK;CEBPB;MAPK8;TRAF5;BIRC2;CCL20;MAP2K1;FAS,False
prerank,Hepatitis B,0.5841602741613648,2.3582261729815874,0.0,0.0,0.0,70/146,12.65%,IRF7;STAT3;E2F3;TRAF3;BAX;JAK3;CXCL8;IFIH1;MYD88;TGFB1;ATF4;TGFBR1;PIK3CD;MMP9;IRAK1;MAPK11;NFKB1;RB1;AKT1;STAT2;CCNE1;CASP10;DDX58;HRAS;BIRC5;CDKN1A;RELA;JUN;STAT1;TYK2;BID;NFKBIA;CCNA2;TLR2;SRC;CASP8;YWHAQ;CYCS;GRB2;CCNE2;PCNA;IRF3;MAPK3;IKBKG;FASLG;IKBKB;YWHAZ;MYC;E2F1;NFATC1;IL6;TNF;MAP2K3;MAP2K2;STAT4;CDK2;ARAF;STAT5A;AKT2;IKBKE;PIK3R3;CHUK;CASP9;MAPK8;TICAM1;DDX3X;MAP2K1;VDAC3;FAS;IRAK4,False
prerank,Kaposi sarcoma-associated herpesvirus infection,0.6152745706067272,2.532926109151636,0.0,0.0,0.0,90/174,14.72%,IRF7;STAT3;LYN;E2F3;TRAF3;BAX;CXCL8;ZFP36;CXCL1;CCR5;VEGFA;TRAF2;PIK3CD;TNFRSF1A;CCR4;PIK3R5;MAPK11;MAPKAPK2;NFKB1;RB1;AKT1;CD200R1;ICAM1;GNB5;CCR1;IRF9;STAT2;HRAS;PLCG2;IFNAR2;IFNGR1;BAK1;CDKN1A;RELA;CALM1;JUN;SYK;CSF2;STAT1;TYK2;BID;NFKBIA;SRC;CASP8;TRADD;CXCL2;CYCS;IRF3;MAPK3;PIK3CG;MICB;IKBKG;IKBKB;MYC;E2F1;NFATC1;PTGS2;IL6;PLCG1;HLA-B;MAP2K2;CCR8;HLA-F;CALML5;AKT2;HIF1A;IKBKE;BECN1;PIK3R3;CHUK;GNG4;HCK;RAC1;PREX1;CASP9;MAPK8;HLA-A;TICAM1;MTOR;UBB;MAP2K1;CALML3;FAS;HLA-E;GNG2;RCAN1;E2F2;HLA-C;CXCL3;CD86,False
prerank,Rheumatoid arthritis,0.6865567698203396,2.526210820772038,0.0,0.0,0.0,56/86,17.30%,MMP1;ACP5;CXCL8;CTSL;CSF1;CXCL1;CCL2;ATP6V0D1;TGFB1;VEGFA;TCIRG1;CTLA4;CD28;LTB;ITGB2;ICAM1;MMP3;ATP6V1B2;CD80;ITGAL;ATP6V1C2;TNFSF11;JUN;CSF2;HLA-DRA;HLA-DPB1;HLA-DMA;HLA-DMB;CCL5;TLR2;IL15;HLA-DPA1;CXCL2;CXCL6;IL6;TNF;ATP6V0B;FLT1;HLA-DRB1;IL23A;CCL20;CCL3;ATP6V1D;CXCL3;CD86;HLA-DQA1;ATP6V1C1;ATP6V1G1;IL11;ATP6V0E1;IL1B;ATP6V1A;TNFSF13;TNFSF13B;IFNG;ATP6V0A1,False
prerank,Osteoclast differentiation,0.6379906667263356,2.4916644619479795,0.0,0.0,0.0,59/124,10.95%,SOCS3;FOSL1;NFKB2;RELB;ACP5;MAP3K14;CSF1;IFNGR2;SOCS1;CYLD;TGFB1;TGFBR1;TRAF2;PIK3CD;TNFRSF1A;MAPK11;LCK;NFKB1;CYBA;AKT1;TNFRSF11B;JUNB;LCP2;IRF9;STAT2;PLCG2;IFNAR2;IFNGR1;TNFSF11;RELA;BLNK;CAMK4;JUN;SYK;STAT1;NCF2;TYK2;NFKBIA;LILRB2;FOSB;GRB2;MAPK3;SPI1;FHL2;IKBKG;IKBKB;NFATC1;TNF;FCGR2A;SIRPG;LILRB4;TYROBP;AKT2;PIK3R3;CHUK;RAC1;SIRPA;MAPK8;LILRB1,False
prerank,T cell receptor signaling pathway,0.659115249791804,2.4682188875190425,0.0,0.0,0.0,53/98,12.05%,MAP3K14;ICOS;ITK;NFKBIE;NFKBIB;PIK3CD;CTLA4;CD28;RASGRP1;MAPK11;LCK;PTPRC;NFKB1;AKT1;CD247;CD3D;CD3E;CD3G;PRKCQ;LCP2;HRAS;RELA;JUN;CSF2;GRAP2;PAK1;NFKBIA;IL10;CARD11;NCK2;PDCD1;GRB2;VAV1;MAPK3;CD8A;IKBKG;IKBKB;NFATC1;CD40LG;TNF;PLCG1;VAV2;MAP2K2;BCL10;PAK4;ZAP70;AKT2;PIK3R3;CHUK;MAPK8;CD4;MAP2K1;PAK6,False
prerank,Apoptosis,0.619963103822382,2.465471875546549,0.0,0.0,0.0,70/137,12.75%,CTSC;TNFRSF10B;MAP3K14;CSF2RB;BIRC3;CAPN2;BAX;CTSB;TNFSF10;NTRK1;CTSL;TNFRSF10A;ATF4;TRAF2;PIK3CD;GZMB;CAPN1;TNFRSF1A;CTSZ;TUBA1C;LMNB2;ACTB;NFKB1;AKT1;MCL1;LMNB1;BCL2L11;PARP3;CASP10;HRAS;BIRC5;BAK1;RELA;CASP7;JUN;BID;NFKBIA;PARP4;BCL2A1;CASP8;TRADD;TRAF1;CYCS;LMNA;MAPK3;IKBKG;FASLG;IKBKB;CTSD;TNF;MAP2K2;GADD45G;CTSW;HTRA2;DAXX;NGF;PRF1;AKT2;BECN1;PIK3R3;CHUK;AIFM1;CASP9;MAPK8;TUBA1B;BIRC2;PARP1;MAP2K1;FAS;CTSS,False
prerank,Measles,0.6302068409396469,2.46054436990756,0.0,0.0,0.0,62/122,10.39%,IRF7;MSN;STAT3;TRAF3;BAX;OAS1;JAK3;OAS3;IL2RA;IFIH1;IL2RG;MYD88;NFKBIB;SLAMF1;CCND3;CCND2;PIK3CD;IRAK1;MX1;CD28;NFKB1;OAS2;AKT1;ADAR;CD3D;CD3E;CD3G;IRF9;STAT2;CCNE1;DDX58;IFNAR2;BAK1;MX2;RELA;JUN;STAT1;TYK2;BID;NFKBIA;HSPA8;TLR2;CASP8;TRADD;HSPA6;CYCS;CCNE2;TNFAIP3;IRF3;IKBKG;FASLG;IKBKB;IL6;CDK2;STAT5A;AKT2;IKBKE;PIK3R3;CHUK;CASP9;MAPK8;CD209,False
prerank,NOD-like receptor signaling pathway,0.6353050291240295,2.5341153517943287,0.0,0.0,0.0,79/156,12.65%,NOD2;IFI16;IRF7;NLRX1;TRAF3;BIRC3;DEFB4A;GSDMD;OAS1;CTSB;NAMPT;CXCL8;OAS3;CXCL1;TRPV2;MYD88;CCL2;NFKBIB;TRAF2;PLCB3;PANX1;AIM2;MAPK11;GBP1;RIPK3;NFKB1;CYBA;TXN;OAS2;CARD6;DEFB4B;MFN1;PLCB2;IRF9;STAT2;CAMP;VDAC1;IFNAR2;DEFB103A;PYDC1;PYCARD;GBP5;RELA;DEFB103B;JUN;STAT1;CASP4;TYK2;NFKBIA;CCL5;CASP8;CXCL2;CARD9;NLRP3;TNFAIP3;IRF3;MAPK3;IKBKG;IKBKB;IL6;TNF;RNF31;NOD1;VDAC2;GBP4;GBP3;IKBKE;DNM1L;CHUK;MAPK8;PSTPIP1;GBP2;TICAM1;DHX33;TRAF5;BIRC2;TRIP6;VDAC3;IRAK4,False
prerank,Chemokine signaling pathway,0.6003318813225936,2.4325224588137733,0.0,0.0,0.0,101/175,17.68%,STAT3;LYN;CCL18;SHC1;CCL22;CCR7;JAK3;CXCR4;CXCL8;BCAR1;ITK;CXCL1;CCL13;CCR5;CCL2;NFKBIB;PIK3CD;PLCB3;CXCR1;CCR4;PIK3R5;CCL19;CCR2;ARRB2;FGR;CCL17;NFKB1;AKT1;ADCY3;DOCK2;GNAI2;GNB5;PLCB2;CCR1;STAT2;HRAS;PLCG2;ADCY7;RASGRP2;RAC2;RELA;CXCL16;STAT1;PAK1;NFKBIA;CCL5;SRC;CXCL2;CXCL9;CXCL10;GRB2;VAV1;MAPK3;CXCL11;CXCL6;PIK3CG;IKBKG;ADCY9;CXCL13;CXCR3;IKBKB;CCL4;CCL1;PLCG1;GRK6;VAV2;CCR8;WAS;AKT2;PIK3R3;CHUK;GNG4;CCL7;HCK;RAC1;PREX1;ARRB1;CCL20;CCL8;MAP2K1;RAP1B;GRK5;CRK;CCL3;GNG2;XCL1;RHOA;TIAM1;CXCR6;CXCL3;CCL26;ADCY4;GSK3A;ROCK2;GRK4;GNGT2;XCL2;GNB2;NCF1;CCL21;GNG5,True
prerank,Chagas disease,0.643768173989782,2.4447165393695705,0.0,0.0,0.0,52/97,12.91%,SERPINE1;CXCL8;GNA15;IFNGR2;MYD88;CCL2;TGFB1;TGFBR1;PIK3CD;PLCB3;IRAK1;TNFRSF1A;MAPK11;NFKB1;AKT1;CD247;CD3D;BDKRB2;CD3E;CD3G;GNAI2;PLCB2;CALR;IFNGR1;RELA;JUN;NFKBIA;IL10;CCL5;TLR2;CASP8;MAPK3;IKBKG;FASLG;IKBKB;IL6;TNF;GNAO1;PPP2R2D;AKT2;PIK3R3;CHUK;MAPK8;GNA14;TICAM1;C1QC;PPP2R2C;FAS;IRAK4;C1QB;CCL3;PPP2R1B,False
prerank,Viral carcinogenesis,0.5924965115673588,2.3665887892618986,0.0,0.0,0.0,71/160,12.95%,IRF7;NFKB2;STAT3;LYN;PKM;TRAF3;BAX;JAK3;CCR5;LTBR;ATP6V0D1;CCND3;ATF4;TRAF2;CCND2;PIK3CD;CCR4;POLB;YWHAH;HDAC1;MAPKAPK2;CDC20;NFKB1;RB1;SCRIB;IRF9;CCNE1;HRAS;REL;BAK1;CDKN1A;RELA;ACTN1;JUN;SYK;YWHAG;CDK1;NFKBIA;CCNA2;SRC;SRF;CASP8;TRADD;SND1;YWHAQ;TRAF1;GRB2;CCNE2;IRF3;MAPK3;IKBKG;VAC14;YWHAZ;HLA-B;CHEK1;CCR8;CDK2;HDAC3;HLA-F;STAT5A;SP100;RANBP1;PIK3R3;RAC1;CDKN2A;HLA-A;DDX3X;TRAF5;VDAC3;HLA-E;PSMC1,False
prerank,Antigen processing and presentation,0.6817350563670729,2.3691572939272034,0.0,0.0,0.0,41/59,19.63%,PSME2;TAP2;TAPBP;CTSB;CTSL;TAP1;CIITA;RFX5;CALR;PSME3;PSME1;CD74;HLA-DRA;HLA-DPB1;HSPA8;HLA-DMA;HLA-DMB;HLA-DPA1;HSPA6;CD8A;TNF;HLA-B;HSPA5;PDIA3;HLA-F;LGMN;HLA-DRB1;B2M;CD4;HLA-A;HSPA4;HLA-E;CTSS;HLA-C;HLA-DQA1;IFNG;CANX;KLRC1;HLA-DOB;IFI30;HLA-DOA,False
prerank,Human cytomegalovirus infection,0.5737803489944655,2.3798550601345902,0.0,0.0,0.0,99/200,16.91%,TAP2;STAT3;TAPBP;E2F3;BAX;CXCR4;CXCL8;BCAR1;EIF4EBP1;TAP1;CCR5;CCL2;ATF4;VEGFA;TRAF2;PIK3CD;PLCB3;PTGER4;ARHGEF1;TNFRSF1A;MAPK11;IL10RA;NFKB1;RB1;AKT1;ADCY3;GNAI2;GNB5;PLCB2;CCR1;CALR;HRAS;ADCY7;RPS6KB2;BAK1;RAC2;CDKN1A;RELA;CALM1;BID;NFKBIA;CCL5;SRC;CASP8;TRADD;CYCS;GNA12;GRB2;IRF3;MAPK3;IKBKG;ADCY9;FASLG;IKBKB;IL6R;MYC;CCL4;E2F1;NFATC1;PTGS2;IL6;TNF;HLA-B;GNAO1;MAP2K2;PDIA3;HLA-F;CALML5;ITGAV;AKT2;B2M;PIK3R3;CHUK;GNG4;RAC1;CASP9;CDKN2A;HLA-A;MTOR;TRAF5;MAP2K1;CALML3;FAS;CRK;HLA-E;CCL3;GNG2;RHOA;E2F2;ELK1;HLA-C;ADCY4;IL1B;RPS6KB1;ATF6B;ROCK2;GNGT2;GNB2;NFATC3,False
prerank,Th17 cell differentiation,0.6223648496474226,2.384606693635602,0.0,0.0,0.0,53/101,11.38%,IL4R;STAT3;IL27RA;JAK3;NFKBIE;IL2RA;IFNGR2;IL2RG;TGFB1;NFKBIB;TGFBR1;MAPK11;LCK;IL12RB1;NFKB1;CD247;CD3D;CD3E;CD3G;IL22;PRKCQ;FOXP3;RARA;IFNGR1;RELA;JUN;STAT1;TYK2;HLA-DRA;HLA-DPB1;NFKBIA;HLA-DMA;HLA-DMB;IL21R;HLA-DPA1;MAPK3;IKBKG;IKBKB;IL6R;NFATC1;IL6;PLCG1;IRF4;STAT5A;ZAP70;HLA-DRB1;HIF1A;CHUK;RUNX1;MAPK8;IL23A;CD4;MTOR,False
prerank,Viral protein interaction with cytokine and cytokine receptor,0.646388628105295,2.3884210171151885,0.0,0.0,0.0,49/89,9.79%,TNFRSF10B;CCL18;CCL22;CCR7;CXCR4;IL20;TNFSF10;CXCL8;CSF1;TNFRSF10A;CXCL1;IL2RA;CCL13;IL2RG;CCR5;LTBR;CCL2;CXCR1;TNFRSF1A;CCR4;CCL19;CCR2;CCL17;IL10RA;TNFRSF1B;CCR1;IL24;TNFSF14;IL10;CCL5;CXCL2;TNFRSF10D;CXCL9;CXCL10;CXCL11;CXCL6;CXCL13;CXCR3;IL6R;CCL4;CCL1;IL6;TNF;TNFRSF14;LTA;CCR8;IL18RAP;IL19;CCL7,True
prerank,Lipid and atherosclerosis,0.5829230007478364,2.3951028318155343,0.0,0.0,0.0,94/195,15.11%,TNFRSF10B;IRF7;STAT3;LYN;MMP1;SELE;TRAF3;BAX;TNFSF10;CXCL8;LDLR;TNFRSF10A;CXCL1;MYD88;CCL2;ATF4;ERO1A;TRAF2;PIK3CD;MMP9;PLCB3;IRAK1;ARHGEF1;TNFRSF1A;MAPK11;VCAM1;SOD2;SELP;CD36;NFKB1;CYBA;AKT1;ICAM1;MMP3;PLCB2;HRAS;PYCARD;RELA;CALM1;CASP7;JUN;NCF2;BID;NFKBIA;HSPA8;CCL5;XBP1;TLR2;SRC;CASP8;CXCL2;HSPA6;NLRP3;CYCS;NOS3;IRF3;VAV1;MAPK3;IKBKG;FASLG;IKBKB;NFATC1;CD40LG;IL6;TNF;PLCG1;MAP2K3;VAV2;HSPA5;CD40;CALML5;AKT2;IKBKE;HSP90B1;PIK3R3;CHUK;RAC1;CASP9;MAPK8;ABCG1;TICAM1;RAP1B;CALML3;FAS;HSPA4;IRAK4;LY96;CCL3;IL12B;HSPD1;RHOA;CXCL3;EIF2S1;OLR1,False
prerank,PD-L1 expression and PD-1 checkpoint pathway in cancer,0.6439183792984273,2.399169279405838,0.0,0.0,0.0,45/86,11.97%,CD274;STAT3;NFKBIE;IFNGR2;MYD88;NFKBIB;PIK3CD;BATF;BATF3;CD28;RASGRP1;MAPK11;LCK;NFKB1;AKT1;CD247;CD3D;CD3E;CD3G;PRKCQ;HRAS;RPS6KB2;IFNGR1;RELA;JUN;STAT1;NFKBIA;TLR2;PDCD1;MAPK3;IKBKG;IKBKB;NFATC1;PLCG1;MAP2K3;MAP2K2;ZAP70;AKT2;HIF1A;PIK3R3;CHUK;CD4;TICAM1;MTOR;MAP2K1,False
prerank,Herpes simplex virus 1 infection,-0.4960016129003444,-2.412842028739346,0.0,0.0,0.0,203/462,11.20%,ZNF677;ZNF14;ZNF790;ZNF772;ZNF486;ZNF850;ZNF417;ZNF439;ZNF347;ZNF253;ZNF615;ZNF135;ZNF418;ZNF256;ZNF383;ZNF549;ZNF606;ZNF829;ZNF766;ZFP14;ZNF107;ZNF675;ZIK1;ZNF506;ZNF420;ZNF585B;ZNF667;ZNF471;ZNF737;ZNF616;ZNF568;ZNF566;ZNF573;ZNF623;ZNF836;ZNF112;ZNF607;ZNF548;ZNF350;ZNF234;ZNF665;ZNF721;ZNF320;ZNF91;ZNF227;ZNF415;ZNF559;ZNF136;ZNF461;ZNF302;ZNF510;ZNF429;ZNF585A;ZNF85;ZNF33A;ZNF791;ZNF34;ZNF181;BCL2;ZNF528;PIK3R1;ZNF816;ZNF619;ZNF189;ZNF773;ZNF610;ZNF436;ZFP28;ZNF583;ZNF571;ZNF221;ZNF605;ZFP30;ZNF226;ZNF540;ZNF699;ZNF701;ZNF529;ZNF717;ZNF441;ZNF727;ZNF285;ZNF283;ZNF44;ZNF599;ZNF160;ZNF12;ZNF404;ZNF726;ZNF676;ZNF814;ZNF782;ZNF570;ZNF354C;ZNF33B;ZNF268;ZNF680;ZNF551;ZNF8;ZNF184;ZNF544;ZNF550;ZNF891;ZNF90;ZNF284;ZNF845;ZNF470;ZNF736;ZNF419;ZNF582;ZNF527;ZNF230;ZNF567;ZNF879;ZNF214;ZNF25;ZNF175;ZNF93;ZNF229;ZNF416;ZNF208;ZNF84;ZNF611;ZNF569;ZNF627;ZNF563;ZNF430;ZNF543;ZNF546;ZNF808;ZNF254;ZNF600;ZNF853;ZNF793;ZNF595;ZNF614;ZNF37A;ZNF813;ZNF250;ZNF432;ZNF530;ZNF577;ZNF765;ZNF140;ZNF211;ZNF519;ZNF3;ZNF433;ZNF43;ZNF761;ZNF578;ZNF225;ZNF649;ZNF492;ZNF426;ZFP37;ZNF682;ZNF658;ZNF45;ZNF273;ZFP82;ZNF442;C5;JAK2;ZNF714;ZNF841;ZNF248;TRAF6;ZNF674;ZNF780B;ZNF559-ZNF177;ZNF304;ZNF805;ZNF124;IFNAR1;ZNF425;ZNF257;PIK3CA;ZNF19;ZNF780A;ZNF235;ZNF671;ZNF132;ZNF155;ZNF251;HCFC2;ZNF83;ZNF10;ZNF730;ZNF534;ZNF334;ZNF480;TAB1;ZNF718;ZNF490;ZNF613;ZNF180;ZNF431;ZNF624;ZNF596;ZNF460;ZNF141;ZNF223,False
prerank,Necroptosis,0.6271676473817503,2.4154501937710857,0.0,0.0,0.0,62/117,17.15%,TNFRSF10B;PYGL;ALOX15;PLA2G4E;STAT3;BIRC3;CAPN2;BAX;JAK3;TNFSF10;TNFRSF10A;PLA2G4D;IFNGR2;CYLD;MLKL;TRAF2;CAPN1;TNFRSF1A;RIPK3;SLC25A5;PGAM5;IRF9;STAT2;VDAC1;IFNAR2;IFNGR1;PYCARD;STAT1;TYK2;BID;CASP8;TRADD;NLRP3;TNFAIP3;FASLG;TNF;RNF31;STAT4;VDAC2;SPATA2L;STAT5A;PLA2G4B;DNM1L;AIFM1;MAPK8;ZBP1;GLUL;TICAM1;TRAF5;BIRC2;PARP1;VDAC3;FAS;PLA2G4F;PPIA;CHMP1A;SMPD1;EIF2AK2;IL1B;FTH1;IFNG;CHMP6,False
prerank,Human immunodeficiency virus 1 infection,0.5882384754670145,2.4174386036231055,0.0,0.0,0.0,104/186,18.36%,TAP2;APOBEC3A;APOBEC3B;TAPBP;BAX;CXCR4;CCNB1;LIMK1;APOBEC3C;AP1S3;TAP1;MYD88;CCR5;TRAF2;CCNB2;PIK3CD;IRAK1;TNFRSF1A;MAPK11;TNFRSF1B;NFKB1;CFL1;AKT1;CD247;CD3D;CD3E;CD3G;GNAI2;GNB5;CALR;HRAS;PLCG2;RPS6KB2;BAK1;RAC2;RELA;CALM1;JUN;CDK1;BID;PAK1;NFKBIA;TLR2;CASP8;TRADD;CYCS;IRF3;MAPK3;CUL1;IKBKG;FASLG;IKBKB;NFATC1;TNF;PLCG1;CDC25C;HLA-B;GNAO1;MAP2K3;MAP2K2;APOBEC3G;CHEK1;PAK4;PDIA3;HLA-F;AP1M1;CALML5;AKT2;FBXW11;AP1G2;B2M;PIK3R3;CHUK;GNG4;RAC1;CASP9;MAPK8;CD4;HLA-A;MTOR;TRAF5;MAP2K1;PAK6;CALML3;FAS;CRK;HLA-E;IRAK4;GNG2;BST2;AP1B1;HLA-C;ATR;PAK2;RPS6KB1;SAMHD1;GNGT2;GNB2;NFATC3;CALML4;GNG5;APOBEC3F;AP1S2;TBK1,False
prerank,Cytosolic DNA-sensing pathway,0.7375215401023507,2.4185317929015624,0.0,0.0,0.0,26/45,10.63%,IRF7;POLR3G;POLR2H;NFKBIB;AIM2;RIPK3;NFKB1;ADAR;DDX58;PYCARD;RELA;POLR2E;NFKBIA;CCL5;CXCL10;IRF3;IKBKG;IKBKB;CCL4;IL6;IKBKE;CHUK;POLR1C;ZBP1;POLR2L;POLR3K,False
prerank,Hematopoietic cell lineage,0.6528052927428679,2.4246619958930626,0.0,0.0,0.0,52/84,23.45%,IL4R;CD44;CD1B;CSF1;IL2RA;CD1C;IL7R;ITGA6;CD2;CD36;ITGAM;CD3D;CD3E;CD3G;CD9;CSF2;HLA-DRA;HLA-DPB1;HLA-DMA;HLA-DMB;CD7;HLA-DPA1;CD8A;IL6R;IL6;TNF;CD37;CD5;HLA-DRB1;ITGA4;ITGA3;ANPEP;CD38;CD1E;CD4;FLT3;HLA-DQA1;IL11;IL1B;FCER2;CD1D;KITLG;FCGR1A;HLA-DOB;HLA-DOA;CD33;ITGA5;HLA-DQB1;HLA-DQA2;CD8B;CSF3R;HLA-DRB5,False
prerank,Type I diabetes mellitus,0.6621112546018358,2.0857493043640116,0.0,2.141469991588739e-05,0.001,31/37,23.45%,GZMB;CD28;CD80;HLA-DRA;HLA-DPB1;HLA-DMA;HLA-DMB;HLA-DPA1;FASLG;TNF;HLA-B;LTA;HLA-F;HLA-DRB1;PRF1;HLA-A;FAS;HLA-E;IL12B;HSPD1;HLA-C;CD86;HLA-DQA1;IL1B;IFNG;ICA1;HLA-DOB;HLA-DOA;HLA-DQB1;HLA-DQA2;HLA-DRB5,False
prerank,Viral myocarditis,0.6138612179288454,2.092869441901615,0.0,2.175461578756814e-05,0.001,33/55,15.28%,CD28;EIF4G2;ITGB2;ACTB;ICAM1;CD80;ITGAL;RAC2;ABL2;HLA-DRA;BID;HLA-DPB1;HLA-DMA;HLA-DMB;CASP8;HLA-DPA1;CYCS;CD40LG;HLA-B;CD40;CXADR;HLA-F;EIF4G1;HLA-DRB1;PRF1;RAC1;CASP9;HLA-A;HLA-E;HLA-C;CD86;HLA-DQA1;ACTG1,False
prerank,Bladder cancer,0.6448012423363343,2.0975658823293575,0.0,2.210549668736763e-05,0.001,23/40,11.97%,TYMP;MMP1;E2F3;HBEGF;CXCL8;VEGFA;MMP9;DAPK2;RB1;CDH1;DAPK3;HRAS;THBS1;CDKN1A;SRC;MAPK3;MYC;E2F1;MAP2K2;ARAF;RASSF1;CDKN2A;MAP2K1,False
prerank,Shigellosis,0.5014886572802625,2.0987783651758027,0.0,2.246788187896382e-05,0.001,93/211,16.31%,ARPC1B;CD44;CAPN2;BAX;CXCL8;BCAR1;MYD88;NFKBIB;TRAF2;TNIP1;PIK3CD;PLCB3;CAPN1;TNFRSF1A;MAPK11;HCLS1;PFN1;ACTB;NFKB1;RRAGC;CAPNS1;AKT1;ARPC5L;PRKCQ;HK2;PLCB2;ACTR3C;PLCG2;VDAC1;VCL;RPS6KB2;PYCARD;RELA;ACTN1;PLCD4;JUN;CSF2;CASP4;NFKBIA;CCL5;SRC;TRADD;ARPC4;CYTH2;CYTH4;CTTN;CYTH1;NLRP3;CYCS;IRF3;AKT1S1;MAPK3;CUL1;IKBKG;IKBKB;TNF;PLCG1;RNF31;NOD1;BCL10;HK3;TECPR1;ARPC3;UBE2D1;ARPC2;AKT2;BECN1;FBXW11;UBE2D3;ACTR2;PIK3R3;CHUK;CBX3;RAC1;MAPK8;ARPC1A;MTOR;TRAF5;UBB;ARHGEF2;CRK;NAIP;ATG5;UBE2D2;RHOA;DIAPH1;ATG16L1;ACTG1;GSK3A;IL1B;RPS6KB1;MYL12A;ROCK2,False
prerank,Spliceosome,0.5307017138308301,2.0788907581954787,0.0,4.217048598820901e-05,0.002,80/140,26.22%,SRSF9;EIF4A3;DDX5;EFTUD2;U2AF2;HSPA8;SF3B4;RBM17;HSPA6;HNRNPM;SRSF2;SRSF1;SNRPG;PPIL1;SNRPA;LSM7;ALYREF;PRPF38B;TRA2B;SRSF6;SNRPA1;ACIN1;RBM25;SNRPF;SRSF4;PRPF31;DDX23;PPIH;SRSF7;PUF60;BUD31;DHX16;SART1;SNRNP40;SNRNP70;SRSF10;MAGOH;THOC3;DHX8;TCERG1;SF3B5;LSM2;SNRPD1;SF3A3;SNRPB;CTNNBL1;SNRPC;PRPF4;DHX38;HNRNPC;RBM22;SF3B2;PRPF40B;HNRNPK;ISY1;SRSF3;HNRNPU;SNU13;LSM4;PHF5A;TXNL4A;SNRPD3;AQR;DDX39B;PRPF40A;PLRG1;DDX46;DHX15;SF3B1;PRPF3;NCBP2;RNU1-1;SRSF5;PQBP1;SNRPB2;PCBP1;SF3B6;MAGOHB;USP39;CHERP,False
prerank,HIF-1 signaling pathway,0.5353418096446909,2.046572482828313,0.0,5.556246464662673e-05,0.003,43/102,11.97%,ENO1;SERPINE1;STAT3;EIF4EBP1;IFNGR2;LDHA;LTBR;VEGFA;PIK3CD;GAPDH;PGK1;PFKP;NFKB1;ALDOA;AKT1;HK2;PLCG2;RPS6KB2;IFNGR1;MKNK1;CDKN1A;RELA;HMOX1;PFKFB3;NOS3;EIF4E2;MAPK3;IL6R;IL6;PLCG1;MAP2K2;HK3;TIMP1;FLT1;AKT2;HIF1A;PIK3R3;PFKL;EIF4E;SLC2A1;MTOR;LDHAL6B;MAP2K1,False
prerank,Huntington disease,0.48174608944703035,2.0513452671933696,0.0,5.632359429932025e-05,0.003,131/263,24.11%,BAX;TUBB6;PPIF;POLR2H;TRAF2;PLCB3;HDAC1;TUBA1C;SOD2;PSMD11;RCOR1;SLC25A5;AP2S1;PSMC4;PLCB2;PSMD2;VDAC1;GPX1;PSMA3;PSMD6;PSMA5;PSMA4;POLR2E;CASP8;GPX2;MAP3K10;PSMD1;TGM2;PSMB3;NRBF2;CYCS;TUBB2A;PSMA7;ADRM1;NDUFB9;UQCRC1;ACTR1A;COX5A;VDAC2;PSMC5;NDUFA9;NDUFV1;AP2M1;BECN1;NDUFS6;PSMB5;PSMB6;PSMD3;PSMB1;CASP9;PSMB2;PSMD9;MAPK8;TUBA1B;CYC1;POLR2L;PSMD13;NDUFS8;PSMA6;PSMC6;MTOR;PSMA1;VDAC3;PSMB4;PSMD7;NDUFAB1;PSMC1;PSMC3;TUBB2B;CLTA;POLR2B;NDUFB8;COX6A1;NDUFB4;UQCRFS1;COX8A;DCTN5;NDUFB10;KLC2;AP2A1;UQCRQ;SDHB;GPX3;TUBA4A;COX7B;CLTB;NDUFA1;STX1A;PSMB7;UQCRH;NDUFS2;TUBB;PSMD12;NDUFA8;PSMD4;COX6C;PSMD8;NDUFB6;NDUFB3;ATG2A;CLTC;NDUFS3;ERN1;NDUFB1;UQCRC2;PSMC2;ATG101;NDUFA11;COX6B1;COX7A2;ATG13;PSMD14;NDUFA6;TUBB3;KIF5C;NDUFB11;UQCR11;COX5B;HAP1;COX6B2;POLR2G;NDUFA4;NRF1;DNAH17;NDUFA10;POLR2J3;DLG4;KIF5B;CREB3;UQCR10;NDUFS5,False
prerank,Leishmaniasis,0.5726797714274268,2.060650121780509,0.0,5.710586644236637e-05,0.003,43/72,19.63%,IFNGR2;MYD88;TGFB1;NFKBIB;IRAK1;MAPK11;ITGB2;NFKB1;ITGAM;CYBA;IFNGR1;RELA;JUN;STAT1;NCF2;HLA-DRA;HLA-DPB1;NFKBIA;HLA-DMA;IL10;HLA-DMB;TLR2;HLA-DPA1;MAPK3;PTGS2;TNF;FCGR2A;MARCKSL1;HLA-DRB1;ITGA4;IRAK4;IL12B;ELK1;HLA-DQA1;FCGR3A;IL1B;PTPN6;IFNG;NCF1;FCGR1A;HLA-DOB;NCF4;HLA-DOA,False
prerank,VEGF signaling pathway,0.5991712080179055,2.0662930594424145,0.0,5.791017442042787e-05,0.003,26/57,13.06%,PLA2G4E;SPHK1;PLA2G4D;SH2D2A;VEGFA;PIK3CD;MAPK11;MAPKAPK2;AKT1;HRAS;PLCG2;RAC2;MAPKAPK3;SRC;NOS3;MAPK3;PTGS2;PLCG1;MAP2K2;PLA2G4B;AKT2;PIK3R3;RAC1;CASP9;MAP2K1;PLA2G4F,False
prerank,Acute myeloid leukemia,0.5968186947763618,2.0676643181692156,0.0,5.8737462626433984e-05,0.003,33/64,11.97%,STAT3;PPARD;EIF4EBP1;PML;PIK3CD;NFKB1;ITGAM;AKT1;HRAS;RARA;RPS6KB2;RELA;PIM1;CSF2;CCNA2;BCL2A1;PIM2;GRB2;MAPK3;SPI1;IKBKG;IKBKB;MYC;MAP2K2;ARAF;STAT5A;AKT2;PIK3R3;CHUK;RUNX1;FLT3;MTOR;MAP2K1,False
prerank,Protein processing in endoplasmic reticulum,0.5119088706168015,2.0692648947373975,0.0,5.958873020073012e-05,0.003,81/159,19.68%,NPLOC4;CAPN2;BAX;ATF4;ERO1A;TRAF2;HYOU1;CAPN1;VCP;UBE2J2;SEC61A1;FBXO6;EDEM1;DNAJB11;CALR;RRBP1;P4HB;TXNDC5;PREB;BAK1;DNAJC5;SEC24D;HSPA8;XBP1;HSPA6;CKAP4;SEC24C;HSPH1;CUL1;PDIA4;LMAN1;SEC23B;EDEM2;PDIA6;HSPA5;UBQLN4;PDIA3;UGGT1;UBE2D1;EDEM3;RPN2;UBE2G1;SEC61B;DERL1;HSPBP1;UBE2D3;FBXO2;RPN1;HSP90B1;DDOST;SEC61G;MAPK8;MOGS;UBE2J1;PLAA;TUSC3;NGLY1;UBE2G2;SSR4;DNAJB1;LMAN2;DNAJC3;UBE2D2;SEC13;DNAJA1;EIF2S1;GANAB;DNAJA2;EIF2AK2;ATF6B;STT3A;SEL1L;NSFL1C;CANX;ERN1;SEC24A;RBX1;DNAJB12;UBXN8;BCAP31;DAD1,False
prerank,Amoebiasis,0.5546892611456136,2.0709608842122487,0.0,6.046503505662321e-05,0.003,35/95,10.79%,SERPINB3;SERPINB4;SERPINB13;COL4A4;SERPINB6;CXCL8;CD1B;GNA15;CXCL1;TGFB1;CD1C;PIK3CD;PLCB3;COL4A2;ITGB2;NFKB1;ITGAM;COL4A1;PLCB2;VCL;RELA;ACTN1;CSF2;SERPINB9;IL10;TLR2;CXCL2;RAB7A;IL6;TNF;LAMB3;PIK3R3;CD1E;GNA14;RAB5A,False
prerank,Galactose metabolism,0.7102900757581371,2.0718827551917385,0.0,6.136749826642356e-05,0.003,16/27,18.62%,AKR1B10;PFKP;GALK1;PGM2;GALE;HK2;B4GALT1;HK3;GLA;PFKL;GLB1;PGM1;GANC;GALM;GAA;HK1,False
prerank,Relaxin signaling pathway,0.5267515162848999,2.073623580367429,0.0,6.229730884621785e-05,0.003,40/119,11.97%,MMP1;COL4A4;SHC1;GNA15;TGFB1;ATF4;TGFBR1;VEGFA;PIK3CD;MMP9;PLCB3;MAPK11;ARRB2;COL4A2;NFKB1;AKT1;ADCY3;COL4A1;GNAI2;GNB5;PLCB2;HRAS;ADCY7;RELA;JUN;NFKBIA;SRC;NOS3;GRB2;MAPK3;ADCY9;GNAO1;MAP2K2;AKT2;PIK3R3;GNG4;MMP13;MAPK8;ARRB1;MAP2K1,False
prerank,RNA transport,0.5015304358392427,2.0217013616123047,0.0,7.213372603246278e-05,0.004,80/171,22.55%,NUP210;TACC3;EIF4EBP1;EIF4A3;THOC6;EIF4G2;RANGAP1;EIF2B2;XPOT;NUP107;ELAC2;NXF1;EIF4E2;PABPC4L;NUP62;RAE1;NUP50;NUP205;EIF3B;RAN;EIF2B5;EIF5;NUP85;EIF2S2;RPP25;NUP188;ALYREF;CYFIP1;EIF4G1;POP1;AAAS;NXT1;TARDBP;ACIN1;EIF4A1;EIF4E;NUP88;CYFIP2;RPP40;KPNB1;EIF3A;RNPS1;NUP98;EIF2B1;EIF2B4;SNORD3B-1;MAGOH;POM121;THOC3;SEC13;STRAP;EIF3I;EIF2S1;PRMT5;NUP160;XPO5;PYM1;DDX19A;DDX20;EIF3J;GEMIN7;PABPC4;SEH1L;NUP153;SUMO3;POP7;EIF5B;SMN2;TRNT1;PABPC1L;TGS1;EIF2B3;UPF3B;EEF1A2;POP4;SNORD3B-2;POP5;NUP58;DDX39B;NUP37,False
prerank,Fructose and mannose metabolism,0.6563212437611958,2.025673477260108,0.0,7.309550904622895e-05,0.004,14/31,10.40%,AKR1B10;TPI1;PFKFB2;TIGAR;PFKP;ALDOA;HK2;GMPPB;PMM2;PFKFB3;GMPPA;HK3;PFKFB4;PFKL,False
prerank,Ribosome biogenesis in eukaryotes,0.5556708894170599,2.010073855545427,0.0,0.00010542621497052252,0.006,54/77,27.35%,EIF6;UTP6;NOL6;XRN2;NXF1;NOP56;RAN;GAR1;RIOK1;GTPBP4;RPP25;POP1;NXT1;GNL3;GNL2;REXO2;RPP40;TCOF1;UTP14A;UTP15;GNL3L;IMP3;DKC1;SNORD3B-1;IMP4;NOP10;NOP58;WDR43;REXO1;RNA5S9;HEATR1;NHP2;RRP7A;NOB1;TBL3;POP7;CSNK2B;MPHOSPH10;LSG1;SNU13;BMS1;WDR75;WDR36;POP4;SNORD3B-2;POP5;CSNK2A3;WDR3;EMG1;RPP38;RBM28;AK6;RIOK2;FCF1,False
prerank,DNA replication,0.6394921188514258,2.0134239088558736,0.0,0.00010679538659351632,0.006,25/36,19.97%,POLE2;MCM5;POLE4;DNA2;MCM7;POLA2;PCNA;RFC4;MCM6;MCM4;MCM2;FEN1;POLD3;MCM3;POLD2;RNASEH2A;RNASEH1;POLD1;SSBP1;PRIM2;RPA3;RFC3;RFC5;POLE3;RFC2,False
prerank,p53 signaling pathway,0.5618343905004098,1.9922664796005807,0.0,0.0001155877778592476,0.006,38/72,17.55%,TNFRSF10B;SERPINE1;RRM2;BAX;SFN;CCNB1;TNFRSF10A;CCND3;SHISA5;CCND2;CCNB2;SESN2;GTSE1;CCNE1;STEAP3;THBS1;CDKN1A;CDK1;BID;CASP8;IGFBP3;CYCS;CCNE2;TP53I3;CHEK1;GADD45G;CDK2;CHEK2;CASP9;CDKN2A;FAS;ATR;GADD45A;DDB2;CD82;SIVA1;RRM2B;ZMAT3,False
prerank,Pyrimidine metabolism,0.5913451438611579,1.9940482075979613,0.0,0.0001169973849063116,0.006,29/52,19.04%,TYMP;UPP1;PNP;RRM2;CTPS1;CANT1;TK1;NT5C3A;DTYMK;CMPK2;TYMS;ENTPD4;UCKL1;NT5C2;UCK2;NME6;NME1;DCTPP1;DCTD;DPYD;NT5C;ENTPD6;NME4;RRM2B;NME2;UMPS;NT5C3B;NT5M;CAD,False
prerank,Staphylococcus aureus infection,0.5528213019345273,1.9991636603476826,0.0,0.00011844179706564877,0.006,40/83,17.57%,KRT16;DEFB4A;FPR3;PTAFR;SELP;ITGB2;ITGAM;KRT14;SELPLG;ICAM1;DEFB4B;CAMP;ITGAL;DEFB103A;KRT17;DEFB103B;HLA-DRA;HLA-DPB1;HLA-DMA;IL10;HLA-DMB;HLA-DPA1;FCGR2A;FPR1;HLA-DRB1;CFB;C5AR1;C1QC;KRT9;C1R;C1QB;KRT13;HLA-DQA1;C2;FCAR;FCGR3A;C3AR1;C1S;MASP1;FCGR1A,False
prerank,Lysosome,0.5144528769726109,2.0040396266804614,0.0,0.00011992231952896937,0.006,58/124,18.51%,CTSC;ACP5;CTSB;CTSL;AP1S3;ATP6V0D1;TCIRG1;ARSB;CTSZ;AP3D1;CTSA;MAN2B1;LIPA;LAPTM5;NAGPA;NAGA;NPC1;GM2A;GBA;PPT2;HYAL4;HYAL1;GGA1;ENTPD4;LAMP3;CTSD;ACP2;ATP6V0B;CTSW;GLA;LGMN;AP1M1;CTNS;AP1G2;HYAL3;ARSA;MCOLN1;HYAL2;M6PR;LITAF;SGSH;NAGLU;CTSS;GLB1;CLTA;AP1B1;PPT1;SMPD1;NEU1;CLTB;GALNS;SORT1;AP3B1;ATP6V0A1;AP4M1;CLTC;AP1S2;GAA,False
prerank,Pathways in cancer,0.44610977647989897,2.0041290941976277,0.0,0.00012144032357363988,0.006,160/489,12.42%,IL4R;PGF;NFKB2;WNT5A;STAT3;MMP1;IL12RB2;COL4A4;RALB;E2F3;TRAF3;CSF2RB;BIRC3;PLD2;BAX;JAK3;CXCR4;NTRK1;CXCL8;IL13;PPARD;IL2RA;IFNGR2;WNT7A;IL2RG;IL13RA1;TGFB1;CCND3;PML;TGFBR1;VEGFA;TRAF2;CCND2;IL7R;PIK3CD;MMP9;PLCB3;BCR;ETS1;PTGER4;ARHGEF1;TRAF4;RASGRP1;HDAC1;DAPK2;COL4A2;IL12RB1;ITGA6;NFKB1;RB1;AKT1;TFG;ADCY3;CDH1;BDKRB2;COL4A1;MECOM;GNAI2;BCL2L11;GNB5;PLCB2;STAT2;TPM3;RET;DAPK3;CCNE1;HRAS;RARA;CKS2;PLCG2;ADCY7;IFNAR2;BIRC5;RPS6KB2;IFNGR1;BAK1;BRCA2;RASGRP2;RAC2;FZD9;CDKN1A;RELA;HMOX1;PIM1;CALM1;CASP7;JUN;STAT1;FZD2;GSTO1;BID;NFKBIA;ZBTB17;CCNA2;CASP8;IL15;EDNRA;TRAF1;RAD51;FZD5;CYCS;PIM2;GNA12;GRB2;CCNE2;MAPK3;CUL1;IL15RA;SPI1;IKBKG;ADCY9;FASLG;CTBP2;FZD10;IKBKB;IL6R;MYC;E2F1;GSTP1;PTGS2;IL6;PLCG1;MAP2K2;GADD45G;WNT9A;STAT4;CDK2;LAMB3;ARAF;STAT5A;CALML5;BMP4;ITGAV;AKT2;ITGA3;HIF1A;HSP90B1;PIK3R3;CHUK;RASSF1;GNG4;RUNX1;RAC1;CASP9;KEAP1;MAPK8;CDKN2A;IL23A;SLC2A1;LPAR6;FLT3;MTOR;TRAF5;BIRC2;MAP2K1;LAMA4;CALML3;FAS;CRK;LPAR5,False
prerank,Amino sugar and nucleotide sugar metabolism,0.6048100108891562,1.9901047218568366,0.0,0.0001612400934843286,0.009,26/45,25.95%,GPI;GALK1;PGM2;UAP1L1;CYB5R4;GALE;HK2;GMPPB;NANS;PMM2;GMPPA;UXS1;HK3;GNPNAT1;UAP1;AMDHD2;NANP;PGM1;HK1;UGDH;CMAS;PGM3;GMDS;CHIT1;MPI;NAGK,False
prerank,Fc gamma R-mediated phagocytosis,0.5321276235121817,1.9904078937023015,0.0,0.00016315961840676106,0.009,43/95,13.06%,PLA2G4E;ARPC1B;LYN;SPHK1;PLD2;PLA2G4D;LIMK1;MYO10;PIK3CD;DNM2;PTPRC;CFL1;AKT1;ARPC5L;ACTR3C;PLCG2;RPS6KB2;RAC2;SYK;PAK1;ARPC4;VAV1;MAPK3;ASAP1;FCGR2A;PLCG1;VAV2;MARCKSL1;ARPC3;ARPC2;PLA2G4B;WAS;AKT2;ACTR2;PIK3R3;HCK;RAC1;ARPC1A;MAP2K1;CRK;VASP;INPP5D;PLA2G4F,False
prerank,Systemic lupus erythematosus,0.5922501002432119,1.980209678292089,0.0,0.00017530172954400837,0.01,35/49,23.45%,CD28;CD80;ACTN1;TRIM21;HLA-DRA;HLA-DPB1;HLA-DMA;IL10;HLA-DMB;HLA-DPA1;CD40LG;TNF;FCGR2A;CD40;HLA-DRB1;C1QC;C1R;C1QB;CD86;HLA-DQA1;C2;SNRPD1;FCGR3A;SNRPB;C1S;IFNG;C9;FCGR1A;HLA-DOB;C8G;HLA-DOA;SNRPD3;HLA-DQB1;HLA-DQA2;HLA-DRB5,False
prerank,Amyotrophic lateral sclerosis,0.45517212791902933,1.963417826857555,0.0,0.00020246625375020804,0.012,157/319,23.30%,NUP210;HNRNPA2B1;BAX;TUBB6;ATF4;TRAF2;TNFRSF1A;VCP;MAPK11;TUBA1C;PFN1;TNFRSF1B;ACTB;PSMD11;PSMC4;PSMD2;VDAC1;GPX1;PSMA3;PSMD6;PSMA5;TOMM40;PSMA4;BID;NUP107;XBP1;GPX2;NXF1;PSMD1;PSMB3;NRBF2;CYCS;TUBB2A;PSMA7;RAB1A;NUP62;RAE1;NUP50;ADRM1;NUP205;NUP85;TNF;NDUFB9;UQCRC1;MAP2K3;HSPA5;DAXX;UBQLN4;ACTR1A;COX5A;NUP188;ALYREF;PSMC5;NDUFA9;NDUFV1;DERL1;BECN1;NDUFS6;PSMB5;NXT1;PSMB6;TARDBP;PSMD3;RAC1;PSMB1;CASP9;PSMB2;PSMD9;TUBA1B;CYC1;NUP88;PSMD13;NDUFS8;RAB5A;SRSF7;PSMA6;PSMC6;MTOR;PSMA1;CCS;RAB8A;CHCHD10;PSMB4;PSMD7;NDUFAB1;PSMC1;NUP98;PSMC3;TUBB2B;POM121;NDUFB8;COX6A1;SEC13;NDUFB4;UQCRFS1;COX8A;DCTN5;ANXA7;NDUFB10;KLC2;TOMM40L;EIF2S1;UQCRQ;SDHB;GPX3;NUP160;TUBA4A;ACTG1;COX7B;NDUFA1;NEFH;NRG1;PSMB7;UQCRH;NDUFS2;TUBB;PSMD12;NDUFA8;PSMD4;SEH1L;COX6C;PSMD8;NUP153;NDUFB6;NDUFB3;ATG2A;TBK1;NDUFS3;ERN1;NDUFB1;UQCRC2;PSMC2;ATG101;NDUFA11;SIGMAR1;COX6B1;COX7A2;ATG13;SRSF3;BAD;PSMD14;NDUFA6;TUBB3;KIF5C;HDAC6;NDUFB11;UQCR11;COX5B;NUP58;HAP1;COX6B2;NUP37;NDUFA4;ATXN2L;SETX;DNAH17;NDUFA10,False
prerank,Platelet activation,0.5070871886963939,1.9635998364007112,0.0,0.00020479345206917595,0.012,47/115,16.31%,PLA2G4E;LYN;PLA2G4D;PIK3CD;PLCB3;FERMT3;ARHGEF1;PIK3R5;P2RY1;RASGRP1;MAPK11;ACTB;AKT1;ADCY3;GNAI2;LCP2;PLCB2;PLCG2;ADCY7;PRKCI;RASGRP2;SYK;SRC;PPP1CA;FCER1G;NOS3;MAPK3;PIK3CG;ADCY9;FCGR2A;VWF;TBXAS1;PLA2G4B;AKT2;PIK3R3;RAP1B;VASP;PLA2G4F;BTK;RHOA;PTGIR;MYLK4;STIM1;ACTG1;ADCY4;MYL12A;ROCK2,False
prerank,Neurotrophin signaling pathway,0.5074398789989305,1.9534322663910164,0.0,0.0002155906867936528,0.013,48/117,14.23%,MATK;SHC1;BAX;NTRK1;IRAK2;NFKBIE;NFKBIB;ATF4;PIK3CD;IRAK1;SH2B3;PRDM4;NTRK2;MAPK11;RPS6KA1;MAPKAPK2;ARHGDIB;NFKB1;AKT1;HRAS;PLCG2;RELA;CALM1;CAMK4;ARHGDIA;JUN;NFKBIA;GRB2;MAPK3;FASLG;IKBKB;PLCG1;MAP2K2;MAPK7;CALML5;NGF;AKT2;PIK3R3;RAC1;MAPK8;MAP2K1;RAP1B;CALML3;CRK;IRAK4;PSEN2;MAP3K3;RHOA,False
prerank,Malaria,0.5974640812546494,1.9525328228160357,0.0,0.00022842346576946545,0.014,21/47,10.50%,SELE;CXCL8;MYD88;CCL2;TGFB1;VCAM1;SELP;CD36;ITGB2;ICAM1;ITGAL;THBS1;IL10;COMP;TLR2;CD40LG;IL6;TNF;CD40;THBS2;KLRB1,False
prerank,Asthma,0.6638032135551107,1.9474804998596913,0.0016722408026755853,0.0002560350934998404,0.016,19/25,23.45%,IL13;HLA-DRA;HLA-DPB1;HLA-DMA;IL10;HLA-DMB;HLA-DPA1;FCER1G;CD40LG;TNF;CD40;HLA-DRB1;HLA-DQA1;PRG2;HLA-DOB;HLA-DOA;HLA-DQB1;HLA-DQA2;HLA-DRB5,False
prerank,Prolactin signaling pathway,0.5487307388367224,1.940586728473909,0.0,0.00025968141371686605,0.017,25/67,10.33%,SOCS3;IRF1;STAT3;CISH;SHC1;SOCS1;ELF5;CCND2;PIK3CD;MAPK11;NFKB1;AKT1;HRAS;TNFSF11;RELA;STAT1;SRC;GRB2;MAPK3;MAP2K2;STAT5A;AKT2;PIK3R3;SOCS2;MAPK8,False
prerank,Oocyte meiosis,0.505306443683895,1.9408325253676615,0.0,0.00026244398194789654,0.017,45/120,17.31%,ANAPC7;CCNB1;PKMYT1;CCNB2;YWHAH;MAPK11;RPS6KA1;CDC20;PTTG1;ADCY3;CCNE1;MAD2L2;AURKA;ADCY7;CALM1;YWHAG;BUB1;CDK1;REC8;YWHAQ;PPP1CA;PLK1;CCNE2;MAPK3;CUL1;ESPL1;ADCY9;YWHAZ;PPP2R5B;ANAPC5;CDC25C;CDK2;CALML5;FBXW11;MAD2L1;FBXO5;MAP2K1;CALML3;PPP2R1B;ANAPC2;ADCY4;ANAPC11;ANAPC1;PPP2CA;CALML4,False
prerank,Prion disease,0.4656285036359586,1.9433163104564284,0.0,0.00026526596024841154,0.017,125/233,24.11%,BAX;TUBB6;PPIF;ATF4;PIK3CD;MAPK11;TUBA1C;CYBA;PSMD11;SLC25A5;PSMC4;PSMD2;VDAC1;RAC2;PSMA3;PSMD6;PSMA5;PSMA4;NCF2;HSPA8;CCL5;HSPA6;PSMD1;PSMB3;CYCS;TUBB2A;MAPK3;PSMA7;ADRM1;IL6;TNF;NDUFB9;UQCRC1;HSPA5;COX5A;VDAC2;PSMC5;NDUFA9;NDUFV1;NDUFS6;PSMB5;PIK3R3;PSMB6;PSMD3;RAC1;PSMB1;CASP9;PSMB2;PSMD9;MAPK8;TUBA1B;CYC1;PSMD13;NDUFS8;STIP1;PSMA6;PSMC6;C1QC;PSMA1;VDAC3;C1QB;PSMB4;PSMD7;NDUFAB1;PSMC1;PSMC3;TUBB2B;NDUFB8;COX6A1;NDUFB4;UQCRFS1;COX8A;NDUFB10;KLC2;EIF2S1;UQCRQ;SDHB;TUBA4A;COX7B;NDUFA1;IL1B;ATF6B;GRIN3B;C9;PSMB7;UQCRH;NDUFS2;NCF1;TUBB;PSMD12;NDUFA8;PSMD4;COX6C;PSMD8;NDUFB6;NDUFB3;NDUFS3;CACNA1C;NDUFB1;UQCRC2;CSNK2B;PSMC2;NCF4;C8G;NDUFA11;COX6B1;COX7A2;BAD;PSMD14;NDUFA6;TUBB3;CACNA1D;KIF5C;NDUFB11;UQCR11;COX5B;NOTCH1;COX6B2;NDUFA4;CSNK2A3;NDUFA10;KIF5B;CREB3;UQCR10;NDUFS5,False
prerank,Human papillomavirus infection,0.4460007634054156,1.9439349303838804,0.0,0.00026814928590328555,0.017,120/304,16.21%,TNC;IRF1;WNT5A;COL4A4;PKM;COL6A6;TRAF3;OASL;BAX;EIF4EBP1;WNT7A;CSNK1A1;ATP6V0D1;CCND3;VEGFA;CCND2;PIK3CD;TCIRG1;PTGER4;TNFRSF1A;MX1;HDAC1;COL4A2;ITGA6;NFKB1;RB1;AKT1;ITGB6;COL4A1;ATP6V1B2;SCRIB;IRF9;STAT2;CCNE1;HRAS;HES6;IFNAR2;ATP6V1C2;SLC9A3R1;RPS6KB2;THBS1;BAK1;PRKCI;MX2;FZD9;CDKN1A;RELA;MFNG;STAT1;FZD2;TYK2;CCNA2;COMP;CASP8;TRADD;LLGL2;FZD5;GRB2;CCNE2;IRF3;MAPK3;TUBG1;IKBKG;FASLG;FZD10;IKBKB;E2F1;PPP2R5B;PTGS2;TADA3;TNF;ATP6V0B;HLA-B;MAP2K2;VWF;WNT9A;CDK2;HLA-F;LAMB3;ISG15;LLGL1;PPP2R2D;ITGA4;ITGAV;AKT2;ITGA3;IKBKE;TUBG2;PIK3R3;CHUK;COL6A5;ITGB4;PPP2R3C;THBS2;COL6A3;HLA-A;TICAM1;MTOR;MAP2K1;LAMA4;HES2;PPP2R2C;FAS;HLA-E;PPP2R1B;PSMC1;ITGA10;DVL1;ITGB7;ATP6V1D;HLA-C;RBL1;ATR;ATP6V1C1;ATP6V1G1;ATP6V0E1;EIF2AK2;RPS6KB1;ATP6V1A;COL6A1,False
prerank,MAPK signaling pathway,0.45034358010482767,1.9352991217687519,0.0,0.00028552933221183185,0.019,102/272,15.75%,PGF;CDC25B;PLA2G4E;NFKB2;RELB;MAP4K4;RPS6KA4;EPHA2;MAP3K14;NTRK1;FLNA;CSF1;PLA2G4D;MYD88;TGFB1;ATF4;TGFBR1;VEGFA;TRAF2;IRAK1;TNFRSF1A;NR4A1;NTRK2;RASGRP1;MAPK11;RPS6KA1;MAPKAPK2;ARRB2;MAP3K11;PTPN7;NFKB1;AKT1;MAP4K1;MECOM;AREG;HRAS;RRAS2;RASGRP2;RAC2;MKNK1;DUSP10;RELA;FLNB;MAPKAPK3;JUN;PAK1;HSPA8;SRF;TRADD;HSPA6;GNA12;GRB2;MAPK3;IKBKG;FASLG;IKBKB;MYC;NFATC1;DUSP4;TNF;MAP2K3;CACNA1I;MAP2K2;GADD45G;DAXX;DUSP7;MAPK7;ARAF;FLT1;NGF;PLA2G4B;AKT2;DUSP8;CHUK;RAC1;MAPK8;PTPRR;ARRB1;FLT3;MAP3K6;DUSP2;MAP2K1;RAP1B;PPP5C;FAS;CRK;MAP4K2;IRAK4;RRAS;CACNB4;PLA2G4F;RASGRP3;DUSP6;MAP3K3;MKNK2;STMN1;ELK1;JUND;GADD45A;PAK2;DUSP3;IL1B,False
prerank,Progesterone-mediated oocyte maturation,0.5146814636973731,1.9199823269268008,0.0,0.00033564264357962274,0.022,31/94,10.33%,CDC25B;ANAPC7;CCNB1;PKMYT1;CCNB2;PIK3CD;MAPK11;RPS6KA1;CDC25A;AKT1;ADCY3;GNAI2;MAD2L2;AURKA;ADCY7;BUB1;CDK1;CCNA2;PLK1;MAPK3;FZR1;ADCY9;ANAPC5;CDC25C;CDK2;ARAF;PDE3B;AKT2;PIK3R3;MAD2L1;MAPK8,False
prerank,Non-alcoholic fatty liver disease,0.48519650662403496,1.9202512524362134,0.0,0.00033910287701858794,0.022,72/146,19.96%,SOCS3;BAX;CXCL8;CYP2E1;TGFB1;ATF4;TRAF2;PIK3CD;TNFRSF1A;MAPK11;MAP3K11;NFKB1;SREBF1;AKT1;BCL2L11;RELA;CASP7;JUN;BID;XBP1;CASP8;CYCS;ADIPOR2;FASLG;IKBKB;IL6R;IL6;TNF;NDUFB9;UQCRC1;COX5A;MLX;NDUFA9;NDUFV1;AKT2;NDUFS6;PIK3R3;RAC1;MAPK8;CYC1;NDUFS8;PRKAB1;FAS;NDUFAB1;NDUFB8;COX6A1;NDUFB4;UQCRFS1;COX8A;NDUFB10;EIF2S1;UQCRQ;SDHB;COX7B;NDUFA1;GSK3A;IL1B;UQCRH;NDUFS2;NDUFA8;COX6C;NDUFB6;NDUFB3;ADIPOR1;NDUFS3;ERN1;NDUFB1;UQCRC2;PRKAG1;NDUFA11;COX6B1;COX7A2,False
prerank,Purine metabolism,0.49780176994218067,1.9162045849582192,0.0,0.0003599400066670365,0.023,47/115,18.99%,PNP;PKM;RRM2;GART;IMPDH1;CANT1;PGM2;NT5C3A;ADCY3;PAPSS2;PDE4B;AK1;ADCY7;XDH;ITPA;GDA;ADCY9;ENTPD4;PDE6D;AK2;PDE10A;PDE3B;NT5C2;NUDT5;NME6;NME1;PDE8A;PDE4A;ADSL;PDE7A;PDE1B;PRPS1;NT5C;PFAS;GMPR;ADCY4;AMPD3;HPRT1;ADA;ENTPD6;PGM1;NME4;RRM2B;NME2;NT5C3B;PPAT;NT5M,False
prerank,AGE-RAGE signaling pathway in diabetic complications,0.5024802941402358,1.906109960922382,0.0,0.0004248676463312058,0.028,39/99,10.91%,SERPINE1;STAT3;COL4A4;SELE;BAX;CXCL8;CCL2;TGFB1;TGFBR1;VEGFA;PIK3CD;PLCB3;MAPK11;VCAM1;COL4A2;NFKB1;AKT1;ICAM1;COL4A1;PLCB2;HRAS;PLCG2;RELA;PIM1;PLCD4;JUN;STAT1;NOS3;MAPK3;NFATC1;IL6;TNF;PLCG1;STAT5A;AKT2;PIK3R3;RAC1;MAPK8;THBD,False
prerank,Alzheimer disease,0.43560616912935785,1.8975492522324122,0.0,0.00047493987932265095,0.032,151/326,21.08%,WNT5A;CAPN2;TUBB6;CDK5R1;CSF1;PPIF;WNT7A;CSNK1A1;ATF4;TRAF2;PIK3CD;GAPDH;PLCB3;CAPN1;TNFRSF1A;TUBA1C;NFKB1;PSMD11;AKT1;SLC25A5;PSMC4;PLCB2;HRAS;PSMD2;VDAC1;PSMA3;FZD9;RELA;PSMD6;CALM1;PSMA5;CASP7;PSMA4;FZD2;BID;XBP1;CASP8;PSMD1;PSMB3;FZD5;NRBF2;CYCS;TUBB2A;MAPK3;PSMA7;ADRM1;ADAM17;FZD10;IKBKB;PTGS2;IL6;TNF;NDUFB9;UQCRC1;DKK4;MAP2K2;WNT9A;COX5A;VDAC2;ARAF;PSMC5;CALML5;NDUFA9;NDUFV1;AKT2;BECN1;NDUFS6;PSMB5;PIK3R3;CHUK;PSMB6;PSMD3;PSMB1;CASP9;PSMB2;PSMD9;CSNK1E;MAPK8;TUBA1B;CYC1;PSMD13;NDUFS8;PSMA6;PSMC6;MTOR;PSMA1;MAP2K1;CALML3;VDAC3;FAS;BACE2;PSMB4;PSMD7;NDUFAB1;PSMC1;PSMC3;PSEN2;TUBB2B;DVL1;ATP2A2;NDUFB8;COX6A1;NDUFB4;UQCRFS1;COX8A;CDK5;NDUFB10;KLC2;EIF2S1;UQCRQ;SDHB;TUBA4A;COX7B;EIF2AK2;NDUFA1;IL1B;AXIN1;PSMB7;UQCRH;NDUFS2;CALML4;TUBB;PSMD12;NDUFA8;PSMD4;COX6C;PSMD8;NDUFB6;NDUFB3;ATG2A;NDUFS3;ERN1;CACNA1C;NDUFB1;UQCRC2;CSNK2B;PSMC2;FADD;ATG101;NDUFA11;COX6B1;COX7A2;ATG13;PSENEN;BAD;PSMD14;NDUFA6;TUBB3;CACNA1D;KIF5C;NOX4,False
prerank,Pancreatic cancer,0.5176598721279553,1.8917622116331803,0.0,0.0005105936293670404,0.035,40/76,16.19%,STAT3;RALB;E2F3;PLD2;BAX;TGFB1;TGFBR1;VEGFA;PIK3CD;NFKB1;RB1;AKT1;RPS6KB2;BAK1;BRCA2;RAC2;CDKN1A;RELA;STAT1;RAD51;MAPK3;IKBKG;IKBKB;E2F1;GADD45G;ARAF;AKT2;PIK3R3;CHUK;RAC1;CASP9;MAPK8;CDKN2A;MTOR;MAP2K1;E2F2;RALGDS;GADD45A;RPS6KB1;DDB2,False
prerank,Cell adhesion molecules,0.4734897796275369,1.8792288085081992,0.0,0.0005588612948922844,0.038,59/133,15.31%,CDH3;CD274;SELE;ICOS;CD6;CD226;CTLA4;CD28;VCAM1;PTPRC;ITGA6;SELP;CD2;ITGB2;ITGAM;TIGIT;SELPLG;ICAM1;CDH1;CD80;ITGAL;MPZL1;HLA-DRA;HLA-DPB1;HLA-DMA;HLA-DMB;HLA-DPA1;SELL;PDCD1;NLGN4X;CD8A;SDC3;L1CAM;CD40LG;SPN;HLA-B;CD40;HLA-F;HLA-DRB1;ITGA4;ITGAV;CD4;ICAM3;HLA-A;CD276;NRCAM;NLGN2;LRRC4;HLA-E;CLDN14;ITGB7;ICAM2;CNTNAP1;HLA-C;CD86;HLA-DQA1;PDCD1LG2;CNTNAP2;ESAM,False
prerank,Chronic myeloid leukemia,0.5170306377689818,1.8741617944521827,0.0,0.0005798441823378739,0.04,35/76,12.37%,E2F3;SHC1;BAX;TGFB1;TGFBR1;PIK3CD;BCR;HDAC1;NFKB1;RB1;AKT1;MECOM;HRAS;BAK1;CDKN1A;RELA;NFKBIA;GRB2;MAPK3;IKBKG;CTBP2;IKBKB;MYC;E2F1;MAP2K2;GADD45G;ARAF;STAT5A;AKT2;PIK3R3;CHUK;RUNX1;CDKN2A;MAP2K1;CRK,False
prerank,Small cell lung cancer,0.5065790196048229,1.864908290284545,0.0,0.0006526384736270441,0.046,41/92,12.03%,COL4A4;E2F3;TRAF3;BIRC3;BAX;TRAF2;PIK3CD;TRAF4;COL4A2;ITGA6;NFKB1;RB1;AKT1;COL4A1;CCNE1;CKS2;BAK1;CDKN1A;RELA;NFKBIA;ZBTB17;TRAF1;CYCS;CCNE2;IKBKG;IKBKB;MYC;E2F1;PTGS2;GADD45G;CDK2;LAMB3;ITGAV;AKT2;ITGA3;PIK3R3;CHUK;CASP9;TRAF5;BIRC2;LAMA4,False
prerank,Pathways of neurodegeneration,0.4204343203151735,1.8596667193056875,0.0,0.0007240592877220792,0.051,184/425,21.08%,WNT5A;CAPN2;BAX;TUBB6;CDK5R1;CSF1;PPIF;WNT7A;CSNK1A1;ATF4;TRAF2;UBE2L6;PLCB3;CAPN1;TNFRSF1A;VCP;MAPK11;UBE2J2;TUBA1C;UBA1;TNFRSF1B;NFKB1;PSMD11;SLC25A5;PSMC4;MFN1;PLCB2;HRAS;PSMD2;VDAC1;GPX1;BAK1;PSMA3;FZD9;RELA;PSMD6;CALM1;PSMA5;CASP7;TOMM40;PSMA4;UBA7;FZD2;BID;XBP1;CASP8;GPX2;MAP3K10;PSMD1;PSMB3;FZD5;NRBF2;CYCS;TUBB2A;MAPK3;PSMA7;GPR37;RAB1A;ADRM1;FASLG;FZD10;PTGS2;IL6;TNF;PLCG1;NDUFB9;UQCRC1;MAP2K3;DKK4;MAP2K2;WNT9A;HTRA2;HSPA5;DAXX;ACTR1A;COX5A;VDAC2;UBE2G1;ARAF;PSMC5;UBE2L3;CALML5;NDUFA9;NDUFV1;DERL1;BECN1;NDUFS6;PSMB5;PSMB6;TARDBP;PSMD3;PARK7;RAC1;PSMB1;CASP9;PSMB2;PSMD9;CSNK1E;MAPK8;TUBA1B;CYC1;PSMD13;NDUFS8;UBE2J1;RAB5A;PSMA6;PSMC6;TRAP1;MTOR;PSMA1;UBB;CCS;MAP2K1;RAB8A;ATXN1;CALML3;VDAC3;FAS;UBE2G2;PSMB4;PSMD7;NDUFAB1;PSMC1;PSMC3;PSEN2;TUBB2B;DVL1;ATP2A2;NDUFB8;COX6A1;NDUFB4;UQCRFS1;COX8A;CDK5;DCTN5;NDUFB10;KLC2;TOMM40L;EIF2S1;UQCRQ;SDHB;GPX3;TUBA4A;COX7B;NDUFA1;IL1B;NEFH;STX1A;AXIN1;PSMB7;UQCRH;NDUFS2;CALML4;TUBB;PSMD12;NDUFA8;PSMD4;COX6C;PSMD8;NDUFB6;NDUFB3;ATG2A;TBK1;NDUFS3;ERN1;CACNA1C;NDUFB1;UQCRC2;CSNK2B;PSMC2;FADD;ATG101;NDUFA11;SIGMAR1;COX6B1;COX7A2;ATG13;BAD;PSMD14;NDUFA6;TUBB3;CACNA1D;KIF5C;NOX4,False
prerank,PI3K-Akt signaling pathway,0.42562683792074074,1.8513995471560394,0.0,0.0007941451333293567,0.056,102/308,13.50%,SGK1;IL4R;TNC;OSMR;PGF;EPHA2;COL4A4;COL6A6;GYS1;JAK3;NTRK1;CSF1;IL2RA;EIF4EBP1;IL2RG;CCND3;ATF4;VEGFA;CCND2;IL7R;PIK3CD;PIK3R5;NR4A1;NTRK2;YWHAH;COL4A2;ITGA6;NFKB1;AKT1;MCL1;CDC37;ITGB6;COL4A1;AREG;BCL2L11;GNB5;OSM;CCNE1;HRAS;IFNAR2;RPS6KB2;THBS1;CDKN1A;RELA;SYK;YWHAG;THEM4;COMP;TLR2;YWHAQ;STK11;NOS3;EIF4E2;GRB2;CCNE2;MAPK3;PIK3CG;IKBKG;FASLG;IKBKB;IL6R;YWHAZ;MYC;PPP2R5B;IL6;PKN3;MAP2K2;VWF;CDK2;LAMB3;FLT1;NGF;PPP2R2D;ITGA4;ITGAV;AKT2;ITGA3;HSP90B1;PIK3R3;CHUK;COL6A5;GNG4;BRCA1;ITGB4;PPP2R3C;RAC1;CASP9;EIF4E;THBS2;COL6A3;LPAR6;FLT3;MTOR;MAP2K1;LAMA4;PPP2R2C;LPAR5;PPP2R1B;GNG2;LPAR2;ITGA10;ITGB7,False
prerank,Ras signaling pathway,0.43970860626305286,1.8462383745073974,0.0,0.0008883134779923657,0.064,78/205,17.68%,PLA2G2F;PGF;PLA2G4E;PLA2G3;EPHA2;RALB;SHC1;PLD2;NTRK1;CSF1;PLA2G4D;VEGFA;PIK3CD;HTR7;ETS1;NTRK2;RASGRP1;ETS2;NFKB1;AKT1;GNB5;HRAS;RRAS2;PLCG2;REL;RASGRP2;RAC2;RELA;CALM1;ABL2;PAK1;RASAL3;GRB2;MAPK3;IKBKG;FASLG;IKBKB;PLA2G2A;PLCG1;MAP2K2;PAK4;FLT1;CALML5;NGF;PLA2G4B;ZAP70;AKT2;PIK3R3;CHUK;RASSF1;GNG4;RASAL1;RAC1;MAPK8;RAB5A;FLT3;MAP2K1;PAK6;RAP1B;CALML3;RGL2;RRAS;GNG2;PLA2G4F;RASGRP3;RHOA;TIAM1;PLA1A;ELK1;RALGDS;PAK2;EXOC2;RAPGEF5;GNGT2;GNB2;CALML4;KITLG;GNG5,False
prerank,Inflammatory mediator regulation of TRP channels,0.4872403441242401,1.8302956462256335,0.0,0.0011945080320054618,0.087,29/93,10.67%,PLA2G4E;HRH1;NTRK1;PLA2G4D;TRPV2;PIK3CD;PLCB3;PTGER4;MAPK11;ADCY3;BDKRB2;PRKCQ;PLCB2;P2RY2;PLCG2;ADCY7;TRPV3;CALM1;SRC;PPP1CA;ADCY9;PLCG1;MAP2K3;CALML5;NGF;PLA2G4B;PIK3R3;MAPK8;PRKCH,True
prerank,Collecting duct acid secretion,0.6299588047940473,1.8207749016062695,0.0,0.0014079191799245237,0.102,12/23,17.30%,ATP6V0D1;CA2;TCIRG1;ATP6V1B2;ATP6V1C2;ATP6V1D;SLC12A7;ATP6V1C1;ATP6V1G1;ATP6V0E1;ATP6V1A;ATP6V0A1,False
prerank,Phospholipase D signaling pathway,0.4550352402662375,1.8177830784599731,0.0,0.0014816657239100463,0.107,54/140,17.51%,PLA2G4E;SPHK1;RALB;SHC1;PLD2;CXCL8;PLA2G4D;PIK3CD;PLCB3;CXCR1;PIK3R5;DNM2;AKT1;ADCY3;DGKZ;PLCB2;HRAS;RRAS2;PLCG2;ADCY7;SYK;CYTH2;CYTH4;CYTH1;FCER1G;GNA12;GRB2;MAPK3;PIK3CG;ADCY9;PLCG1;MAP2K2;PLA2G4B;AKT2;PIK3R3;LPAR6;AGPAT2;MTOR;MAP2K1;LPAR5;RRAS;DGKD;LPAR2;PLA2G4F;RHOA;AGPAT5;PIP5K1C;RALGDS;DGKE;ADCY4;DGKH;GRM8;AVPR1A;KITLG,False
prerank,Glycosaminoglycan degradation,0.6753877689323586,1.8092660064214043,0.0035842293906810036,0.0015908062794659202,0.116,10/18,16.62%,ARSB;HPSE;HYAL4;HYAL1;HYAL3;HYAL2;SGSH;NAGLU;GLB1;GALNS,False
prerank,Ubiquitin mediated proteolysis,0.4556579199588653,1.807961715129566,0.0,0.001600985706985988,0.117,50/135,16.80%,SOCS3;UBA6;BIRC3;ANAPC7;SOCS1;PML;UBE2L6;UBE2F;UBE2J2;UBE2S;UBA1;CDC20;MID1;UBA7;UBE2Z;UBE3C;UBE2C;TRIP12;CUL1;FZR1;UBE2H;PPIL2;ANAPC5;UBE2M;NEDD4;UBE2D1;UBE2G1;UBE2L3;CBLC;FBXW11;UBE2D3;FBXO2;BRCA1;KEAP1;UBE2A;SAE1;UBE2J1;BIRC2;UBB;UBE2G2;UBE2Q2;UBE2D2;ANAPC2;UBE2O;CBL;ANAPC11;HERC4;ANAPC1;DDB2;UBE2E3,False
prerank,African trypanosomiasis,0.5806236039269861,1.8067878297601339,0.0049504950495049506,0.0016109865480583355,0.119,18/32,16.60%,APOL1;SELE;MYD88;PLCB3;VCAM1;ICAM1;PLCB2;THOP1;IL10;FASLG;IL6;TNF;IDO1;LAMA4;FAS;IL12B;IL1B;IFNG,False
prerank,RNA polymerase,0.5977841568866008,1.8027349760345674,0.0,0.0017638264139416117,0.132,19/29,27.76%,POLR3G;POLR2H;POLR2E;POLR1C;POLR2L;POLR3K;POLR2B;POLR1A;POLR1B;POLR3D;POLR2G;POLR2J3;POLR3B;POLR3F;POLR1D;POLR2J;POLR2I;POLR1E;POLR2A,False
prerank,Sphingolipid signaling pathway,0.4668582100386536,1.8010777539125484,0.0,0.0017840660343718595,0.135,44/114,14.23%,SPHK1;PLD2;BAX;ABCC1;TRAF2;PIK3CD;PLCB3;TNFRSF1A;MAPK11;NFKB1;AKT1;BDKRB2;GNAI2;S1PR4;PLCB2;HRAS;SPTLC2;RAC2;RELA;BID;TRADD;FCER1G;NOS3;GNA12;MAPK3;CERS2;CTSD;PPP2R5B;TNF;MAP2K2;ACER2;SMPD2;PPP2R2D;AKT2;PIK3R3;PPP2R3C;RAC1;MAPK8;SGMS2;MAP2K1;PPP2R2C;PPP2R1B;SPTLC1;RHOA,False
prerank,Regulation of actin cytoskeleton,0.43367639936933866,1.7924095365715338,0.0,0.0019562419888974735,0.145,79/198,16.55%,MSN;ITGAX;ARPC1B;ENAH;FGD3;CXCR4;BCAR1;MYH9;LIMK1;PIK3CD;ARHGEF1;ITGA6;PFN1;ITGB2;ACTB;ITGAM;CFL1;ARPC5L;BDKRB2;ITGB6;IQGAP3;ACTR3C;ITGAL;HRAS;RRAS2;VCL;RAC2;ACTN1;NCKAP1L;PAK1;PIP4K2C;SRC;ARPC4;PPP1CA;GNA12;VAV1;MAPK3;BAIAP2;ITGAE;VAV2;MAP2K2;PAK4;ARPC3;ARPC2;ARAF;CYFIP1;DIAPH3;ITGA4;ITGAV;PIP4K2A;ITGA3;ACTR2;PIK3R3;ITGB4;ARHGEF4;RAC1;PPP1R12C;CYFIP2;ARPC1A;MAP2K1;PAK6;EZR;CRK;LPAR5;RRAS;LPAR2;ITGA10;ITGB7;RHOA;TIAM1;DIAPH1;MYLK4;PIP5K1C;ACTG1;PAK2;IQGAP2;MYL12A;ROCK2;BDKRB1,False
prerank,Base excision repair,0.5775381134994657,1.7844166994411776,0.003389830508474576,0.0021371144594024565,0.158,14/33,15.74%,POLB;POLE2;PARP3;POLE4;PARP4;PCNA;APEX2;TDG;FEN1;POLD3;POLD2;PARP1;POLD1;MPG,False
prerank,Starch and sucrose metabolism,0.5983547611565907,1.78017270493716,0.0,0.0021928652713868687,0.165,12/28,18.62%,PYGL;GYS1;GPI;PGM2;HK2;GYG1;HK3;PGM2L1;PGM1;GANC;GAA;HK1,False
prerank,Insulin signaling pathway,0.45263231498604745,1.7822219095752458,0.0,0.0021997755611076254,0.164,44/130,12.37%,SOCS3;PYGL;PPP1R3C;FLOT2;GYS1;SHC1;PHKA1;EIF4EBP1;SOCS1;PIK3CD;SREBF1;AKT1;FLOT1;HK2;HRAS;RPS6KB2;PRKCI;MKNK1;CALM1;PPP1CA;PHKG2;EIF4E2;GRB2;MAPK3;PRKAR1B;IKBKB;MAP2K2;HK3;TRIP10;ARAF;CALML5;PDE3B;AKT2;PIK3R3;SOCS2;MAPK8;EIF4E;EXOC7;PTPN1;MTOR;PRKAB1;MAP2K1;CALML3;CRK,False
prerank,Transcriptional misregulation in cancer,0.43957626984414866,1.7648397908234383,0.0,0.0025485262709816396,0.188,60/154,17.58%,NR4A3;PLAT;BIRC3;BAX;NTRK1;CXCL8;PML;PLAU;CCND2;MMP9;GZMB;DDX5;HDAC1;NFKB1;ITGAM;EWSR1;MMP3;RARA;REL;BAK1;CDKN1A;RELA;CDK9;CSF2;HMGA2;ZBTB17;CCNA2;BCL2A1;IGFBP3;TRAF1;TFE3;ETV4;DOT1L;SPI1;PRCC;BMP2K;MYC;IL6;NFKBIZ;GADD45G;CD40;ERG;FLT1;RUNX1;CEBPB;SMAD1;FLT3;BIRC2;MEN1;ITGB7;DUSP6;TCF3;CD86;PER2;GADD45A;MAF;DDB2;JUP;FCGR1A;FLI1,False
prerank,Focal adhesion,0.4277876967843432,1.7628512039299535,0.0,0.0025725724751413568,0.192,71/193,16.31%,TNC;PGF;COL4A4;COL6A6;BIRC3;SHC1;CAPN2;FLNA;BCAR1;ZYX;CCND3;VEGFA;CCND2;PIK3CD;COL4A2;ITGA6;ACTB;AKT1;ITGB6;COL4A1;HRAS;VCL;THBS1;RAC2;FLNB;ACTN1;JUN;PAK1;COMP;SRC;PARVG;PPP1CA;GRB2;VAV1;MAPK3;VAV2;VWF;PAK4;LAMB3;FLT1;ITGA4;ITGAV;AKT2;ITGA3;PIK3R3;COL6A5;ITGB4;RAC1;PPP1R12C;MAPK8;THBS2;COL6A3;BIRC2;MAP2K1;LAMA4;PAK6;RAP1B;CRK;VASP;ITGA10;ITGB7;RHOA;DIAPH1;ELK1;MYLK4;PIP5K1C;ACTG1;PAK2;COL6A1;MYL12A;ROCK2,False
prerank,Endocytosis,0.4172178694149768,1.759267842664334,0.0,0.0026630833326293777,0.2,92/241,19.22%,RAB31;ARPC1B;PLD2;AGAP2;CXCR4;LDLR;IL2RA;IL2RG;CCR5;PML;TGFBR1;HGS;CXCR1;DNM2;ARRB2;RAB35;ARPC5L;AP2S1;EHD4;ACTR3C;HRAS;PRKCI;HSPA8;SRC;ARPC4;CYTH2;CYTH4;HSPA6;CYTH1;CAPZB;ARAP3;ARFGAP1;ARAP2;VPS37B;SMAP2;EPN1;RAB7A;ASAP1;HLA-B;GRK6;SNX5;RAB10;PIP5KL1;NEDD4;ARPC3;HLA-F;ARPC2;EPN3;CAPZA1;AP2M1;CBLC;GBF1;STAM;ACTR2;VPS25;LDLRAP1;ARF3;ARF4;RAB5A;HLA-A;EHD1;ARPC1A;ARRB1;RAB8A;GRK5;HLA-E;ZFYVE27;RAB22A;CLTA;CHMP1A;RHOA;HLA-C;PIP5K1C;AP2A1;CBL;CLTB;BIN1;GRK4;CHMP6;ARFGEF2;VPS29;RABEP1;RUFY1;RNF41;ARPC5;CLTC;SH3GL1;IST1;VPS28;ACTR3;RAB5C;DNAJC6,False
prerank,Vascular smooth muscle contraction,0.4495433441110833,1.7545335229076366,0.0,0.002774239834264637,0.209,43/119,18.96%,PLA2G2F;PLA2G4E;PLA2G3;PLA2G4D;MYH9;PLCB3;ARHGEF1;ADCY3;PRKCQ;PLCB2;ADM;ADCY7;CALM1;EDNRA;PPP1CA;GNA12;MAPK3;ADCY9;RAMP3;PLA2G2A;MAP2K2;EDN2;ARAF;CALML5;PLA2G4B;PPP1R12C;RAMP1;PRKCH;MYL6;MAP2K1;CALML3;PLA2G4F;MYL6B;RHOA;PTGIR;MYLK4;ADCY4;ROCK2;AVPR1A;CALML4;CACNA1C;ADORA2B;PPP1R12B,False
prerank,Complement and coagulation cascades,0.4942151964164783,1.7506851445764755,0.0015698587127158557,0.0028616891791598633,0.215,29/65,16.74%,SERPINE1;ITGAX;PLAUR;PLAT;F12;PLAU;ITGB2;ITGAM;SERPINA1;BDKRB2;PROCR;VWF;CFB;C5AR1;THBD;F2RL2;C1QC;C1R;PROC;C1QB;SERPINF2;F13A1;C2;C3AR1;A2M;C1S;BDKRB1;C9;MASP1,False
prerank,Bacterial invasion of epithelial cells,0.48411306667321524,1.7474979435323124,0.0015625,0.0029368731313216987,0.222,29/69,15.49%,ARPC1B;SHC1;BCAR1;PIK3CD;DNM2;HCLS1;ACTB;ARPC5L;CDH1;ACTR3C;MAD2L2;RHOG;VCL;SRC;ARPC4;CTTN;ARPC3;ARPC2;ACTR2;PIK3R3;ELMO3;RAC1;ARPC1A;CRK;CLTA;RHOA;ACTG1;CBL;CLTB,False
prerank,"Growth hormone synthesis, secretion and action",0.4510841509454028,1.7428005447285473,0.0,0.0031187896822382137,0.236,33/106,12.37%,SOCS3;STAT3;SHC1;BCAR1;SOCS1;ATF4;PIK3CD;PLCB3;MAPK11;AKT1;ADCY3;JUNB;GNAI2;PLCB2;HRAS;PLCG2;ADCY7;STAT1;IGFBP3;GRB2;MAPK3;ADCY9;PLCG1;MAP2K3;MAP2K2;STAT5A;AKT2;PIK3R3;SOCS2;MAPK8;MTOR;MAP2K1;CRK,False
prerank,Fluid shear stress and atherosclerosis,0.44165191193507153,1.7372455078843656,0.0,0.0032978637870466577,0.248,45/135,12.16%,SELE;PLAT;CTSL;CCL2;VEGFA;PIK3CD;MMP9;TNFRSF1A;MAPK11;VCAM1;ACTB;NFKB1;CYBA;TXN;AKT1;ICAM1;RAC2;RELA;HMOX1;CALM1;JUN;NCF2;GSTO1;SRC;KLF2;NOS3;IKBKG;IKBKB;ACVR1;GSTP1;TNF;MAPK7;CALML5;BMP4;ITGAV;AKT2;HSP90B1;PIK3R3;CHUK;RAC1;KEAP1;MAPK8;THBD;ARHGEF2;CALML3,False
prerank,Diabetic cardiomyopathy,0.42634939930698496,1.7168081745074806,0.0,0.004069124994870012,0.301,69/166,19.96%,GYS1;PPIF;TGFB1;TGFBR1;PIK3CD;MMP9;GAPDH;PLCB3;MAPK11;CD36;NFKB1;CYBA;AKT1;SLC25A5;PLCB2;VDAC1;RAC2;RELA;NCF2;PPP1CA;NOS3;CTSD;NDUFB9;UQCRC1;COX5A;VDAC2;NDUFA9;NDUFV1;AKT2;NDUFS6;PIK3R3;RAC1;MAPK8;CYC1;SLC2A1;NDUFS8;MTOR;PARP1;CPT1B;VDAC3;NDUFAB1;ATP2A2;G6PD;NDUFB8;COX6A1;NDUFB4;UQCRFS1;COX8A;NDUFB10;UQCRQ;SDHB;COX7B;NDUFA1;UQCRH;NDUFS2;REN;NCF1;ACE;NDUFA8;COX6C;NDUFB6;NDUFB3;NDUFS3;NDUFB1;UQCRC2;NCF4;NDUFA11;COX6B1;COX7A2,False
prerank,MicroRNAs in cancer,0.41336705001731766,1.7051830565547292,0.0,0.004628210837205939,0.332,60/200,14.31%,TNC;ST14;CDC25B;STAT3;FSCN1;CD44;E2F3;SHC1;ABCC1;EZH2;DNMT1;SOCS1;VEGFA;PLAU;CCND2;PIK3CD;MMP9;HDAC1;FOXP1;CDC25A;NFKB1;MCL1;CDCA5;BCL2L11;KIF23;CCNE1;HRAS;PLCG2;THBS1;BAK1;CDKN1A;HMOX1;PIM1;HMGA2;GRB2;CCNE2;MAPK3;IKBKB;MYC;E2F1;PTGS2;PLCG1;CDC25C;MAP2K2;PAK4;MAPK7;PIK3R3;RASSF1;BRCA1;CDKN2A;DICER1;MTOR;MAP2K1;EZR;CRK;SLC7A1;CYP24A1;RHOA;STMN1;E2F2,False
prerank,Prostate cancer,0.4515926288824698,1.6998658427349826,0.0030816640986132513,0.004885821000656812,0.34,33/93,11.97%,PLAT;E2F3;ATF4;PLAU;PIK3CD;MMP9;NFKB1;RB1;AKT1;MMP3;CCNE1;HRAS;CDKN1A;RELA;NFKBIA;GRB2;CCNE2;MAPK3;IKBKG;IKBKB;E2F1;GSTP1;MAP2K2;ERG;CDK2;ARAF;AKT2;HSP90B1;PIK3R3;CHUK;CASP9;MTOR;MAP2K1,False
prerank,Adipocytokine signaling pathway,0.4810515185462627,1.698087349556278,0.0,0.004942253168466617,0.346,26/66,12.10%,SOCS3;STAT3;NFKBIE;NFKBIB;TRAF2;TNFRSF1A;CD36;TNFRSF1B;NFKB1;AKT1;PRKCQ;RELA;NFKBIA;TRADD;STK11;ADIPOR2;IKBKG;IKBKB;TNF;AKT2;CHUK;MAPK8;SLC2A1;MTOR;PRKAB1;CPT1B,True
prerank,Rap1 signaling pathway,0.4084979325284606,1.6834821711283054,0.0,0.005657345084546009,0.392,62/194,13.07%,PGF;EPHA2;ENAH;RALB;CSF1;BCAR1;VEGFA;PIK3CD;PLCB3;SIPA1L2;P2RY1;MAPK11;PFN1;ITGB2;ACTB;ITGAM;AKT1;ADCY3;CDH1;GNAI2;LCP2;PLCB2;ID1;ITGAL;HRAS;ADCY7;THBS1;PRKCI;RASGRP2;RAC2;CALM1;SRC;ARAP3;VAV1;MAPK3;RGS14;ADCY9;FARP2;PLCG1;GNAO1;MAP2K3;VAV2;MAP2K2;MAGI3;FPR1;FLT1;CALML5;NGF;AKT2;EVL;PIK3R3;RAC1;MAP2K1;RAP1B;CALML3;CRK;SKAP1;LPAR5;VASP;RRAS;LPAR2;RASGRP3,False
prerank,Coronavirus disease,0.40476900626420637,1.6786111072652172,0.0,0.005921963582709874,0.41,73/200,16.90%,STAT3;MMP1;TRAF3;HBEGF;OAS1;CXCL8;OAS3;IFIH1;MYD88;CCL2;NFKBIB;PIK3CD;IRAK1;TNFRSF1A;MX1;MAPK11;SELP;NFKB1;OAS2;ADAR;MMP3;IRF9;STAT2;DDX58;PLCG2;IFNAR2;MX2;RELA;JUN;SYK;CSF2;STAT1;TYK2;NFKBIA;TLR2;RPL26L1;CXCL10;NLRP3;IRF3;MAPK3;IKBKG;ADAM17;IKBKB;IL6R;IL6;TNF;FCGR2A;PLCG1;VWF;ISG15;IKBKE;PIK3R3;CHUK;MAPK8;CFB;C5AR1;C1QC;C1R;RPL17;IRAK4;C1QB;IL12B;F13A1;RPL22L1;C2;EIF2AK2;IL1B;TLR8;C3AR1;C1S;C9;MASP1;RPL36AL,False
prerank,alpha-Linolenic acid metabolism,0.6015574568046975,1.6679593653679028,0.010050251256281407,0.006659813046434194,0.449,7/19,8.76%,PLA2G2F;PLA2G4E;PLA2G3;PLA2G4D;ACOX3;PLA2G2A;PLA2G4B,False
prerank,Ferroptosis,0.5095029999501587,1.6623375917720806,0.00847457627118644,0.006973634043197211,0.473,16/40,16.86%,ALOX15;STEAP3;HMOX1;SLC3A2;VDAC2;ATG7;LPCAT3;SAT1;SAT2;VDAC3;SLC7A11;GPX4;GSS;ATG5;FTH1;ACSL4,False
prerank,Proteoglycans in cancer,0.39650296484537395,1.658975910417461,0.0,0.007302881606352254,0.492,69/197,16.31%,MSN;WNT5A;STAT3;PLAUR;CD44;HBEGF;FLNA;CTSL;WNT7A;TGFB1;VEGFA;PLAU;PIK3CD;MMP9;ARHGEF1;DDX5;MAPK11;HPSE;HCLS1;ACTB;AKT1;HRAS;RRAS2;PLCG2;RPS6KB2;THBS1;FZD9;CDKN1A;FLNB;FZD2;PAK1;TLR2;SRC;CTTN;PPP1CA;FZD5;GRB2;VAV1;MAPK3;FASLG;FZD10;MYC;TNF;PLCG1;VAV2;MAP2K2;WNT9A;ARAF;ITGAV;AKT2;HIF1A;PIK3R3;RAC1;PPP1R12C;MTOR;MAP2K1;EZR;FAS;ANK1;RRAS;IL12B;RHOA;TIAM1;ELK1;ACTG1;CBL;RPS6KB1;PTPN6;ROCK2,False
prerank,Synaptic vesicle cycle,0.4657305683913658,1.6557436988748044,0.0032948929159802307,0.007508180005291996,0.503,29/67,20.88%,ATP6V0D1;TCIRG1;STX3;DNM2;SLC6A11;NAPA;AP2S1;ATP6V1B2;ATP6V1C2;ATP6V0B;AP2M1;SNAP25;CLTA;ATP6V1D;ATP6V1C1;AP2A1;ATP6V1G1;CPLX1;STX1B;CLTB;ATP6V0E1;STX1A;ATP6V1A;ATP6V0A1;STXBP1;CLTC;UNC13A;STX2;ATP6V0A2,False
prerank,GnRH signaling pathway,0.4390784447597591,1.6496348424791698,0.006172839506172839,0.007947164607634066,0.523,28/91,14.41%,PLA2G4E;PLD2;HBEGF;PLA2G4D;ATF4;PLCB3;MAPK11;ADCY3;PLCB2;HRAS;ADCY7;CALM1;JUN;SRC;GRB2;MAPK3;ADCY9;MAP2K3;MAP2K2;MAPK7;CALML5;PLA2G4B;MAPK8;MAP2K1;CALML3;PLA2G4F;MAP3K3;ELK1,False
prerank,Insulin resistance,0.43383642663429534,1.6403198010597568,0.0015220700152207,0.008466248454689549,0.548,33/100,12.10%,SOCS3;PYGL;PPP1R3C;STAT3;GYS1;PIK3CD;TNFRSF1A;RPS6KA1;CD36;NFKB1;SREBF1;AKT1;PRKCQ;RPS6KB2;RELA;NFKBIA;PPP1CA;NOS3;IKBKB;IL6;TNF;PPARGC1B;SLC27A4;MLX;AKT2;SLC27A6;PIK3R3;MAPK8;SLC2A1;PTPN1;MTOR;PRKAB1;CPT1B,False
prerank,Glycolysis / Gluconeogenesis,0.4637117423842641,1.6404341603241293,0.004580152671755725,0.008516932080832927,0.547,19/62,11.62%,ENO1;PKM;GPI;LDHA;TPI1;GAPDH;PGK1;PFKP;PGM2;ALDOA;PGAM1;HK2;BPGM;ADH7;ADPGK;HK3;PFKL;ALDH3B2;LDHAL6B,False
prerank,FoxO signaling pathway,0.4180530212762951,1.63292110536888,0.0,0.009181664903796417,0.578,45/126,12.24%,SGK1;STAT3;AGAP2;TNFSF10;CCNB1;TGFB1;TGFBR1;CCND2;CCNB2;IL7R;PIK3CD;MAPK11;HOMER3;SOD2;AKT1;BCL2L11;S1PR4;HRAS;CDKN1A;IL10;STK11;KLF2;PLK1;GRB2;MAPK3;HOMER1;FASLG;IKBKB;PRMT1;IL6;MAP2K2;GADD45G;CDK2;ARAF;PLK3;AKT2;CDKN2D;PIK3R3;CHUK;CSNK1E;MAPK8;PLK2;PRKAB1;MAP2K1;PLK4,False
prerank,Arginine and proline metabolism,0.4901764188298197,1.6329381080241128,0.009508716323296355,0.009246324515794983,0.578,17/46,11.99%,CKMT1A;CKMT1B;SMOX;MAOB;ODC1;LAP3;GOT2;SRM;GOT1;AMD1;NOS3;ALDH4A1;PYCR1;SAT1;SAT2;AGMAT;CNDP2,False
prerank,Spinocerebellar ataxia,0.41378212115661844,1.6271722605056127,0.0,0.009669926717574039,0.603,58/132,19.48%,PPIF;TRAF2;PIK3CD;PLCB3;PSMD11;AKT1;SLC25A5;PSMC4;PLCB2;PSMD2;VDAC1;PSMA3;PSMD6;PSMA5;PSMA4;XBP1;PSMD1;PSMB3;NRBF2;CYCS;NOP56;PSMA7;ADRM1;VDAC2;PSMC5;AKT2;BECN1;PSMB5;PIK3R3;PSMB6;PSMD3;PSMB1;PSMB2;PSMD9;MAPK8;PSMD13;PSMA6;PSMC6;MTOR;PSMA1;ATXN1;VDAC3;PSMB4;PSMD7;PSMC1;PSMC3;ATP2A2;KCND3;GRIN3B;PSMB7;PSMD12;PSMD4;PSMD8;ATG2A;ERN1;PSMC2;VLDLR;ATG101,False
prerank,Linoleic acid metabolism,0.5581749763558692,1.6257893165239168,0.015437392795883362,0.009792277677399982,0.612,8/23,8.76%,PLA2G2F;ALOX15;PLA2G4E;PLA2G3;CYP2E1;PLA2G4D;PLA2G2A;PLA2G4B,False
prerank,mRNA surveillance pathway,0.4365335837051615,1.624187909727269,0.004694835680751174,0.009931727128113469,0.618,45/91,27.09%,EIF4A3;DAZAP1;NXF1;PPP1CA;PABPC4L;SMG5;PPP2R5B;CPSF4;ALYREF;PPP2R2D;PABPN1;NXT1;TARDBP;ACIN1;BCL2L2-PABPN1;PPP2R3C;CSTF2;PPP2R2C;RNPS1;CLP1;PPP2R1B;MAGOH;PYM1;DDX19A;CPSF2;GSPT1;SSU72;PPP2CA;CPSF7;PABPC4;PPP2R1A;PABPC1L;CPSF1;UPF3B;ETF1;DDX39B;WDR82;CPSF3;SYMPK;NCBP2;MAGOHB;PABPC1;PAPOLA;NCBP1;GLE1,False
prerank,Fanconi anemia pathway,0.4799552724865741,1.6177102458850678,0.004942339373970346,0.010526126238927612,0.637,23/49,18.90%,BLM;FANCI;FANCD2;BRCA2;SLX4;FANCA;UBE2T;TELO2;RAD51;ATRIP;BRIP1;BRCA1;PALB2;FAAP100;MUS81;EME1;FANCG;MLH1;ATR;FAAP24;REV1;RPA3;EME2,False
prerank,Gastric acid secretion,0.4458210159203035,1.5923141277093114,0.008333333333333333,0.013622064249197988,0.736,22/69,15.92%,HRH2;KCNK10;KCNJ15;CA2;PLCB3;ACTB;ADCY3;GNAI2;SLC4A2;PLCB2;ADCY7;ATP1A1;CALM1;ADCY9;CALML5;CALML3;EZR;ATP1B3;MYLK4;ACTG1;ADCY4;KCNQ1,False
prerank,Estrogen signaling pathway,0.40104660476254567,1.5828677565924998,0.0015527950310559005,0.014919578314553277,0.759,32/132,9.47%,KRT16;SHC1;HBEGF;ATF4;PIK3CD;MMP9;PLCB3;KRT14;AKT1;ADCY3;GNAI2;PLCB2;HRAS;RARA;ADCY7;KRT17;CALM1;JUN;HSPA8;SRC;HSPA6;NOS3;GRB2;MAPK3;ADCY9;CTSD;GNAO1;MAP2K2;CALML5;AKT2;HSP90B1;PIK3R3,False
prerank,Arachidonic acid metabolism,0.4649236497921756,1.5818354922443185,0.0112,0.014957168538584597,0.761,16/51,8.76%,PLA2G2F;ALOX15;PLA2G4E;PLA2G3;CYP2E1;PLA2G4D;PTGES;PTGES2;GPX1;GPX2;ALOX12B;PTGS2;PLA2G2A;TBXAS1;GGT5;PLA2G4B,False
prerank,Renal cell carcinoma,0.44506470236093,1.5808463938036073,0.006125574272588055,0.01503056659526761,0.763,28/65,15.50%,TGFB1;VEGFA;PIK3CD;ETS1;AKT1;HRAS;CDKN1A;JUN;PAK1;GRB2;MAPK3;TFE3;PRCC;MAP2K2;PAK4;ARAF;AKT2;HIF1A;PIK3R3;RAC1;SLC2A1;MAP2K1;PAK6;RAP1B;CRK;EGLN2;PAK2;FH,False
prerank,Autophagy,0.3982521650298152,1.5787479862644302,0.0014347202295552368,0.015220216192849646,0.769,47/133,18.41%,VMP1;CTSB;CTSL;PIK3CD;DAPK2;RRAGC;AKT1;PRKCQ;DAPK3;HRAS;RRAS2;RPS6KB2;STK11;ATG4B;NRBF2;TP53INP2;AKT1S1;MAPK3;RAB1A;RAB7A;CTSD;ATG9A;MAP2K2;MTMR14;AKT2;HIF1A;BECN1;ATG7;PIK3R3;MAPK8;MTOR;ATG4D;MAP2K1;RAB8A;ATG9B;RRAS;ATG5;EIF2S1;ATG16L1;ATG4A;RPS6KB1;MLST8;ATG3;PPP2CA;ATG2A;TBK1;ERN1,False
prerank,Glycosphingolipid biosynthesis,0.47402135426102876,1.5666271913801486,0.02,0.0169302098158545,0.806,13/44,13.44%,FUT3;FUT2;NAGA;B3GNT5;FUT1;B3GNT2;FUT7;B4GALT1;B3GNT3;GLA;FUT6;ST6GALNAC3;GLB1,False
prerank,mTOR signaling pathway,0.3882060672255031,1.5649521119386314,0.0014792899408284023,0.01706946262386369,0.808,52/146,16.49%,SGK1;WNT5A;EIF4EBP1;WNT7A;PIK3CD;SESN2;TNFRSF1A;RPS6KA1;RRAGC;AKT1;ATP6V1B2;HRAS;ATP6V1C2;RPS6KB2;SLC7A5;FZD9;FZD2;TELO2;SLC3A2;STK11;FZD5;EIF4E2;GRB2;AKT1S1;MAPK3;FZD10;IKBKB;PRR5;TNF;MAP2K2;CAB39;WNT9A;CLIP1;AKT2;PIK3R3;CHUK;GRB10;EIF4E;MAPKAP1;MTOR;MAP2K1;LPIN3;DVL1;ATP6V1D;SEC13;RHOA;ATP6V1C1;ATP6V1G1;RPS6KB1;ATP6V1A;MLST8;SLC38A9,False
prerank,Pancreatic secretion,0.4263044985110335,1.5581489281737793,0.015360983102918587,0.01795850550881746,0.817,25/77,16.50%,PLA2G2F;PLA2G3;PRSS3;CA2;PLCB3;ADCY3;SLC4A2;PLCB2;ADCY7;ATP1A1;CLCA2;TPCN2;ADCY9;PLA2G2A;CD38;RAC1;RAB8A;RAP1B;ATP2A2;CPA2;RHOA;ATP1B3;ADCY4;KCNQ1;SLC4A4,False
prerank,Pentose and glucuronate interconversions,0.544994562125154,1.5576300803212362,0.025210084033613446,0.01796638413455988,0.82,10/22,23.14%,AKR1B10;UGT1A7;UGT1A10;UGT1A1;CRYL1;DHDH;UGDH;GUSB;UGT2B7;UGT1A3,False
prerank,Tight junction,0.38166070948132014,1.5539755333782133,0.0029717682020802376,0.018294117315486177,0.829,66/158,19.04%,MSN;TJP2;SYNPO;ARPC1B;CD1B;MYH9;CD1C;TUBA1C;HCLS1;ACTB;ARPC5L;MICALL2;SCRIB;ACTR3C;SLC9A3R1;PRKCI;ACTN1;JUN;SRC;ARPC4;STK11;CTTN;LLGL2;PCNA;RAB13;NEDD4;ARPC3;ARPC2;LLGL1;WAS;PPP2R2D;ACTR2;RUNX1;RAC1;CD1E;MAPK8;TUBA1B;ARPC1A;MYL6;PRKAB1;ARHGEF2;RAB8A;PPP2R2C;EZR;HSPA4;VASP;PPP2R1B;CLDN14;MYL6B;RHOA;TIAM1;BVES;TUBA4A;ACTG1;CD1D;MYL12A;ROCK2;CLDN17;PPP2CA;TJP1;MYL12B;PPP2R1A;ARPC5;PRKAG1;CLDN7;ACTR3,False
prerank,Thyroid cancer,0.4899449176165249,1.5544173586775383,0.024429967426710098,0.0183669925597053,0.829,13/37,7.93%,BAX;NTRK1;TFG;CDH1;TPM3;RET;HRAS;BAK1;CDKN1A;MAPK3;MYC;MAP2K2;GADD45G,False
prerank,Glioma,0.43258746701167516,1.5512916552155391,0.006125574272588055,0.01859280813829196,0.837,26/74,12.16%,E2F3;SHC1;BAX;PIK3CD;RB1;AKT1;HRAS;PLCG2;BAK1;CDKN1A;CALM1;CAMK4;GRB2;MAPK3;E2F1;PLCG1;MAP2K2;GADD45G;ARAF;CALML5;AKT2;PIK3R3;CDKN2A;MTOR;MAP2K1;CALML3,False
prerank,"Parathyroid hormone synthesis, secretion and action",0.4069342975621837,1.546652103266586,0.0015873015873015873,0.019043748942483955,0.847,35/98,16.12%,PLD2;HBEGF;CYP27B1;ATF4;PLCB3;ARHGEF1;MMP25;ARRB2;ADCY3;GNAI2;PDE4B;PLCB2;ADCY7;SLC9A3R1;TNFSF11;CDKN1A;SOST;GNA12;MAPK3;ADCY9;ARAF;MMP15;NR4A2;MMP13;MMP17;PDE4A;ARRB1;MAP2K1;VDR;CYP24A1;RHOA;JUND;PTHLH;ADCY4;ATF6B,False
prerank,Porphyrin and chlorophyll metabolism,0.4982016310901619,1.5479960339642456,0.018092105263157895,0.01908478056503884,0.844,16/32,23.14%,HEPHL1;UGT1A7;HMOX2;COX10;HMOX1;HMBS;UGT1A10;BLVRA;UGT1A1;HCCS;ALAS1;UROD;FXN;GUSB;UGT2B7;UGT1A3,False
prerank,Non-homologous end-joining,0.6524679852255708,1.546775685323566,0.03460837887067395,0.019153520421663253,0.847,6/11,15.64%,FEN1;LIG4;PRKDC;DCLRE1C;XRCC4;XRCC6,False
prerank,Citrate cycle (TCA cycle),0.5150265323128201,1.5416467457649246,0.024096385542168676,0.01992749498921349,0.859,18/29,31.48%,IDH3A;ACO2;IDH3B;IDH2;OGDHL;IDH3G;SDHB;FH;CS;MDH2;DLAT;SUCLG1;MDH1;PC;PCK2;SDHD;OGDH;DLD,False
prerank,Leukocyte transendothelial migration,0.40706592225408117,1.536481814261297,0.007598784194528876,0.020775392776935044,0.87,47/103,21.58%,MSN;CXCR4;BCAR1;ITK;PIK3CD;MMP9;MAPK11;VCAM1;ITGB2;ACTB;ITGAM;CYBA;ICAM1;GNAI2;ITGAL;PLCG2;VCL;THY1;RAC2;ACTN1;NCF2;RHOH;VAV1;PLCG1;VAV2;ITGA4;PIK3R3;RAC1;RAP1B;EZR;VASP;CLDN14;RHOA;ACTG1;ESAM;MYL12A;ROCK2;CLDN17;NCF1;MYL12B;CLDN7;NCF4;SIPA1;CTNNA1;PXN;CDH5;ROCK1,False
prerank,Glucagon signaling pathway,0.4043000251311837,1.5321248029931398,0.006220839813374806,0.021480112090175914,0.875,24/96,12.16%,PYGL;PKM;GYS1;PHKA1;LDHA;ATF4;PLCB3;PFKP;AKT1;PPP4C;PGAM1;PLCB2;CALM1;PHKG2;PRMT1;CALML5;PDE3B;AKT2;PFKL;SLC2A1;LDHAL6B;PRKAB1;CPT1B;CALML3,False
prerank,Homologous recombination,0.484633935730976,1.5269431576222914,0.01576182136602452,0.022407516364999856,0.885,14/37,13.35%,BLM;BRCA2;RAD51;BRIP1;BRCA1;POLD3;PALB2;POLD2;RAD54L;MUS81;EME1;UIMC1;POLD1;SSBP1,False
prerank,Choline metabolism in cancer,0.4002990287142756,1.5249307979539857,0.004437869822485207,0.022691888006679234,0.89,32/94,16.17%,PLA2G4E;PLD2;PLA2G4D;EIF4EBP1;PIK3CD;SLC22A3;AKT1;DGKZ;HRAS;RPS6KB2;RAC2;JUN;GRB2;MAPK3;PLCG1;MAP2K2;PLA2G4B;WAS;AKT2;HIF1A;PIK3R3;RAC1;MAPK8;MTOR;MAP2K1;DGKD;PLA2G4F;PIP5K1C;RALGDS;DGKE;RPS6KB1;DGKH,False
prerank,Riboflavin metabolism,0.704812435204724,1.5237043216007857,0.04181818181818182,0.022883136481548237,0.893,5/8,19.10%,ACP5;ACP2;FLAD1;ACP1;RFK,False
prerank,Folate biosynthesis,0.5571363317295444,1.513853832994879,0.022569444444444444,0.024799489644604454,0.915,8/20,9.92%,AKR1B10;GCH1;FPGS;PTS;GGH;DHFR;ALPL;SPR,False
prerank,ECM-receptor interaction,0.4059533178084228,1.4980182065707155,0.010903426791277258,0.028104148294318468,0.938,24/83,13.50%,TNC;CD47;COL4A4;CD44;COL6A6;COL4A2;ITGA6;CD36;ITGB6;COL4A1;THBS1;COMP;VWF;LAMB3;ITGA4;ITGAV;ITGA3;COL6A5;ITGB4;THBS2;COL6A3;LAMA4;ITGA10;ITGB7,False
prerank,Cholesterol metabolism,0.4597823975680452,1.4910941722557163,0.027491408934707903,0.02974313970071882,0.952,15/41,12.28%,ANGPTL4;LDLR;PCSK9;CD36;LIPA;VDAC1;LIPG;NPC1;STARD3;VDAC2;NCEH1;LDLRAP1;LRPAP1;PLTP;VDAC3,False
prerank,Colorectal cancer,0.40359193905690804,1.4872875982615348,0.004559270516717325,0.030606088326297097,0.956,36/86,16.64%,RALB;BAX;TGFB1;TGFBR1;PIK3CD;AKT1;AREG;BCL2L11;HRAS;BIRC5;RPS6KB2;BAK1;RAC2;CDKN1A;JUN;CYCS;GRB2;MAPK3;MYC;MAP2K2;GADD45G;ARAF;AKT2;PIK3R3;RAC1;CASP9;MAPK8;MTOR;MAP2K1;RHOA;MLH1;RALGDS;GADD45A;RPS6KB1;DDB2;AXIN1,False
prerank,Phenylalanine metabolism,0.5705102966526971,1.4827327917094293,0.05913978494623656,0.031412795012616894,0.96,6/14,15.63%,IL4I1;MAOB;GOT2;GOT1;ALDH3B2;ALDH3B1,False
prerank,N-Glycan biosynthesis,0.4466955351884478,1.4830743807322668,0.024429967426710098,0.03150668493371937,0.96,25/49,22.04%,ST6GAL1;DPAGT1;B4GALT1;MGAT5;DPM2;ALG1;RPN2;RPN1;DDOST;MOGS;ALG3;DOLPP1;TUSC3;ALG2;ALG5;GANAB;MGAT5B;STT3A;DOLK;DPM1;ALG14;ALG12;DAD1;MGAT4B;MGAT1,False
prerank,Oxytocin signaling pathway,0.37681466651075546,1.483305042858334,0.0030120481927710845,0.03160166028743576,0.958,50/140,18.96%,PLA2G4E;PLA2G4D;PLCB3;PIK3R5;ACTB;ADCY3;GNAI2;PLCB2;HRAS;ADCY7;CDKN1A;CALM1;CAMK4;JUN;SRC;PPP1CA;NOS3;MAPK3;PIK3CG;ADCY9;NFATC1;PTGS2;GNAO1;MAP2K2;MAPK7;CALML5;PLA2G4B;CD38;PPP1R12C;OXTR;MYL6;PRKAB1;MAP2K1;CALML3;CACNB4;PLA2G4F;MYL6B;RCAN1;RHOA;ELK1;MYLK4;ACTG1;ADCY4;ROCK2;NFATC3;CALML4;CACNB3;CACNA1C;PRKAG1;PPP1R12B,False
prerank,Longevity regulating pathway,0.39065250384533134,1.474296420923649,0.010769230769230769,0.033570462304505645,0.969,28/97,11.73%,BAX;EIF4EBP1;ATF4;PIK3CD;SESN2;HDAC1;SOD2;NFKB1;AKT1;ADCY3;HRAS;ADCY7;RPS6KB2;RELA;CAMK4;HSPA8;STK11;HSPA6;EIF4E2;AKT1S1;ADIPOR2;ADCY9;CLPB;AKT2;PIK3R3;EIF4E;MTOR;PRKAB1,False
prerank,Pentose phosphate pathway,0.49792274202633424,1.4732498365068174,0.04065040650406504,0.03369826857724453,0.971,14/27,18.06%,GPI;PFKP;PGM2;ALDOA;TKT;PFKL;GLYCTK;PRPS1;G6PD;DERA;PGD;TALDO1;PGM1;TKTL1,False
prerank,Non-small cell lung cancer,0.41077473938810427,1.465298212737364,0.015220700152207,0.03596514635761258,0.978,25/71,10.40%,STAT3;E2F3;BAX;JAK3;PIK3CD;RB1;AKT1;RET;HRAS;PLCG2;BAK1;CDKN1A;GRB2;MAPK3;E2F1;PLCG1;MAP2K2;GADD45G;ARAF;STAT5A;AKT2;PIK3R3;RASSF1;CASP9;CDKN2A,False
prerank,Thyroid hormone synthesis,0.40951954398261614,1.4486602079009139,0.02388535031847134,0.04128467019314943,0.986,22/66,17.68%,SLC5A5;DUOX1;ATF4;PLCB3;ADCY3;PLCB2;GPX1;ADCY7;ATP1A1;GPX2;PDIA4;ADCY9;HSPA5;SLC26A4;HSP90B1;DUOX2;ATP1B3;GPX3;ADCY4;ATF6B;CANX;DUOXA2,False
prerank,Morphine addiction,0.40332165493071714,1.4469223864423486,0.01910828025477707,0.04152738607688882,0.986,29/75,20.42%,ARRB2;ADCY3;GNAI2;PDE4B;GNB5;ADCY7;ADCY9;GRK6;GNAO1;PDE10A;PDE3B;GNG4;PDE8A;PDE4A;ARRB1;PDE7A;GRK5;PDE1B;GNG2;ADCY4;GRK4;GNGT2;GABRR1;GNB2;GNG5;GABRG3;GABRR2;GNG10;GABRQ,False
prerank,One carbon pool by folate,0.5375685594606684,1.4426426380835187,0.05641025641025641,0.04265334970207953,0.986,8/18,11.77%,GART;MTHFR;MTHFD1L;TYMS;DHFR;MTFMT;MTHFD2;SHMT2,False
prerank,Apelin signaling pathway,0.3633164009338215,1.4409951849830562,0.016717325227963525,0.042938591268708526,0.986,35/128,12.93%,SERPINE1;SPHK1;PLAT;TGFBR1;PLCB3;PIK3R5;AKT1;ADCY3;CDH1;GNAI2;GNB5;PLCB2;HRAS;RRAS2;ADCY7;RPS6KB2;CALM1;CAMK4;KLF2;NOS3;MAPK3;PIK3CG;ADCY9;MAP2K2;CALML5;PDE3B;AKT2;BECN1;GNG4;MTOR;PRKAB1;MAP2K1;CALML3;RRAS;GNG2,False
prerank,Glutathione metabolism,0.42552758046952704,1.4297784414157728,0.043478260869565216,0.04705523394850989,0.988,22/51,17.54%,RRM2;CHAC1;ODC1;LAP3;SRM;GPX1;GSTO1;GPX2;GSTK1;GSTP1;GGT5;CHAC2;ANPEP;IDH2;GGCT;GPX4;GSS;G6PD;GPX3;PGD;OPLAH;RRM2B,False
prerank,Drug metabolism,0.3829496990238155,1.4274673202226136,0.021739130434782608,0.047723124299509735,0.99,33/91,18.07%,TYMP;UGT1A7;UPP1;RRM2;FMO2;CYP2E1;IMPDH1;TK1;MAOB;XDH;ITPA;GSTO1;GSTK1;ADH7;GSTP1;UCKL1;TPMT;UGT1A10;UCK2;CES2;NME6;NME1;ALDH3B2;UGT1A1;DPYD;ALDH3B1;HPRT1;FMO3;NME4;RRM2B;NAT1;NME2;UMPS,False
prerank,Type II diabetes mellitus,0.43387074253173213,1.4248715235045113,0.04707792207792208,0.04843565251461941,0.99,13/44,11.38%,SOCS3;PKM;SOCS1;PIK3CD;HK2;MAPK3;IKBKB;TNF;HK3;PIK3R3;SOCS2;MAPK8;MTOR,False
prerank,Protein digestion and absorption,0.38271772227753964,1.4223295093789516,0.022189349112426034,0.0492289411227677,0.99,33/87,24.04%,COL4A4;COL6A6;PRSS3;SLC1A5;COL4A2;COL4A1;COL15A1;DPP4;ATP1A1;SLC36A1;SLC3A2;COL27A1;SLC9A3;COL22A1;COL6A5;COL6A3;COL8A2;SLC36A4;CPA2;ATP1B3;KCNQ1;COL6A1;COL12A1;COL9A3;COL5A2;COL4A3;SLC7A8;COL16A1;KCNN4;SLC8A2;COL11A2;CPB1;SLC15A1,False
prerank,cGMP-PKG signaling pathway,0.3540987943748109,1.4131240799700346,0.007352941176470588,0.05240303038240678,0.994,43/149,17.31%,PPIF;ATF4;PLCB3;CNGB1;PIK3R5;AKT1;ADCY3;SLC25A5;BDKRB2;GNAI2;PLCB2;VDAC1;ADCY7;ATP1A1;CALM1;SRF;EDNRA;PPP1CA;NOS3;GNA12;MAPK3;PIK3CG;ADCY9;NFATC1;MAP2K2;VDAC2;CALML5;PDE3B;AKT2;MAP2K1;CALML3;VDAC3;VASP;ATP2A2;EDNRB;RHOA;ATP1B3;MYLK4;ADCY4;ATF6B;ROCK2;NFATC3;CALML4,False
prerank,Arginine biosynthesis,0.5115131195416845,1.4100848541348976,0.08135593220338982,0.05339277010517761,0.994,7/19,10.76%,GPT2;GOT2;GOT1;NOS3;NAGS;ASL;GLUL,False
prerank,Chemical carcinogenesis,0.34071507739162865,1.4080221469374667,0.009831460674157303,0.054002207923339984,0.994,45/196,9.47%,UGT1A7;KPNA2;STAT3;CYP2E1;EIF4EBP1;CCND3;ATF4;VEGFA;PIK3CD;CHRNA9;RPS6KA1;ARRB2;CDC25A;NFKB1;RB1;AKT1;ADCY3;EPHX3;GNAI2;CDC6;HRAS;ADCY7;BIRC5;RPS6KB2;TNFSF11;RELA;JUN;GSTO1;SRC;GRB2;CHRNA3;MAPK3;GSTK1;ADCY9;MYC;E2F1;GSTP1;PTGS2;MAP2K2;STAT5A;UGT1A10;AKT2;IKBKE;HSP90B1;PIK3R3,False
prerank,Inositol phosphate metabolism,0.3931666581135745,1.399847884370414,0.032520325203252036,0.05731024533279168,0.995,19/72,9.19%,IPPK;SYNJ2;TPI1;PIK3CD;PLCB3;PI4KB;PLCB2;ITPK1;PLCG2;PLCD4;PIP4K2C;PIK3CG;MTM1;PLCG1;INPP1;PIP5KL1;MTMR14;PIP4K2A;INPP5E,False
prerank,ErbB signaling pathway,0.3780050460804167,1.3911781347796137,0.045941807044410414,0.060949599526047324,0.998,35/82,16.36%,SHC1;HBEGF;EIF4EBP1;PIK3CD;AKT1;AREG;HRAS;PLCG2;RPS6KB2;CDKN1A;JUN;ABL2;PAK1;SRC;NCK2;GRB2;MAPK3;MYC;PLCG1;MAP2K2;PAK4;ARAF;STAT5A;AKT2;PIK3R3;MAPK8;MTOR;MAP2K1;PAK6;CRK;ELK1;PAK2;CBL;RPS6KB1;NRG1,False
prerank,Protein export,0.48496977688085613,1.3799287828807483,0.08145580589254767,0.06601438160737554,0.999,11/22,16.16%,SEC61A1;OXA1L;HSPA5;SEC61B;SEC61G;SRP19;SPCS2;SEC11C;SPCS3;SRP54;SRPRB,False
prerank,Glycerophospholipid metabolism,0.3727880490347673,1.3789655788189292,0.04134762633996937,0.06614102052363113,0.999,29/89,16.18%,PLA2G2F;PLA2G4E;LPCAT1;PLA2G3;PLD2;PLA2G4D;DGKZ;PGS1;LYPLA2;ACHE;PLA2G2A;GPAT4;PLA2G4B;MBOAT7;CHAT;LPCAT3;PNPLA6;PTDSS2;AGPAT2;DGKD;LPIN3;PLA2G4F;LCLAT1;PLA1A;AGPAT5;TAZ;DGKE;DGKH;PISD,False
prerank,Mitophagy,0.3889078357957861,1.376802806221317,0.05853658536585366,0.06704346464388332,0.999,21/65,13.76%,ATF4;PGAM5;MFN1;HRAS;RRAS2;RELA;JUN;SRC;TFE3;RAB7A;ATG9A;E2F1;RHOT2;HIF1A;BECN1;MAPK8;UBB;TFEB;ATG9B;RRAS;ATG5,False
prerank,Carbohydrate digestion and absorption,0.4302526712078389,1.3714574276524432,0.07345575959933222,0.06952507456589392,0.999,10/37,9.47%,PIK3CD;PLCB3;SLC5A1;AKT1;HK2;PLCB2;ATP1A1;HK3;AKT2;PIK3R3,False
prerank,Ether lipid metabolism,0.42339039911525245,1.3681942648440946,0.060995184590690206,0.07088353079097158,0.999,10/40,8.76%,PLA2G2F;PLA2G4E;LPCAT1;PLA2G3;PLD2;PLA2G4D;GDPD3;PAFAH1B3;PLA2G2A;PLA2G4B,False
prerank,"Neomycin, kanamycin and gentamicin biosynthesis",0.7178727596507994,1.3652169354590018,0.11977186311787072,0.07220732440267864,0.999,4/5,27.59%,HK2;HK3;HK1;GCK,False
prerank,Alcoholism,0.3617322950085287,1.3632656209187777,0.04821150855365474,0.07275633480917731,0.999,30/97,18.56%,SHC1;ATF4;NTRK2;HDAC1;MAOB;GNAI2;GNB5;HRAS;CALM1;CAMK4;FOSB;PPP1CA;GRB2;MAPK3;GNAO1;HDAC3;ARAF;CALML5;GNG4;HAT1;MAP2K1;CALML3;GNG2;ATF6B;GRIN3B;GNGT2;GNB2;CALML4;GNG5;ADORA2B,False
prerank,Thyroid hormone signaling pathway,0.3499307187641105,1.3605093825752383,0.042748091603053436,0.07398854149029249,0.999,35/115,14.45%,PIK3CD;PFKFB2;PLCB3;PFKP;HDAC1;ACTB;AKT1;PLCB2;HRAS;PLCG2;ATP1A1;PLCD4;STAT1;SRC;MAPK3;MYC;PLCG1;MAP2K2;HDAC3;MED16;MED14;BMP4;ITGAV;AKT2;HIF1A;MED27;PIK3R3;CASP9;PFKL;SLC2A1;MTOR;MAP2K1;RCAN1;ATP2A2;ATP1B3,False
prerank,Thermogenesis,0.3289894636495585,1.3559254601473787,0.014347202295552367,0.07627059522042452,0.999,98/191,29.10%,MAPK11;RPS6KA1;ACTB;ADCY3;COX10;HRAS;ADCY7;RPS6KB2;GRB2;AKT1S1;ADCY9;NDUFB9;UQCRC1;MAP2K3;SIRT6;COX5A;NDUFA9;NDUFV1;NDUFS6;COA6;CYC1;NDUFS8;SMARCB1;MTOR;PRKAB1;CPT1B;NDUFAB1;NDUFAF2;COA7;SMARCD1;NDUFB8;COX6A1;NDUFB4;UQCRFS1;CPT1C;COA4;COX8A;NDUFB10;UQCRQ;SDHB;NDUFAF4;ACTG1;COX7B;ADCY4;NDUFA1;RPS6KB1;NDUFAF6;MLST8;ACSL4;UQCRH;NDUFS2;COX17;DPF1;NDUFA8;COX6C;NDUFB6;NDUFB3;NDUFS3;NDUFB1;UQCRC2;PRKAG1;NDUFA11;COX6B1;COX7A2;ACTL6A;NDUFA6;NDUFB11;RPTOR;UQCR11;COX5B;COX6B2;NDUFA4;SMARCD3;KDM1A;NDUFA10;CREB3;UQCR10;NDUFS5;ADCY5;NDUFS7;LIPE;CREB3L2;NDUFA3;MAPK14;NDUFB2;NRAS;NDUFAF3;NDUFC1;NDUFAF1;COX7C;NDUFB7;PNPLA2;MAPK12;SDHD;NDUFV3;COA3;COX14;RHEB,False
prerank,Long-term depression,0.3962922036962886,1.3535045324126675,0.07308970099667775,0.07726849892834575,0.999,16/54,13.06%,PLA2G4E;LYN;PLA2G4D;PLCB3;GNAI2;PLCB2;HRAS;GNA12;MAPK3;GNAO1;MAP2K2;ARAF;PLA2G4B;MAP2K1;PPP2R1B;PLA2G4F,False
prerank,Calcium signaling pathway,0.3199592875206445,1.3467513013474788,0.024623803009575923,0.0809568948582553,0.999,48/215,12.52%,HRH1;SPHK1;HRH2;CXCR4;NTRK1;PHKA1;GNA15;PPIF;LTB4R2;VEGFA;PLCB3;HTR7;NTRK2;PTAFR;ADCY3;SLC25A5;BDKRB2;PLCB2;RET;PLCG2;VDAC1;ADCY7;CALM1;PLCD4;CAMK4;GDNF;MCOLN2;EDNRA;PHKG2;TPCN2;NOS3;ADCY9;PLCG1;CACNA1I;VDAC2;FLT1;CALML5;NGF;CD38;OXTR;GNA14;MCOLN1;CALML3;ORAI2;VDAC3;ITPKC;PDE1B;P2RX4,False
prerank,Hippo signaling pathway,0.33208711296313886,1.3362559336424642,0.025411061285500747,0.08636422507254347,0.999,45/155,12.20%,SERPINE1;WNT5A;BIRC3;SOX2;WNT7A;TGFB1;CCND3;TGFBR1;CCND2;SMAD7;YWHAH;ITGB2;ACTB;CRB2;CDH1;AREG;SCRIB;ID1;BIRC5;PRKCI;FZD9;YWHAG;FZD2;PAK1;YWHAQ;PPP1CA;LLGL2;FZD5;FZD10;YWHAZ;MYC;WNT9A;LLGL1;PPP2R2D;BMP4;FBXW11;RASSF1;DLG5;RASSF2;CSNK1E;YAP1;SMAD1;BIRC2;TEAD4;PPP2R2C,False
prerank,Breast cancer,0.3371555805453723,1.3367168075019529,0.03720238095238095,0.08649935300803129,0.999,32/134,9.63%,NFKB2;WNT5A;E2F3;SHC1;BAX;WNT7A;CSNK1A1;PIK3CD;RB1;AKT1;HRAS;RPS6KB2;TNFSF11;BAK1;BRCA2;FZD9;CDKN1A;JUN;FZD2;FZD5;GRB2;MAPK3;FZD10;MYC;E2F1;MAP2K2;GADD45G;WNT9A;ARAF;AKT2;PIK3R3;BRCA1,False
prerank,cAMP signaling pathway,0.3249796423904147,1.3338465673053517,0.020891364902506964,0.08746724495595853,0.999,51/194,14.71%,PLD2;PIK3CD;CNGB1;NFKB1;AKT1;ADCY3;GNAI2;PDE4B;HCAR2;RRAS2;ADCY7;ATP1A1;RAC2;RELA;CALM1;CAMK4;JUN;PAK1;NFKBIA;HCAR3;GIPR;EDNRA;PPP1CA;ARAP3;VAV1;MAPK3;ADCY9;ACOX3;NFATC1;VAV2;MAP2K2;EDN2;PDE10A;CALML5;PDE3B;AKT2;PIK3R3;RAC1;PDE4A;MAPK8;OXTR;MAP2K1;RAP1B;CALML3;RRAS;FFAR2;ATP2A2;RHOA;TIAM1;ATP1B3;ADCYAP1,False
prerank,"Alanine, aspartate and glutamate metabolism",0.42935969908654203,1.3285964270910218,0.1040268456375839,0.09068189820692664,1.0,14/32,20.13%,IL4I1;FOLH1;GPT2;GOT2;GOT1;ALDH4A1;ASL;ADSL;GLUL;ASNS;RIMKLB;PPAT;CAD;NIT2,False
prerank,Aminoacyl-tRNA biosynthesis,0.4623065203772053,1.3272684346628068,0.1310344827586207,0.09109792653687175,1.0,14/25,28.84%,GATB;MTFMT;MARS2;FARSB;FARS2;FARSA;SARS2;YARS2;HARS2;QRSL1;DARS2;LARS2;EARS2;AARS2,False
prerank,Other glycan degradation,0.5008161377162889,1.3142816718519754,0.1546572934973638,0.09936420760971747,1.0,7/16,18.76%,MAN2B1;GBA;NEU2;GBA2;GLB1;NEU1;ENGASE,False
prerank,Mucin type O-glycan biosynthesis,0.4247962230942193,1.3072523157640294,0.10963455149501661,0.10385289265237392,1.0,11/33,12.62%,GALNT6;GCNT4;GALNT18;GALNT5;B3GNT6;ST6GALNAC1;GALNT10;B3GNT3;B4GALT5;GCNT3;ST6GALNAC3,False
prerank,Retrograde endocannabinoid signaling,0.33102493785488685,1.3034996458192454,0.06880733944954129,0.10621691158280144,1.0,55/124,26.11%,PLCB3;MAPK11;ADCY3;GNAI2;GNB5;PLCB2;ADCY7;MAPK3;ADCY9;PTGS2;NDUFB9;GNAO1;NDUFA9;NDUFV1;NDUFS6;GNG4;MAPK8;NDUFS8;NDUFAB1;GNG2;DAGLA;NDUFB8;NDUFB4;NDUFB10;ADCY4;NDUFA1;GNGT2;GABRR1;GNB2;NDUFS2;GNG5;NDUFA8;GABRG3;NDUFB6;NDUFB3;NDUFS3;CACNA1C;NDUFB1;GABRR2;NDUFA11;GNG10;GABRQ;NDUFA6;CACNA1D;NDUFB11;NDUFA4;NDUFA10;GABRA4;NDUFS5;ADCY5;NDUFS7;CACNA1A;NDUFA3;MAPK14;NDUFB2,False
prerank,Melanogenesis,0.33989595628369634,1.3002953396757368,0.07620528771384137,0.10790248189656003,1.0,26/96,15.52%,WNT5A;WNT7A;PLCB3;ADCY3;GNAI2;PLCB2;HRAS;ADCY7;FZD9;CALM1;FZD2;FZD5;MAPK3;ADCY9;FZD10;GNAO1;MAP2K2;WNT9A;CALML5;TYRP1;MAP2K1;CALML3;DVL1;EDNRB;TYR;ADCY4,False
prerank,Vitamin digestion and absorption,0.46819872055417233,1.2915798692986171,0.1552346570397112,0.11470521376832903,1.0,4/20,1.54%,SLC5A6;ABCC1;SLC52A3;FOLH1,False
prerank,Phosphatidylinositol signaling system,0.3455031365877062,1.2877554551788322,0.07309486780715396,0.11740966140550524,1.0,29/92,16.17%,IPPK;SYNJ2;PIK3CD;PLCB3;DGKZ;PI4KB;PLCB2;ITPK1;PLCG2;CALM1;PLCD4;PIP4K2C;MTM1;PLCG1;INPP1;CALML5;MTMR14;PIP4K2A;INPP5E;PIK3R3;CALML3;ITPKC;DGKD;INPP5D;IMPA1;PPIP5K1;PIP5K1C;DGKE;DGKH,False
prerank,Bile secretion,0.35521136173416534,1.2827319310560226,0.08466453674121406,0.12120960317251131,1.0,20/70,16.50%,UGT1A7;LDLR;CA2;SLC5A1;ADCY3;SLC4A2;ADCY7;ATP1A1;ABCG2;SLC9A3;ADCY9;UGT1A10;NCEH1;SLC2A1;HMGCR;ABCC2;UGT1A1;ATP1B3;ADCY4;SLC4A4,False
prerank,Long-term potentiation,0.3647229628153886,1.275808707720593,0.11021069692058347,0.12663796942259165,1.0,15/63,12.16%,ATF4;PLCB3;RPS6KA1;PLCB2;HRAS;CALM1;CAMK4;PPP1CA;MAPK3;MAP2K2;ARAF;CALML5;MAP2K1;RAP1B;CALML3,False
prerank,Nicotinate and nicotinamide metabolism,0.41289345085812373,1.2740603078597024,0.13884007029876977,0.12753643505461823,1.0,12/32,14.67%,PNP;NAMPT;NADSYN1;SIRT7;SIRT6;NAPRT;NT5C2;CD38;SIRT2;NNMT;NADK;NT5C,False
prerank,Nucleotide excision repair,0.38632004448188395,1.2724257602863096,0.15041322314049588,0.12846451503458786,1.0,22/45,26.03%,POLE2;POLE4;PCNA;RFC4;POLD3;POLD2;CDK7;POLD1;ERCC3;GTF2H1;DDB2;RPA3;RBX1;RFC3;RFC5;POLE3;RFC2;GTF2H2;ERCC2;POLD4;RPA1;LIG1,False
prerank,Gastric cancer,0.3219223400117947,1.2701617839507842,0.06932153392330384,0.12971099850703519,1.0,33/134,9.47%,WNT5A;E2F3;SHC1;BAX;WNT7A;CSNK1A1;TGFB1;TGFBR1;PIK3CD;RB1;AKT1;CDH1;CCNE1;HRAS;RPS6KB2;BAK1;FZD9;CDKN1A;FZD2;FZD5;GRB2;CCNE2;MAPK3;FZD10;MYC;E2F1;MAP2K2;GADD45G;WNT9A;CDK2;ARAF;AKT2;PIK3R3,False
prerank,Cholinergic synapse,0.33091682641362297,1.2646723007843395,0.09233176838810642,0.13321656523675227,1.0,23/101,9.57%,ATF4;PIK3CD;PLCB3;PIK3R5;AKT1;ADCY3;GNAI2;GNB5;PLCB2;HRAS;ADCY7;CAMK4;CHRNA6;ACHE;CHRNA3;MAPK3;PIK3CG;ADCY9;GNAO1;CHAT;AKT2;PIK3R3;GNG4,False
prerank,AMPK signaling pathway,0.3271371740156726,1.2650078734805283,0.08630952380952381,0.13354950026083268,1.0,34/114,14.87%,GYS1;EIF4EBP1;PIK3CD;PFKFB2;PFKP;CD36;SREBF1;AKT1;SCD;RPS6KB2;CCNA2;STK11;PFKFB3;AKT1S1;ADIPOR2;PPP2R5B;CAB39;RAB10;PPP2R2D;AKT2;PIK3R3;PFKFB4;PPP2R3C;PFKL;HMGCR;MTOR;PRKAB1;RAB8A;CPT1B;PPP2R2C;PPP2R1B;CPT1C;CRTC2;ELAVL1,False
prerank,Adherens junction,0.3575206110034505,1.2622180882312248,0.10174880763116058,0.13480291969495578,1.0,23/66,19.01%,TGFBR1;ACTB;LMO7;CDH1;VCL;RAC2;ACTN1;SRC;YES1;MAPK3;PTPRJ;FARP2;BAIAP2;WAS;RAC1;PTPN1;PTPRB;RHOA;ACTG1;PTPN6;ACP1;TJP1;CSNK2B,False
prerank,Dopaminergic synapse,0.31939172653754233,1.248096584191689,0.10240963855421686,0.14761094774453837,1.0,33/119,18.49%,ATF4;PLCB3;MAPK11;ARRB2;MAOB;AKT1;GNAI2;GNB5;PLCB2;CALM1;PPP1CA;PPP2R5B;GNAO1;CALML5;PPP2R2D;AKT2;GNG4;PPP2R3C;MAPK8;ARRB1;CALML3;PPP2R2C;PPP2R1B;GNG2;GSK3A;ATF6B;GNGT2;GNB2;PPP2CA;CALML4;GNG5;PPP2R1A;CACNA1C,False
prerank,Mismatch repair,0.43443270509427795,1.2450739891335507,0.1892361111111111,0.15012031143188242,1.0,15/23,26.03%,EXO1;PCNA;RFC4;POLD3;POLD2;POLD1;SSBP1;MLH1;RPA3;RFC3;RFC5;RFC2;POLD4;RPA1;LIG1,False
prerank,Melanoma,0.35306000658373515,1.2376432509272755,0.14330708661417324,0.15684738066964948,1.0,18/63,11.97%,E2F3;BAX;PIK3CD;RB1;AKT1;CDH1;HRAS;BAK1;CDKN1A;MAPK3;E2F1;MAP2K2;GADD45G;ARAF;AKT2;PIK3R3;CDKN2A;MAP2K1,False
prerank,Gap junction,0.3317955465875573,1.2319226343301841,0.1171875,0.16114770148385857,1.0,16/79,8.37%,TUBB6;PLCB3;TUBA1C;ADCY3;GNAI2;PLCB2;HRAS;ADCY7;CDK1;SRC;TUBB2A;GRB2;MAPK3;ADCY9;MAP2K2;MAPK7,False
prerank,ABC transporters,0.37394809791473316,1.2321029014277824,0.16556291390728478,0.16171772247236105,1.0,11/43,12.46%,TAP2;ABCC1;ABCG4;TAP1;ABCB8;ABCG2;ABCA7;ABCD1;ABCG1;ABCB10;ABCC2,False
prerank,Various types of N-glycan biosynthesis,0.3847028143515703,1.2218737195752216,0.1951219512195122,0.17118477158488957,1.0,16/37,23.91%,B4GALT1;ALG1;RPN2;RPN1;DDOST;ALG3;TUSC3;ALG2;STT3A;ALG14;B4GALNT3;ALG12;DAD1;MGAT4B;MGAT1;MAN1A1,False
prerank,Maturity onset diabetes of the young,-0.6046132914828737,-1.5093629237538728,0.05088495575221239,0.17120724170946122,0.817,6/12,24.72%,PAX6;HNF4A;MAFA;HES1;SLC2A2;PKLR,False
prerank,GnRH secretion,0.34277521309309705,1.2205829105979273,0.1344,0.1717864685463101,1.0,14/61,11.97%,PIK3CD;PLCB3;ARRB2;AKT1;PLCB2;HRAS;MAPK3;KCNN1;CACNA1I;MAP2K2;AKT2;PIK3R3;ARRB1;MAP2K1,False
prerank,Hepatocellular carcinoma,0.30008121278601024,1.217203573486651,0.0968208092485549,0.17510005252446945,1.0,40/161,11.97%,WNT5A;E2F3;SHC1;BAX;WNT7A;CSNK1A1;TGFB1;TGFBR1;PIK3CD;ACTB;RB1;AKT1;HRAS;PLCG2;RPS6KB2;BAK1;FZD9;CDKN1A;HMOX1;FZD2;GSTO1;FZD5;GRB2;MAPK3;FZD10;MYC;E2F1;GSTP1;PLCG1;MAP2K2;GADD45G;WNT9A;ARAF;AKT2;PIK3R3;KEAP1;CDKN2A;SMARCB1;MTOR;MAP2K1,False
prerank,Cysteine and methionine metabolism,0.36893098343711406,1.2129183996906159,0.17455138662316477,0.17833642945710632,1.0,12/44,15.54%,IL4I1;DNMT1;LDHA;GOT2;SRM;GOT1;AMD1;AHCY;MAT2A;LDHAL6B;GSS;AHCYL1,False
prerank,Adrenergic signaling in cardiomyocytes,0.3088261730643197,1.2132037033982408,0.11834319526627218,0.17880790271333089,1.0,38/135,18.49%,ATF4;PLCB3;PIK3R5;MAPK11;AKT1;ADCY3;GNAI2;PLCB2;TPM3;ADCY7;ATP1A1;SCN4B;CALM1;TPM4;PPP1CA;MAPK3;CREM;PIK3CG;ADCY9;PPP2R5B;CALML5;PPP2R2D;AKT2;PPP2R3C;CALML3;PPP2R2C;CACNB4;PPP2R1B;ATP2A2;ATP1B3;ADCY4;KCNQ1;ATF6B;PPP2CA;CALML4;CACNB3;PPP2R1A;CACNA1C,False
prerank,Endometrial cancer,0.3542752085548696,1.2114731732984394,0.1664,0.17925728393039636,1.0,22/58,16.64%,BAX;PIK3CD;AKT1;CDH1;HRAS;BAK1;CDKN1A;GRB2;MAPK3;MYC;MAP2K2;GADD45G;ARAF;AKT2;PIK3R3;CASP9;MAP2K1;ELK1;MLH1;GADD45A;DDB2;AXIN1,False
prerank,Serotonergic synapse,0.31732616069258784,1.2101930227757745,0.12559618441971382,0.17988200875612076,1.0,19/97,9.57%,ALOX15;PLA2G4E;HTR3A;PLA2G4D;PLCB3;HTR7;MAOB;GNAI2;GNB5;PLCB2;CYP4X1;HRAS;MAPK3;ALOX12B;PTGS2;GNAO1;ARAF;PLA2G4B;GNG4,False
prerank,Vasopressin-regulated water reabsorption,0.3788875825709078,1.2093614700091295,0.1913477537437604,0.17999769102633878,1.0,8/39,10.79%,AQP3;STX4;ARHGDIB;ADCY3;ARHGDIA;ADCY9;DYNLL1;RAB5A,False
prerank,Fat digestion and absorption,0.4056958018959076,1.2066615390400792,0.18927973199329984,0.18229942194949664,1.0,8/28,11.12%,PLA2G2F;PLA2G3;DGAT1;CD36;GOT2;PLA2G2A;SLC27A4;AGPAT2,False
prerank,Butanoate metabolism,-0.5079856442942327,-1.5317987962843398,0.032407407407407406,0.19079119157454957,0.768,19/25,31.91%,ALDH5A1;ACAT1;AACS;L2HGDH;HMGCL;ABAT;HMGCLL1;ACSM3;ACSM6;HMGCS2;HADH;BDH2;EHHADH;ACAT2;GAD1;HMGCS1;OXCT2;HADHA;ACSM1,False
prerank,Mineral absorption,0.34996506862820226,1.1980194494178533,0.18078175895765472,0.19132401050275527,1.0,17/56,16.16%,HEPHL1;HMOX2;SLC26A9;TRPM6;SLC5A1;SLC26A6;MT1M;ATP1A1;HMOX1;ATOX1;SLC9A3;MT1F;VDR;CLCN2;ATP1B3;MT2A;FTH1,False
prerank,Proximal tubule bicarbonate reclamation,0.42765168332880454,1.192693524173844,0.21492007104795738,0.19692994185603488,1.0,7/22,16.50%,CA2;ATP1A1;SLC9A3;SLC25A10;ATP1B3;CA4;SLC4A4,False
prerank,Aldosterone-regulated sodium reabsorption,0.38100527013802943,1.189228250474899,0.21035058430717862,0.20035233330381286,1.0,7/33,9.47%,SGK1;SFN;PIK3CD;SCNN1A;ATP1A1;MAPK3;PIK3R3,False
prerank,Renin secretion,0.3336159576587388,1.183517141384353,0.18092105263157895,0.20651010500309597,1.0,18/63,18.49%,CTSB;PLCB3;PTGER4;GNAI2;PLCB2;CALM1;CLCA2;EDNRA;EDN2;CALML5;PDE3B;CALML3;PDE1B;ADCYAP1;REN;CALML4;ACE;CACNA1C,False
prerank,Cocaine addiction,0.356493657151745,1.182037569513489,0.20602218700475436,0.2074199280919631,1.0,8/45,5.44%,CDK5R1;ATF4;MAOB;NFKB1;GNAI2;RELA;JUN;FOSB,False
prerank,Fatty acid degradation,-0.36606072471659895,-1.292937356842644,0.09582309582309582,0.2143963791452694,0.998,21/43,26.64%,ALDH3A2;ADH6;ACADL;ACAT1;ADH1B;ECI2;ACOX1;ACSL1;CYP2U1;HADH;ALDH2;ADH1C;ACSBG2;EHHADH;ACADM;ACADSB;ACSBG1;ACAA2;ACAT2;ACSL6;ECI1,False
prerank,Hedgehog signaling pathway,-0.3677721879002541,-1.3138267219698772,0.11023622047244094,0.2153497994737441,0.995,12/49,7.92%,CCND1;BOC;DISP1;BCL2;GAS1;CDON;PTCH1;GSK3B;SMO;EFCAB7;BTRC;SPOP,False
prerank,Glutamatergic synapse,0.30568025233573926,1.1716832757494384,0.1907790143084261,0.21941732563775815,1.0,27/102,18.49%,PLA2G4E;PLD2;PLA2G4D;PLCB3;HOMER3;ADCY3;GNAI2;SHANK3;GNB5;PLCB2;ADCY7;MAPK3;HOMER1;ADCY9;GNAO1;PLA2G4B;GNG4;GLUL;GNG2;PLA2G4F;ADCY4;GRIN3B;GNGT2;GNB2;GRM8;GNG5;CACNA1C,False
prerank,Axon guidance,-0.29403585887957057,-1.29660001122615,0.011235955056179775,0.2240652549643759,0.997,42/177,11.13%,PAK3;EFNA5;GDF7;PLXNA2;PARD3;EPHB1;PLXNA4;BOC;SRGAP2;NEO1;PIK3R1;RYK;TRPC1;SEMA3D;SEMA3E;PTK2;GNAI1;PTCH1;EPHB6;EFNB3;TRPC6;SEMA3B;GSK3B;PARD6G;SMO;SRGAP3;LRIG2;FYN;DCC;PARD6B;PIK3CA;CAMK2D;BMP7;EPHA3;NCK1;SEMA4G;SEMA5A;WNT4;RASA1;ARHGEF12;SEMA6D;WNT5B,False
prerank,Nicotine addiction,-0.39212001351971676,-1.2770249382476007,0.11822660098522167,0.22430150578814514,0.998,10/30,15.03%,GABRB2;GABRD;GRIN2A;GRIN3A;GABRB3;GABRA2;GRIA1;GRIA4;SLC17A7;GRIN2B,False
prerank,"Valine, leucine and isoleucine degradation",-0.44281373107955163,-1.562425715652663,0.007407407407407408,0.22438854556532334,0.687,24/46,24.52%,ALDH3A2;ALDH6A1;PCCA;ACAT1;AACS;DBT;BCKDHB;HMGCL;BCAT2;ABAT;HIBADH;AUH;HMGCLL1;AOX1;HMGCS2;HADH;ALDH2;MCCC1;ACAD8;EHHADH;ACADM;ACADSB;ACAA2;ACAT2,False
prerank,Biosynthesis of unsaturated fatty acids,-0.41357826932448705,-1.3140833221359436,0.10173697270471464,0.23294745698784347,0.995,13/27,20.46%,SCD5;ELOVL6;HACD4;ACOT2;FADS1;SCP2;ACOX1;ELOVL3;FADS2;HACD3;ACOT1;ELOVL5;ELOVL2,False
prerank,Glycosaminoglycan biosynthesis,0.34425902165744426,1.1591859565791534,0.23529411764705882,0.2349344784425141,1.0,19/51,20.28%,HS3ST3A1;HS3ST3B1;CHST1;CHPF2;HS3ST1;B3GNT7;B3GNT2;EXTL3;B4GALT1;CHST11;EXT1;EXT2;HS6ST1;DSE;NDST2;ST3GAL1;B4GALT7;CSGALNACT1;CHST13,False
prerank,Fatty acid biosynthesis,-0.4677970800692389,-1.3205048638114725,0.11943793911007025,0.24399623355146027,0.995,10/17,25.58%,ACACB;MECR;ACSL1;OLAH;FASN;CBR4;HSD17B8;ACSBG2;ACSBG1;ACSL6,False
prerank,Endocrine and other factor-regulated calcium reabsorption,0.3448338294724085,1.1506152892639734,0.22553897180762852,0.24565956728530464,1.0,13/47,15.49%,PLCB3;DNM2;AP2S1;BDKRB2;PLCB2;ATP1A1;ADCY9;AP2M1;VDR;CLTA;ATP1B3;AP2A1;CLTB,False
prerank,Cushing syndrome,0.28602069680192427,1.146817077754066,0.19882179675994108,0.2497529749665618,1.0,40/145,16.64%,WNT5A;E2F3;LDLR;WNT7A;ATF4;PLCB3;NR4A1;ARMC5;RB1;ADCY3;GNAI2;PLCB2;CCNE1;ADCY7;FZD9;CDKN1A;FZD2;FZD5;CCNE2;MAPK3;ADCY9;FZD10;E2F1;CACNA1I;MAP2K2;WNT9A;CDK2;NCEH1;PDE8A;CDKN2A;MAP2K1;RAP1B;MEN1;DVL1;E2F2;FH;ADCY4;WDR5;ATF6B;AXIN1,False
prerank,Peroxisome,-0.334199353775922,-1.3301997269012484,0.04825737265415549,0.2508486378274872,0.995,28/80,15.24%,ACOT8;PEX12;EPHX2;PEX7;PHYH;HMGCL;PXMP4;ECI2;PIPOX;PECR;PEX11A;GNPAT;NOS2;PEX19;SCP2;PEX5L;ACOX2;ABCD3;HMGCLL1;FAR2;ACOX1;MVK;ACSL1;HAO2;HACL1;PXMP2;SOD1;NUDT7,False
prerank,Aldosterone synthesis and secretion,0.30803395002572465,1.145082054474176,0.21669341894060995,0.25127886511588454,1.0,22/90,18.66%,LDLR;ATF4;PLCB3;NR4A1;ADCY3;PLCB2;ADCY7;ATP1A1;CALM1;CAMK4;ADCY9;CACNA1I;CALML5;NR4A2;CALML3;DAGLA;ATP1B3;ADCY4;ATF6B;CALML4;CACNA1C;CYP11A1,False
prerank,Propanoate metabolism,-0.42999020601553717,-1.4244175001506656,0.05134474327628362,0.2613978588214814,0.956,13/33,15.02%,ALDH6A1;PCCA;ACAT1;DBT;ACSS3;BCKDHB;ACSS2;ACACB;ABAT;LDHAL6A;ACOX1;ACSS1;SUCLG2,False
prerank,Signaling pathways regulating pluripotency of stem cells,-0.3098884492989439,-1.3353957134037147,0.029154518950437316,0.2688948849624278,0.993,39/129,14.77%,ACVR2A;ID4;LIF;WNT2B;SMAD4;ACVR1B;AXIN2;KAT6A;PIK3R1;FZD8;TBX3;BMPR1A;MEIS1;WNT2;SMAD9;FGFR2;PAX6;GSK3B;WNT6;REST;JAK2;SMAD3;SMAD2;PIK3CA;PCGF5;HOXA1;SMAD5;WNT7B;WNT4;ID2;DLX5;ZFHX3;WNT5B;POU5F1B;FZD1;FZD4;WNT3A;APC;RIF1,False
prerank,RNA degradation,0.3158027614854032,1.124574749839011,0.24666666666666667,0.28072129682258673,1.0,26/72,21.65%,ENO1;MPHOSPH6;PFKP;BTG3;SKIV2L;XRN2;PABPC4L;CNOT6;LSM7;PFKL;HSPA9;EXOSC9;EXOSC8;EXOSC4;ENO3;HSPD1;LSM2;PNPT1;PATL1;EXOSC10;DCPS;PABPC4;PABPC1L;LSM4;EXOSC1;LSM1,False
prerank,Wnt signaling pathway,0.278711570470032,1.121532365043474,0.22788605697151423,0.28431785553103023,1.0,32/155,10.33%,FOSL1;WNT5A;PPARD;WNT7A;CSNK1A1;CCND3;CCND2;PLCB3;PLCB2;TLE3;RAC2;FZD9;JUN;FZD2;PRICKLE4;SOST;FZD5;RUVBL1;CUL1;PORCN;CTBP2;FZD10;MYC;NFATC1;DKK4;WNT9A;BAMBI;FBXW11;RAC1;PRICKLE2;CSNK1E;MAPK8,False
prerank,Nitrogen metabolism,-0.5163927155259247,-1.3860437722844705,0.08352668213457076,0.28618678736182435,0.984,7/15,10.38%,CA13;CA9;CA3;CA1;GLUD1;CA5B;CPS1,False
prerank,TGF-beta signaling pathway,-0.3352643129035114,-1.3431323081411548,0.047619047619047616,0.2868831055792497,0.993,21/87,10.47%,RGMB;ACVR2A;ID4;GDF7;SMAD4;ACVR1B;NEO1;TGFB2;SP1;BMPR1A;SMAD9;DCN;BMP2;GREM2;E2F5;SMAD3;SMAD2;BMP7;NOG;SMAD5;ID2,False
prerank,Circadian rhythm,-0.37859898486758814,-1.2282008416690342,0.15538847117794485,0.2912248544643726,1.0,11/30,18.08%,RORC;PRKAB2;RORA;CRY2;FBXL3;BTRC;RORB;ARNTL;PRKAA2;PRKAG2;CREB1,False
prerank,Sulfur metabolism,0.5020106970551655,1.1149464353710514,0.3376865671641791,0.292679261899411,1.0,2/8,3.26%,ETHE1;PAPSS2,False
prerank,Cortisol synthesis and secretion,0.31851553192237647,1.1150757380572103,0.2639593908629442,0.2936494179949916,1.0,11/58,10.05%,LDLR;ATF4;PLCB3;NR4A1;ADCY3;PLCB2;ADCY7;ADCY9;CACNA1I;NCEH1;PDE8A,False
prerank,Ribosome,-0.31266964622943366,-1.352874797500106,0.02258064516129032,0.3059821195429169,0.991,63/130,23.64%,RPS6;RPL13;RPL3;RPL8;RPS17;RPS8;RPS3A;RPLP1;RPL9;RPL10A;RPL15;RPL7;RPS20;RPS14;MRPS14;RPS18;RPL34;RPS11;RPS25;RPL37A;RPL13A;RPL11;RPL5;RPL37;RPL31;RPL32;RPS24;RPL4;RPS4X;RPL23;RPL21;RPL18;RPS15;RPS5;RPS27;RPL35A;RPS12;RPL12;RPL6;RPL10;RPS19;RPS15A;RPL30;RPL22;RPL7A;RPL35;RPL14;RPL26;RPL38;RPL29;RPL19;RPL41;RPS7;RPS2;RPLP2;RPS9;RPS21;RPS3;RPL27;RPL39;RPL24;RPL36;RPS27A,False
prerank,Salivary secretion,0.30544615923288915,1.1037252965850513,0.28731942215088285,0.30983541635742917,1.0,15/76,12.16%,LYZ;PLCB3;CST3;ADCY3;SLC4A2;PLCB2;CAMP;ADCY7;ATP1A1;CALM1;ADCY9;CALML5;CD38;CST2;CALML3,False
prerank,Tyrosine metabolism,0.34846943016288157,1.0883976519591962,0.31569965870307165,0.33384954073173434,1.0,9/34,15.63%,IL4I1;MAOB;GOT2;GOT1;ADH7;TYRP1;ALDH3B2;TYR;ALDH3B1,False
prerank,Retinol metabolism,0.31857915893062666,1.0847925166022985,0.3317384370015949,0.33849094434666643,1.0,9/53,9.00%,UGT1A7;CYP27C1;ALDH1A3;RDH16;CYP2S1;DGAT1;DHRS9;ADH7;UGT1A10,False
prerank,Metabolism of xenobiotics by cytochrome P450,-0.31944828274271697,-1.1861058570653689,0.18157894736842106,0.35674703339426117,1.0,17/60,15.21%,ADH6;GSTM3;HSD11B1;GSTO2;HPGDS;GSTM5;CYP1A1;ADH1B;GSTA3;GSTT2B;CYP3A4;CYP2C9;UGT2A1;GSTM2;CYP1A2;GSTT2;MGST1,False
prerank,SNARE interactions in vesicular transport,0.34791331646845824,1.0724885073882708,0.3367521367521368,0.3582095258657527,1.0,11/32,17.64%,STX3;YKT6;STX4;STX11;STX6;BNIP1;VTI1A;STX1B;STX1A;STX5;VAMP3,False
prerank,Glycosylphosphatidylinositol (GPI)-anchor biosynthesis,-0.3680244256110826,-1.13135835756733,0.2567237163814181,0.3693823077146256,1.0,5/25,9.92%,GPLD1;PGAP1;PIGP;PIGC;PIGV,False
prerank,Sphingolipid metabolism,0.31945312386054886,1.0646942537298012,0.3527454242928453,0.3708392015418438,1.0,18/47,15.38%,SPHK1;ACER3;SPTLC2;GBA;CERS2;NEU2;GBA2;ACER2;GLA;SMPD2;SMPD4;ARSA;SMPD3;SGMS2;GLB1;SPTLC1;SMPD1;NEU1,False
prerank,Synthesis and degradation of ketone bodies,-0.47127586897849716,-1.1343432721596958,0.2857142857142857,0.3790695826253468,1.0,8/10,29.51%,ACAT1;HMGCL;HMGCLL1;HMGCS2;BDH2;ACAT2;HMGCS1;OXCT2,False
prerank,PPAR signaling pathway,0.2932574485113521,1.055791877380103,0.36482084690553745,0.38547669149298436,1.0,17/67,15.11%,MMP1;ANGPTL4;FABP5;PPARD;CD36;SCD;ACOX3;CYP8B1;SLC27A4;SLC27A6;DBI;PLTP;FABP6;CPT1B;GK;CPT1C;OLR1,False
prerank,Notch signaling pathway,-0.3068461702760223,-1.1539446163029579,0.1945945945945946,0.38880668465488727,1.0,13/56,11.74%,LFNG;MAML3;MAML2;JAG2;DLL1;PSEN1;HES5;APH1B;TLE4;NOTCH2;TLE2;NOTCH3;CIR1,False
prerank,Neuroactive ligand-receptor interaction,-0.24871174711059102,-1.144570639865854,0.10074626865671642,0.39179505033800444,1.0,44/241,11.36%,CHRM4;NPY5R;PRLR;NPY1R;PARD3;CHRM1;THRA;NR3C1;LEPR;GABRB2;GLRA3;CYSLTR1;F2R;THRB;GABRD;GLRB;P2RY4;CHRNE;TAC1;VIPR1;C5;GHR;DRD4;F2RL1;LPAR1;CHRM2;GRIN2A;GRIN3A;HTR4;ADRB1;GABRB3;AGTR1;TSHR;GABRA2;APLN;GRID1;GRIA1;GRIA4;GRIK2;POMC;ADRB2;PTGFR;PTGER3;GRM3,False
prerank,Regulation of lipolysis in adipocytes,-0.31664157045095287,-1.1363323718264071,0.2531017369727047,0.3924227917612894,1.0,14/49,12.01%,NPY1R;PRKG2;PIK3R1;IRS2;GNAI1;IRS4;ADRB1;PIK3CA;TSHR;INSR;ADRB2;PTGER3;ABHD5;PTGS1,False
prerank,Cardiac muscle contraction,0.2941846292913301,1.0494599081675164,0.3639240506329114,0.39400114781275447,1.0,28/70,22.53%,SLC9A7;TPM3;ATP1A1;TPM4;UQCRC1;COX5A;CYC1;CACNB4;ATP2A2;COX6A1;UQCRFS1;ATP1B3;COX8A;UQCRQ;COX7B;UQCRH;CACNB3;COX6C;CACNA1C;UQCRC2;COX6B1;COX7A2;CACNA1D;UQCR11;COX5B;SLC8A2;SLC9A1;COX6B2,False
prerank,Basal transcription factors,0.33041323206420575,1.0498589569185541,0.3841059602649007,0.39486565174904753,1.0,17/41,24.28%,TAF5L;TAF13;GTF2F1;TAF10;CDK7;TAF6L;TAF2;ERCC3;GTF2H1;GTF2A2;TAF11;TAF5;TAF9;GTF2H2;GTF2B;GTF2E1;ERCC2,False
prerank,Hypertrophic cardiomyopathy,-0.29174123637236143,-1.1555872218911896,0.1977715877437326,0.4055137408321919,1.0,16/81,9.98%,TNNC1;SLC8A1;CACNA2D2;TGFB2;PRKAB2;CACNA2D1;SGCB;ITGB5;ITGA9;SGCG;TNNT2;CACNA1S;ITGA11;CACNB2;TPM1;SGCA,False
prerank,Lysine degradation,-0.29309069280165856,-1.0939512357037031,0.26903553299492383,0.42223665445878,1.0,14/55,12.46%,ALDH3A2;PRDM6;ACAT1;ASH1L;SMYD3;SETMAR;SETD2;SETDB2;KMT2A;PIPOX;KMT2E;KMT2C;EZH1;TMLHE,False
prerank,Ovarian steroidogenesis,0.313010504197378,1.034079886419476,0.3787878787878788,0.4224240464648347,1.0,8/45,8.76%,PLA2G4E;LDLR;PLA2G4D;ADCY3;ADCY7;ADCY9;PTGS2;PLA2G4B,False
prerank,Pyruvate metabolism,-0.30475513187981773,-1.0956255101893404,0.30687830687830686,0.43482287405344244,1.0,13/45,18.57%,ALDH3A2;ADH6;ACAT1;ACYP2;ADH1B;ACSS2;ACACB;PCK1;LDHAL6A;ACSS1;LDHD;ALDH2;ADH1C,False
prerank,Basal cell carcinoma,0.2889477312375772,1.0207216805178043,0.41823899371069184,0.44712967383295427,1.0,12/61,8.91%,WNT5A;BAX;WNT7A;BAK1;FZD9;CDKN1A;FZD2;FZD5;FZD10;GADD45G;WNT9A;BMP4,False
prerank,Dilated cardiomyopathy,0.27774436179259016,1.0173113483454674,0.4272300469483568,0.4522046638730623,1.0,22/85,15.52%,TGFB1;ITGA6;ACTB;ADCY3;ITGB6;TPM3;ADCY7;TPM4;LMNA;ADCY9;TNF;ITGA4;ITGAV;ITGA3;ITGB4;EMD;CACNB4;ITGA10;ITGB7;ATP2A2;ACTG1;ADCY4,False
prerank,Amphetamine addiction,0.28710953132527045,1.009575752503758,0.43349753694581283,0.4657790767176404,1.0,9/63,5.80%,ATF4;HDAC1;MAOB;ARC;CALM1;CAMK4;JUN;FOSB;PPP1CA,False
prerank,Glycerolipid metabolism,0.2944484130355221,1.0057229284588711,0.46869983948635635,0.47170143157625977,1.0,15/54,16.17%,AKR1B10;DGAT1;DGKZ;LIPG;GPAT4;GLA;AGPAT2;GLYCTK;GK;DGKD;LPIN3;LCLAT1;AGPAT5;DGKE;DGKH,False
prerank,Circadian entrainment,0.26616185627858674,1.0019133327921255,0.46226415094339623,0.47724002270344446,1.0,24/89,18.49%,PLCB3;ADCY3;GNAI2;GNB5;PLCB2;ADCY7;CALM1;MAPK3;ADCY9;GNAO1;CACNA1I;CALML5;GNG4;MTNR1B;CALML3;GNG2;ADCYAP1;PER2;ADCY4;GNGT2;GNB2;CALML4;GNG5;CACNA1C,False
prerank,Glyoxylate and dicarboxylate metabolism,-0.3309692162819124,-1.0549778121006048,0.3674540682414698,0.48672643398032905,1.0,9/28,18.21%,PCCA;ACAT1;HOGA1;SHMT1;ACSS2;ACSS1;HAO2;CAT;AFMID,False
prerank,Other types of O-glycan biosynthesis,-0.2969237787268539,-1.0577860662993772,0.33910891089108913,0.49702936464186354,1.0,15/44,15.30%,LFNG;GALNT1;GXYLT1;ST6GAL2;GALNT8;GXYLT2;GALNT12;GALNT11;B4GALT3;GALNT16;C1GALT1C1L;GALNT15;ST3GAL3;POFUT1;GALNTL6,False
prerank,Histidine metabolism,-0.3518589262102578,-1.044118728534735,0.38313253012048193,0.4974953553774075,1.0,4/21,4.70%,ALDH3A2;MAOA;HNMT;ASPA,False
prerank,Arrhythmogenic right ventricular cardiomyopathy,-0.2655758627175413,-1.0359485021132966,0.37967914438502676,0.5024168044796472,1.0,15/71,10.32%,SLC8A1;CACNA2D2;CACNA2D1;SGCB;ITGB5;ITGA9;SGCG;CDH2;CACNA1S;ITGA11;CACNB2;TCF7L2;DSG2;SGCA;CTNNA2,False
prerank,Phosphonate and phosphinate metabolism,-0.5308486039217605,-1.0248397938984166,0.4567901234567901,0.5151294786878894,1.0,1/5,1.79%,CHPT1,False
prerank,Ascorbate and aldarate metabolism,0.35130856860116993,0.964318414332102,0.49238578680203043,0.5529872534158566,1.0,9/19,25.64%,UGT1A7;UGT1A10;UGT1A1;ALDH7A1;UGDH;GUSB;UGT2B7;UGT1A3;ALDH9A1,False
prerank,GABAergic synapse,0.2630472561742559,0.9483684647724151,0.5495934959349593,0.5850761074438261,1.0,27/75,23.54%,SLC38A5;SLC6A11;ADCY3;GNAI2;GNB5;ADCY7;SRC;ADCY9;GNAO1;GNG4;GLUL;GNG2;PLCL1;ADCY4;GNGT2;GABRR1;GNB2;GNG5;GABRG3;CACNA1C;GABRR2;GNG10;GABRQ;CACNA1D;HAP1;GABRA4;GLS,False
prerank,Steroid biosynthesis,0.33356305886781257,0.9417307325781197,0.551056338028169,0.5970972220517153,1.0,3/20,6.62%,CYP27B1;LIPA;SQLE,False
prerank,Pantothenate and CoA biosynthesis,-0.33029671577609515,-0.9799516042017542,0.48325358851674644,0.6174710592740882,1.0,5/20,13.11%,ALDH3A2;PANK1;PANK3;BCAT2;UPB1,False
prerank,Mannose type O-glycan biosynthesis,0.3327834847402317,0.921904036054461,0.566420664206642,0.638333224926464,1.0,6/19,15.69%,B4GALT1;CHST10;FKRP;B3GALNT2;POMT2;MGAT5B,False
prerank,Tryptophan metabolism,-0.28406445388532864,-0.9641401783711371,0.48514851485148514,0.641562284873278,1.0,14/38,18.21%,ALDH3A2;ACAT1;MAOA;CYP1A1;INMT;ACMSD;AOX1;CYP1A2;HADH;CAT;TPH1;ALDH2;IDO2;AFMID,False
prerank,Primary bile acid biosynthesis,0.35756982952606503,0.9166857815597486,0.6081560283687943,0.6473094856724246,1.0,4/15,7.91%,CH25H;CYP7B1;HSD3B7;CYP8B1,False
prerank,Fatty acid elongation,-0.3043012970451409,-0.9536889204532049,0.5155875299760192,0.6521634504615669,1.0,13/27,23.59%,ELOVL6;HACD4;MECR;ACOT2;ELOVL3;HACD3;HADH;ACOT1;THEM5;ELOVL5;ELOVL2;HSD17B12;ACAA2,False
prerank,Insulin secretion,0.2522429540754906,0.9114369975376997,0.6502384737678856,0.6564329962023331,1.0,23/75,24.42%,ATF4;PLCB3;ADCY3;PLCB2;ADCY7;ATP1A1;ADCY9;KCNN1;SLC2A1;SNAP25;ATP1B3;ADCYAP1;ADCY4;STX1A;ATF6B;CCK;CACNA1C;RIMS2;CACNA1D;KCNN4;CREB3;ADCY5;CAMK2G,False
prerank,Thiamine metabolism,0.37323248109464935,0.9045663799545962,0.6096256684491979,0.6684838106128493,1.0,5/12,20.23%,AK1;AK2;ALPL;ACP1;TPK1,False
prerank,Taste transduction,0.25184395777515267,0.8832315828040576,0.6807131280388979,0.7111589520229475,1.0,5/60,3.65%,HTR3A;PLCB3;P2RY1;SCNN1A;PLCB2,False
prerank,Selenocompound metabolism,-0.34954237447204695,-0.9192513225940206,0.5678733031674208,0.727294430697686,1.0,5/14,16.84%,MTR;SEPSECS;INMT;PAPSS1;CTH,False
prerank,"Glycine, serine and threonine metabolism",-0.2634758582895666,-0.8989913187231029,0.6548223350253807,0.757942379667508,1.0,10/36,17.58%,MAOA;SHMT1;DMGDH;PIPOX;GAMT;PSAT1;GATM;CTH;SRR;ALAS2,False
prerank,Renin-angiotensin system,-0.3150125330579402,-0.88866177806054,0.6386946386946387,0.7623649413187231,1.0,4/19,9.36%,KLK1;LNPEP;AGTR1;ACE2,False
prerank,Terpenoid backbone biosynthesis,0.29230331204116744,0.8363629270403569,0.7430555555555556,0.8013481483583489,1.0,5/22,12.29%,RCE1;PDSS1;ZMPSTE24;HMGCR;ICMT,False
prerank,Sulfur relay system,-0.34807034060675074,-0.7765104556924026,0.7418655097613883,0.8948994690573592,1.0,2/8,7.95%,MPST;MOCS2,False
prerank,Steroid hormone biosynthesis,-0.22759744876960752,-0.8060180632171717,0.8253968253968254,0.9021352231654076,1.0,14/45,22.86%,AKR1C3;HSD11B1;CYP1A1;AKR1C2;CYP3A4;UGT2A1;SRD5A2;CYP1A2;STS;DHRS11;AKR1C1;HSD17B8;CYP1B1;HSD17B12,False
prerank,Olfactory transduction,-0.20970342624905783,-0.7884649279759722,0.893048128342246,0.9036067944589139,1.0,20/62,23.58%,SLC8A1;PRKG2;OR2A7;CAMK2D;GNB1;OR9Q1;RGS2;OR1F12;OR10A6;OR52I1;PRKG1;GNG7;OR5P2;OR10AD1;OR2A1;OR10A3;OR9I1;OR2T2;OR7D2;OR2T11,False
prerank,Taurine and hypotaurine metabolism,0.33249376807480846,0.766045582796781,0.779896013864818,0.9067809155533662,1.0,2/10,9.76%,GGT5;ADO,False
prerank,Phototransduction,0.2697239092502983,0.7514659046440594,0.8398576512455516,0.9169565807998346,1.0,7/21,23.49%,CNGB1;CALM1;CALML5;CALML3;CALML4;PDE6G;CALM2,False
prerank,Vitamin B6 metabolism,0.3704438055189928,0.7543325478976399,0.7989130434782609,0.9172369277841401,1.0,2/6,9.80%,PDXK;PNPO,False
prerank,beta-Alanine metabolism,0.23756547836736752,0.701663551417462,0.9106830122591943,0.9556790892317931,1.0,12/28,25.64%,SMOX;ACOX3;HIBCH;ALDH3B2;CNDP2;DPYD;ALDH3B1;ACADS;ALDH7A1;AOC2;ECHS1;ALDH9A1,False
prerank,Ubiquinone and other terpenoid-quinone biosynthesis,0.2984531569225155,0.69099985748338,0.8698884758364313,0.9585126911088021,1.0,1/10,2.75%,VKORC1,False
