Name,Term,ES,NES,NOM p-val,FDR q-val,FWER p-val,Tag %,Gene %,Lead_genes,relevant_to_barrier_immune
prerank,Proteasome,0.8396813399189551,2.9200948183088333,0.0,0.0,0.0,39/43,12.84%,PSMD2;PSME2;PSMA4;PSMC4;PSMD1;PSME3;PSME4;PSMB2;PSMA5;PSMD11;PSMB5;PSMA7;POMP;PSMB10;PSMB3;PSMB6;PSMB8;PSMD13;PSME1;PSMA3;PSMD6;PSMC3;PSMB7;PSMD3;PSMD7;PSMC5;ADRM1;PSMD8;PSMC1;PSMB1;PSMD12;PSMC6;PSMD14;PSMC2;PSMB9;PSMB4;PSMD4;PSMA1;PSMF1,False
prerank,Th1 and Th2 cell differentiation,0.5801286990415127,2.2508413593026915,0.0,0.0,0.0,49/86,16.47%,IL4R;IL12RB2;JAK3;NFKBIB;IL2RA;CD3G;PRKCQ;IL13;IFNGR2;NFKB1;NFKBIE;IL2RG;IL12RB1;MAPK3;STAT1;CD3D;JUN;LCK;MAPK11;IFNGR1;HLA-DPA1;CD247;RELA;CD3E;HLA-DRB1;NFKBIA;NFATC3;HLA-DPB1;NFATC1;HLA-DQA1;HLA-DRA;RUNX3;STAT4;PPP3R1;PLCG1;HLA-DQB1;CHUK;MAPK14;HLA-DMB;IKBKG;MAPK8;HLA-DRB5;CD4;HLA-DMA;TYK2;IL12B;ZAP70;STAT5A;MAF,True
prerank,Natural killer cell mediated cytotoxicity,0.5712459024251801,2.2807040775116,0.0,0.0,0.0,63/100,19.52%,TNFRSF10B;ULBP2;PIK3CD;TNFSF10;PIK3R3;IFNAR2;ICAM1;SHC1;TNFRSF10A;RAET1G;RAET1L;IFNGR2;PAK1;MAPK3;HRAS;ITGAL;GRB2;SH2D1A;RAC1;LCK;NRAS;GZMB;LCP2;SYK;IFNGR1;CD247;MAP2K2;PLCG2;VAV2;BID;MICB;RAC2;ITGB2;CD244;FASLG;FCER1G;PTPN11;NFATC1;MAP2K1;CSF2;HLA-B;CD48;PPP3R1;PLCG1;HLA-C;HLA-A;ICAM2;FCGR3A;ULBP1;ULBP3;RAET1E;HLA-E;FAS;VAV1;PRF1;ZAP70;TYROBP;SH2D1B;KLRC1;KRAS;ARAF;TNF;IFNG,False
prerank,Hematopoietic cell lineage,0.5801543554078924,2.2829990231422252,0.0,0.0,0.0,42/84,19.04%,IL4R;CD36;IL2RA;ITGAM;CD44;CD3G;ITGA6;CD1B;CD9;CD2;CD3D;IL7R;CD38;HLA-DPA1;CD3E;HLA-DRB1;CSF1;ITGA3;CD1C;IL6R;HLA-DPB1;HLA-DQA1;CSF2;HLA-DRA;HLA-DQB1;CD8A;CD7;IL6;HLA-DMB;ITGA4;HLA-DRB5;CD4;ANPEP;HLA-DMA;MS4A1;CD37;KITLG;CD5;CD1E;FCGR1A;HLA-DQA2;TNF,False
prerank,Th17 cell differentiation,0.5681577413425759,2.2839221734519852,0.0,0.0,0.0,66/101,19.86%,IL4R;TGFBR1;JAK3;NFKBIB;TGFB1;IL2RA;STAT3;RUNX1;HIF1A;CD3G;PRKCQ;IFNGR2;NFKB1;IL22;NFKBIE;IL2RG;IL12RB1;MAPK3;STAT1;CD3D;JUN;IL27RA;LCK;MAPK11;RARA;IFNGR1;HLA-DPA1;CD247;RELA;CD3E;MTOR;HLA-DRB1;IL6R;NFKBIA;FOXP3;NFATC3;HLA-DPB1;NFATC1;HLA-DQA1;HLA-DRA;PPP3R1;PLCG1;HLA-DQB1;CHUK;MAPK14;IL6;IL21R;HLA-DMB;IKBKG;MAPK8;HLA-DRB5;CD4;HLA-DMA;TYK2;IRF4;ZAP70;STAT5A;AHR;HSP90AB1;HLA-DQA2;IL23R;IKBKB;JAK1;IFNG;HSP90AA1;IL6ST,False
prerank,Cytosolic DNA-sensing pathway,0.66390623131205,2.29112120514925,0.0,0.0,0.0,28/45,17.81%,IRF7;POLR3G;NFKBIB;PYCARD;POLR2E;CXCL10;ADAR;DDX58;POLR2L;AIM2;POLR2H;NFKB1;RIPK3;RELA;IKBKE;CCL5;POLR3B;ZBP1;NFKBIA;CCL4;POLR3K;CHUK;IL6;IKBKG;TBK1;POLR1D;POLR1C;IRF3,False
prerank,Yersinia infection,0.5485416122265981,2.291788367269812,0.0,0.0,0.0,77/132,19.62%,LIMK1;MYD88;PYCARD;TRAF2;ARPC1B;IRAK1;PIK3CD;ACTB;PIK3R3;ARPC5L;RPS6KA1;ARPC4;ACTR2;MAP2K3;ARHGEF1;ACTR3C;NFKB1;BCAR1;ARPC2;MAPK3;CCL2;SRC;RHOG;JUN;ARPC3;RAC1;LCK;ARPC1A;RHOA;MAPK11;LCP2;ACTR3;CXCL8;MAP2K2;RELA;VAV2;IL10;RAC2;ROCK1;NFKBIA;AKT1;ARPC5;CRK;NFATC3;CDC42;NLRP3;NFATC1;MAP2K1;ROCK2;PLCG1;CHUK;CD8A;MAPK14;IL6;TICAM1;ITGA4;IKBKG;MAPK8;CD4;MAP2K4;NLRC4;VAV1;TBK1;WAS;AKT2;RPS6KA3;PIP5K1C;ACTG1;ZAP70;ARF6;WASL;IRF3;MAP3K7;TAB2;TNF;IKBKB;MEFV,False
prerank,Hepatitis B,0.5439816095654616,2.296974264147652,0.0,0.0,0.0,83/146,19.43%,IRF7;CASP10;RB1;TGFBR1;E2F3;JAK3;MYD88;TGFB1;IRAK1;IFIH1;PIK3CD;YWHAQ;STAT3;PIK3R3;DDX58;TLR2;BIRC5;CCNA2;YWHAZ;BAX;TRAF3;MAP2K3;NFKB1;MMP9;ATF4;PCNA;MAPK3;HRAS;SRC;CYCS;GRB2;CDKN1A;DDX3X;CCNE1;STAT1;E2F1;JUN;NRAS;MAPK11;YWHAB;CDK2;CXCL8;MAP2K2;RELA;STAT2;CASP8;IKBKE;BID;VDAC3;NFKBIA;AKT1;CCNE2;FASLG;NFATC3;NFATC1;MAP2K1;STAT4;CHUK;MAPK14;IL6;TICAM1;CASP9;IKBKG;MAPK8;ATP6AP1;MYC;E2F2;CREB3L2;MAP2K4;FAS;TBK1;TYK2;AKT2;STAT5A;ELK1;IRF3;MAP3K7;KRAS;TAB2;ARAF;TNF;IKBKB;JAK1,False
prerank,Shigellosis,0.517022129862239,2.3003519323052286,0.0,0.0,0.0,116/211,19.65%,HK2;PLCB3;CAPN2;MYD88;RRAGC;NFKBIB;PFN1;CAPN1;TNFRSF1A;PYCARD;TRAF2;VDAC1;ARPC1B;PIK3CD;ACTB;PIK3R3;ARPC5L;CD44;ARPC4;BAX;PRKCQ;ACTR2;CAPNS1;CUL1;ACTR3C;UBE2D1;PLCD4;NFKB1;BCAR1;BCL10;PLCB2;ARPC2;MAPK3;SRC;CYCS;DIAPH1;FBXW11;UBE2D3;JUN;ARPC3;RAC1;ACTN1;VCL;TNIP1;CBX3;CASP4;ARPC1A;RPS6KB2;RHOA;MAPK11;ACTR3;CXCL8;RELA;HCLS1;PLCG2;UBE2N;MTOR;UBE2D2;CCL5;ROCK1;NFKBIA;AKT1;HK1;BECN1;ARPC5;MYL12B;CRK;CDC42;NLRP3;ARHGEF2;CSF2;CTTN;ROCK2;UBB;CYTH4;PLCG1;RNF31;MYL12A;CHUK;TRADD;MAPK14;ARF1;AKT1S1;IKBKG;MAPK8;RPS6KB1;PRKCD;HK3;RRAGA;NLRC4;NOD1;TBK1;PIK3R4;AKT2;TRAF5;ACTG1;GLMN;MALT1;RBX1;PLCD1;NAIP;ARF6;MDM2;WASL;CYTH1;IRF3;MAP3K7;ATG5;BNIP3;TAB2;WIPI2;TNF;BCL2L1;IKBKB;RPTOR;ACTN4,False
prerank,Phagosome,0.5492975806626722,2.3066396387704944,0.0,0.0,0.0,80/140,20.57%,CLEC7A;CD36;ATP6V0D1;TUBA1C;ATP6V1B2;CALR;TUBB6;CTSL;ACTB;SEC61A1;ITGAM;TLR2;TAP2;TCIRG1;TUBB2B;THBS2;RAB7A;HGS;ATP6V1A;SEC61B;RAC1;ATP6V1D;TAP1;SEC61G;ATP6V0B;TUBA1B;CANX;MSR1;RAB5A;HLA-DPA1;TUBB2A;LAMP2;CYBA;HLA-DRB1;ITGB2;M6PR;TUBB;ITGAV;C1R;VAMP3;ATP6V0E1;THBS1;HLA-DPB1;ATP6V1G1;HLA-DQA1;HLA-B;STX12;HLA-DRA;ATP6V1C2;HLA-C;HLA-DQB1;HLA-A;ATP6V1C1;FCGR3A;COMP;HLA-DMB;TUBA4A;CORO1A;TUBB3;ATP6AP1;NCF1;ATP6V0A1;HLA-DRB5;HLA-E;CD209;ATP6V1F;HLA-DMA;RAB5C;ACTG1;LAMP1;NCF2;FCGR1A;HLA-DQA2;ATP6V1E1;ATP6V1H;DYNC1LI1;CTSS;FCGR2A;DYNC1H1;OLR1,False
prerank,Ribosome biogenesis in eukaryotes,0.6130262600815212,2.3111672276716773,0.0,0.0,0.0,54/77,23.32%,EIF6;SNORD3B-1;RAN;NOP10;XRN2;POP1;NOP56;FCF1;UTP6;GTPBP4;NOL6;IMP3;GNL3;SNORD3A;NXF1;UTP14A;SNORD3B-2;UTP15;GNL2;TBL3;SNORD3C;RIOK1;REXO2;GAR1;SNU13;RPP40;WDR36;RPP25;NXT1;WDR43;POP4;NHP2;NOB1;DKC1;HEATR1;TCOF1;MPHOSPH10;IMP4;GNL3L;NOP58;XPO1;REXO1;CSNK2A2;POP7;WDR3;RRP7A;BMS1;RPP38;RIOK2;CSNK2A1;CSNK2B;NAT10;NMD3;EMG1,False
prerank,Salmonella infection,0.517445239264134,2.326341307107127,0.0,0.0,0.0,144/241,21.69%,GAPDH;TUBA1C;TNFRSF10B;MYD88;PFN1;FLNA;TXN;BAK1;TUBB6;TNFRSF1A;PYCARD;TRAF2;ARPC1B;IRAK1;MLKL;DYNLT3;PIK3CD;GSDMD;ACTB;TNFSF10;FHOD1;ARPC5L;PLEKHM2;TLR2;ARPC4;BAX;ACTR2;TNFRSF10A;MAP2K3;TUBB2B;RAB7A;ACTR3C;FLNB;DNM2;PAK1;NFKB1;DYNLL1;RIPK3;ARPC2;MAPK3;HRAS;CYCS;RHOG;CYFIP1;KPNA3;JUN;ARPC3;RAC1;DCTN5;S100A10;CASP4;TUBA1B;ARPC1A;PTPRC;RHOA;ACTR1A;RAB5A;MAPK11;ARL8B;ACTR3;RHOH;CXCL8;MAP2K2;RELA;TUBB2A;CASP7;HSP90B1;CASP8;M6PR;VPS18;TUBB;ACBD3;NFKBIA;AKT1;ARPC5;DYNLT1;BIRC3;MYL12B;EXOC5;BRK1;CDC42;NLRP3;MAP2K1;NCKAP1L;PIK3CG;DCTN6;ROCK2;CYTH4;CSE1L;MYL12A;KPNA1;CHUK;TRADD;MAPK14;ARF1;CYFIP2;IL6;TUBA4A;RALA;IKBKG;ABI1;MAPK8;TUBB3;MYC;LY96;VPS16;KIF5B;MAP2K4;NLRC4;TXN2;NOD1;BIRC2;RAB5C;AKT2;EXOC2;ACTG1;PODXL;NAIP;ARF6;SNX9;WASL;CYTH1;VPS33A;PIK3C2A;MAP3K7;HSP90AB1;TAB2;DCTN2;KIF5C;RHOJ;TNF;IKBKB;DYNC1LI1;CASP5;HSP90AA1;RIPK1;DYNC1H1;CASP3;STX10;CTNNB1;TLR6;FADD;MAPK1;KPNA4,False
prerank,Tuberculosis,0.5460586875993432,2.3314927341334357,0.0,0.0,0.0,79/158,16.43%,NOD2;CLEC7A;ATP6V0D1;CASP10;MYD88;IRAK2;TNFRSF1A;SPHK1;TGFB1;IRAK1;CALM1;ITGAM;TLR2;BAX;TCIRG1;ITGAX;RAB7A;IFNGR2;IL10RA;NFKB1;CTSD;BCL10;MAPK3;SRC;CYCS;STAT1;CALML3;CYP27B1;ATP6V0B;RHOA;RAB5A;MAPK11;HSPA9;SYK;IFNGR1;HLA-DPA1;RELA;LAMP2;CIITA;CASP8;BID;HLA-DRB1;IL10;ITGB2;CEBPB;RFX5;CALML5;AKT1;CAMP;FCER1G;HLA-DPB1;HLA-DQA1;CD74;VDR;HLA-DRA;PPP3R1;HLA-DQB1;TRADD;FCGR3A;MAPK14;IL6;TLR1;HLA-DMB;CASP9;HSPD1;CORO1A;MAPK8;ATP6AP1;ATP6V0A1;HLA-DRB5;CD209;HLA-DMA;RAB5C;IL12B;AKT2;PLK3;MALT1;CALM2;LAMP1,False
prerank,Necroptosis,0.5672332251700726,2.3317972748529106,0.0,0.0,0.0,70/117,20.88%,PYGL;CAPN2;TNFRSF10B;JAK3;SLC25A5;CAPN1;TNFRSF1A;PYCARD;TRAF2;VDAC1;MLKL;PLA2G4E;ALOX15;TNFSF10;STAT3;IFNAR2;BAX;IRF9;TNFRSF10A;PGAM5;CYLD;IFNGR2;RIPK3;PLA2G4D;STAT1;CHMP4B;CHMP1A;PPIA;IFNGR1;STAT2;EIF2AK2;CASP8;BID;VDAC2;AIFM1;ZBP1;VDAC3;DNM1L;FASLG;BIRC3;PARP1;NLRP3;STAT4;CHMP6;XIAP;RNF31;TRADD;TICAM1;MAPK8;FAS;TYK2;BIRC2;TRAF5;PLA2G4B;STAT5A;GLUL;SMPD1;CHMP1B;HSP90AB1;TNF;JAK1;IFNG;CHMP2B;HSP90AA1;TNFAIP3;CHMP7;RIPK1;TRPM7;CHMP2A;VPS4B,False
prerank,Human cytomegalovirus infection,0.5278380320170171,2.3459348669947984,0.0,0.0,0.0,120/199,22.17%,PLCB3;EIF4EBP1;RB1;VEGFA;E2F3;CCR5;CALR;BAK1;TNFRSF1A;TRAF2;PIK3CD;STAT3;CALM1;PIK3R3;TAPBP;TAP2;BAX;CXCR4;ARHGEF1;IL10RA;GNAI2;NFKB1;BCAR1;ATF4;PLCB2;MAPK3;HRAS;CCL2;SRC;PDIA3;CYCS;PTGER4;GNB5;GRB2;CDKN1A;E2F1;RAC1;GNB2;CALML3;TAP1;NRAS;ADCY7;RPS6KB2;RHOA;GNA12;MAPK11;CXCL8;MAP2K2;RELA;CCR1;ADCY3;CASP8;MTOR;BID;RAC2;GNG5;CCL5;ROCK1;CALML5;ITGAV;IL6R;NFKBIA;AKT1;FASLG;CRK;CCL4;NFATC3;NFATC1;MAP2K1;ADCY9;GNAI3;HLA-B;B2M;PRKACA;PPP3R1;ROCK2;GNAO1;HLA-C;HLA-A;CHUK;TRADD;MAPK14;IL6;CASP9;IKBKG;CXCR2;RPS6KB1;MYC;E2F2;CREB3L2;HLA-E;FAS;TBK1;GNG4;AKT2;TRAF5;CALM2;PTGS2;ELK1;MDM2;GNAS;IRF3;GNG10;KRAS;GNG12;CCL3;TNF;IKBKB;JAK1;GNG2;RIPK1;CASP3;CTNNB1;PXN;FADD;CREB3;MAPK1;GNGT2;HLA-F;GNB4,False
prerank,Oocyte meiosis,0.5691142782202198,2.349381624968121,0.0,0.0,0.0,58/120,16.59%,CCNB1;CDC20;BUB1;PPP1CA;AURKA;PKMYT1;YWHAQ;CCNB2;CALM1;ESPL1;RPS6KA1;PTTG1;YWHAZ;CDK1;ANAPC7;CUL1;YWHAH;MAD2L1;YWHAG;MAPK3;CCNE1;FBXO5;FBXW11;PLK1;CALML3;PPP1CB;ADCY7;MAPK11;PPP2CA;YWHAB;CDK2;ADCY3;CDC25C;YWHAE;PPP2R1A;PPP2R5E;CALML5;MAD2L2;ANAPC1;PPP2R1B;CCNE2;MAP2K1;ADCY9;PPP2R5B;PRKACA;PPP3R1;SMC1A;MAPK14;ANAPC11;REC8;SLK;PPP1CC;CDC27;CDC23;CPEB4;RPS6KA3;CALM2;RBX1,False
prerank,Graft-versus-host disease,0.6924957253660275,2.2369346214833348,0.0,0.0,0.0,31/32,25.43%,CD28;CD80;GZMB;HLA-DPA1;HLA-DRB1;FASLG;HLA-DPB1;HLA-DQA1;HLA-B;HLA-DRA;HLA-C;HLA-DQB1;HLA-A;IL6;HLA-DMB;HLA-DRB5;HLA-E;FAS;HLA-DMA;PRF1;KLRC1;HLA-DQA2;TNF;CD86;IFNG;KLRD1;HLA-F;HLA-DOA;HLA-DOB;IL1B;HLA-G,False
prerank,Intestinal immune network for IgA production,0.6905464110732962,2.3548405297867383,0.0,0.0,0.0,26/40,19.19%,MAP3K14;TGFB1;LTBR;CXCR4;CD28;CD80;HLA-DPA1;HLA-DRB1;IL10;ICOS;CD40LG;HLA-DPB1;HLA-DQA1;HLA-DRA;IL15RA;IL15;HLA-DQB1;IL6;HLA-DMB;ITGA4;HLA-DRB5;TNFSF13B;HLA-DMA;HLA-DQA2;CD40;CD86,True
prerank,Legionellosis,0.622273554570371,2.2226533225953786,0.0,0.0,0.0,33/55,19.04%,MYD88;VCP;PYCARD;ITGAM;TLR2;NFKB2;CXCL1;NFKB1;RAB1A;CYCS;HSPA8;CXCL8;RELA;HSPA6;CASP7;CASP8;ITGB2;NFKBIA;CXCL2;ARF1;IL6;CASP9;HSPD1;NLRC4;EEF1A2;RAB1B;IL12B;SAR1B;NAIP;CXCL3;HBS1L;BNIP3;TNF,False
prerank,DNA replication,0.6722156644998379,2.2103813642697285,0.0,0.0,0.0,22/36,13.54%,MCM6;POLE2;POLE4;MCM4;FEN1;PCNA;DNA2;MCM5;MCM2;MCM3;MCM7;RPA1;RNASEH2A;POLE3;POLD2;POLA2;SSBP1;POLD3;RFC2;RFC4;POLD1;RPA3,False
prerank,Central carbon metabolism in cancer,0.5716721463693302,2.116660826346788,0.0,0.0,0.0,33/68,15.48%,PKM;HK2;SCO2;PGAM1;LDHA;SLC1A5;TIGAR;IDH2;PIK3CD;PIK3R3;HIF1A;PFKP;NTRK1;SLC2A1;MAPK3;HRAS;G6PD;SLC7A5;NRAS;SLC16A3;SIRT6;MAP2K2;LDHB;MTOR;AKT1;HK1;MAP2K1;RET;MYC;HK3;PTEN;AKT2;PDHB,False
prerank,Citrate cycle (TCA cycle),0.6815551730457506,2.123468477205445,0.0,0.0,0.0,19/29,18.08%,IDH3A;IDH2;CS;ACO2;OGDHL;MDH2;FH;IDH3B;SUCLG1;SDHB;DLAT;DLD;PC;MDH1;PCK2;SDHD;PDHB;ACLY;OGDH,False
prerank,Amino sugar and nucleotide sugar metabolism,0.6189151517980116,2.1263279082288755,0.0,0.0,0.0,22/45,16.50%,HK2;GPI;PGM2;GALK1;UAP1L1;GALE;CYB5R4;NANS;GMPPB;GNPNAT1;PGM1;HK1;CMAS;UXS1;PMM2;UAP1;GMPPA;HK3;NPL;GFPT1;NANP;UGP2,False
prerank,Type I diabetes mellitus,0.6343047130746786,2.1317068203829495,0.0,0.0,0.0,31/37,25.43%,CD28;CD80;GZMB;HLA-DPA1;HLA-DRB1;FASLG;HLA-DPB1;HLA-DQA1;HLA-B;HLA-DRA;HLA-C;HLA-DQB1;HLA-A;HLA-DMB;HSPD1;HLA-DRB5;LTA;HLA-E;FAS;HLA-DMA;IL12B;PRF1;HLA-DQA2;TNF;CD86;IFNG;HLA-F;HLA-DOA;HLA-DOB;IL1B;HLA-G,False
prerank,Pertussis,0.5639359316421488,2.1390750855966387,0.0,0.0,0.0,41/73,20.90%,MYD88;CFL1;PYCARD;IRAK1;CALM1;IRF1;ITGAM;IRF8;GNAI2;NFKB1;MAPK3;JUN;CALML3;RHOA;MAPK11;CXCL8;RELA;CASP7;IL10;ITGB2;CALML5;C1R;NLRP3;GNAI3;MAPK14;IL6;TICAM1;MAPK8;C1S;LY96;C1QC;NOD1;C2;IL12B;CALM2;IRF3;TNF;CXCL6;CASP3;C1QB;IL23A,False
prerank,Ubiquitin mediated proteolysis,0.5212839086928762,2.140626643769541,0.0,0.0,0.0,59/135,17.25%,UBA6;CDC20;UBE2S;UBE2C;UBA1;SOCS3;TRIP12;PML;UBE3C;ANAPC7;UBE2L3;UBE2L6;SAE1;CUL1;UBE2G1;UBE2D1;MID1;UBE2J2;SOCS1;CBL;NEDD4;UBE2M;UBE2J1;FBXW11;UBE2D3;UBE2A;UBE2F;PPIL2;KEAP1;UBE2Z;CBLC;UBE2N;UBE2D2;BRCA1;UBE2Q2;ANAPC1;BIRC3;HERC4;UBB;UBE2QL1;XIAP;SKP2;UBE2H;ANAPC11;UBE2K;FZR1;UBE2E2;UBR5;UBE2E3;CDC27;UBE2E1;BIRC2;CDC23;VHL;RBX1;UBA2;SYVN1;MDM2;CUL3,False
prerank,Neutrophil extracellular trap formation,0.5354663026175502,2.159850270518614,0.0,0.0,0.0,53/99,18.13%,CLEC7A;PLCB3;SELP;PPIF;SLC25A5;VDAC1;PIK3CD;GSDMD;ACTB;PIK3R3;ITGAM;TLR2;HDAC1;FPR3;VWF;NFKB1;PLCB2;MAPK3;ITGAL;SRC;SELPLG;RAC1;CASP4;MAPK11;HAT1;SYK;MAP2K2;RELA;PLCG2;CYBA;MTOR;RAC2;VDAC2;ITGB2;HDAC3;VDAC3;CLCN3;AKT1;CAMP;MAP2K1;PLCG1;FCGR3A;MAPK14;NCF1;ATG7;AKT2;ACTG1;FPR1;NCF2;SIGLEC9;FCGR1A;MAP3K7;CLCN5,False
prerank,Pathways of neurodegeneration,0.45449592189488774,2.164476376412958,0.0,0.0,0.0,200/425,19.67%,PLCB3;WNT7A;PPIF;CAPN2;TUBA1C;WNT5A;CSNK1A1;SLC25A5;CAPN1;VCP;BAK1;PSMD2;TUBB6;TNFRSF1A;TRAF2;VDAC1;PSMA4;CALM1;UBA1;PSMC4;FZD5;PSMD1;CDK5R1;BAX;MFN1;PSMB2;XBP1;MAP2K3;UBE2L3;TUBB2B;UBE2L6;PSMA5;TNFRSF1B;UBE2G1;PSMD11;COX5A;HSPA5;NFKB1;RAB1A;PSMB5;NDUFB9;ATF4;PSMA7;PLCB2;UBE2J2;MAPK3;HRAS;PSMB3;NRBF2;CYCS;FZD10;PSMB6;ATP2A2;UBE2J1;TOMM40;GPX1;PSMD13;UQCRC1;RAC1;PSMA3;CALML3;NRAS;PSMD6;DCTN5;TUBA1B;ACTR1A;PSMC3;RAB5A;MAPK11;WNT9B;PSMB7;DERL1;PSMD3;PSMD7;MAP2K2;RELA;TUBB2A;PSMC5;CASP7;FZD9;CASP8;ADRM1;PSMD8;PARK7;MTOR;BID;VDAC2;PSMC1;NDUFS6;COX8A;CSF1;EIF2S1;GPX3;TUBB;PSMB1;CALML5;RAB8A;CYC1;NDUFB4;PSMD12;NDUFS8;VDAC3;UQCRQ;COX7B;TOMM40L;NDUFAB1;NDUFA6;UQCRH;BECN1;FASLG;PSMC6;COX6A1;UQCR10;FZD2;PSMD14;NDUFA1;NDUFB3;MAP2K1;UQCRFS1;PSMC2;SIGMAR1;DCTN6;DKK4;ATXN1;COX6C;PSMB4;PPP3R1;SDHB;UBB;PSMD4;PLCG1;HSD17B10;DAXX;COX6B1;NDUFA8;CDK5;NDUFS3;NDUFA9;PSMA1;MAPK14;IL6;NDUFB10;NDUFS5;TUBA4A;CASP9;COX7A2;UQCRC2;MAPK8;NDUFS2;TUBB3;NDUFB6;FZD3;COX5B;KIF5B;GPX2;NEFH;FAS;HTT;TBK1;PIK3R4;GPR37;NDUFA4;ERN1;ATXN2L;SDHD;PRNP;PSEN2;NDUFV1;MAP3K10;CALM2;PTGS2;ATG13;COX7C;MFN2;CACNA1C;ATG2A;HTRA2;COX4I1;NDUFS7;KRAS;DNAL1;NDUFB1;DCTN2;NDUFA4L2;NDUFB11;WIPI2;HAP1;PSMA6;KIF5C;ARAF;NOX4;CSNK1E;TNF;BCL2L1;PSMD9;NDUFA3;CSNK2A2;CHMP2B;TARDBP;NDUFV3,False
prerank,Lysosome,0.5198254317331258,2.167046416435954,0.0,0.0,0.0,60/124,17.71%,ATP6V0D1;ACP5;CTSC;CTSB;CTSL;CTSA;AP1S3;LIPA;TCIRG1;MAN2B1;NPC1;AP1B1;CTSD;CLTC;NAGPA;ARSB;NAGA;GM2A;AP3D1;CTSZ;ATP6V0B;HYAL2;GBA;CLTA;AP1G1;AP3B1;LAMP2;LAMP3;CTNS;LGMN;M6PR;LAPTM5;ENTPD4;ACP2;PPT2;SORT1;LITAF;SGSH;AP1M1;HYAL4;PPT1;CTSW;LAPTM4B;ATP6AP1;ATP6V0A1;CLTB;HYAL3;GLA;ARSA;NAGLU;NEU1;GGA1;GLB1;PSAP;AP1S2;LAMP1;SMPD1;TPP1;HYAL1;AGA,False
prerank,Hepatitis C,0.5140136060815419,2.167870529045759,0.0,0.0,0.0,68/140,14.82%,OAS1;OAS2;IRF7;MX1;OAS3;RB1;E2F3;MX2;RSAD2;BAK1;TNFRSF1A;TRAF2;PIK3CD;YWHAQ;STAT3;SOCS3;PIK3R3;CXCL10;IFNAR2;DDX58;PSME3;LDLR;YWHAZ;BAX;TRAF3;IRF9;YWHAH;NFKB1;YWHAG;MAPK3;HRAS;CYCS;GRB2;CDKN1A;STAT1;E2F1;IFIT1;NRAS;PPP2CA;YWHAB;CDK2;MAP2K2;RELA;STAT2;YWHAE;EIF2AK2;CASP8;IKBKE;BID;EIF2S1;PPP2R1A;PPP2R1B;NFKBIA;AKT1;FASLG;PPP2R2C;MAP2K1;CHUK;TRADD;TICAM1;CASP9;IKBKG;MYC;E2F2;CLDN14;FAS;TBK1;TYK2,False
prerank,Alzheimer disease,0.4651233346964504,2.168431107597421,0.0,0.0,0.0,161/326,19.46%,PLCB3;WNT7A;GAPDH;PPIF;CAPN2;TUBA1C;WNT5A;CSNK1A1;SLC25A5;CAPN1;PSMD2;TUBB6;TNFRSF1A;TRAF2;VDAC1;PIK3CD;PSMA4;CALM1;PIK3R3;PSMC4;FZD5;PSMD1;CDK5R1;PSMB2;XBP1;TUBB2B;PSMA5;PSMD11;COX5A;NFKB1;PSMB5;NDUFB9;ATF4;PSMA7;PLCB2;MAPK3;HRAS;PSMB3;NRBF2;CYCS;FZD10;PSMB6;ATP2A2;PSMD13;UQCRC1;PSMA3;CALML3;NRAS;PSMD6;TUBA1B;PSMC3;WNT9B;PSMB7;PSMD3;ADAM17;PSMD7;MAP2K2;RELA;TUBB2A;PSMC5;CASP7;FZD9;EIF2AK2;CASP8;ADRM1;PSMD8;MTOR;BID;VDAC2;PSMC1;NDUFS6;COX8A;CSF1;EIF2S1;TUBB;PSMB1;CALML5;CYC1;NDUFB4;PSMD12;NDUFS8;VDAC3;UQCRQ;COX7B;AKT1;NDUFAB1;NDUFA6;UQCRH;BECN1;PSMC6;COX6A1;UQCR10;FZD2;PSMD14;NDUFA1;NDUFB3;MAP2K1;UQCRFS1;PSMC2;DKK4;COX6C;PSMB4;PPP3R1;SDHB;PSMD4;HSD17B10;COX6B1;NDUFA8;CDK5;CHUK;NDUFS3;NDUFA9;PSMA1;IL6;NDUFB10;NDUFS5;TUBA4A;CASP9;COX7A2;UQCRC2;MAPK8;NDUFS2;TUBB3;NDUFB6;FZD3;COX5B;KIF5B;FAS;BACE2;ADAM10;PIK3R4;NDUFA4;AKT2;ERN1;SDHD;PSENEN;PSEN2;NDUFV1;CALM2;PTGS2;ATG13;COX7C;CACNA1C;ATG2A;COX4I1;NDUFS7;KRAS;NDUFB1;NDUFA4L2;NDUFB11;WIPI2;PSMA6;KIF5C;ARAF;NOX4;CSNK1E;TNF;IKBKB;PSMD9;NDUFA3;CSNK2A2,False
prerank,Diabetic cardiomyopathy,0.5050530005824856,2.1724263481929094,0.0,0.0,0.0,87/166,19.78%,CD36;PLCB3;GYS1;GAPDH;PPIF;TGFBR1;SLC25A5;PPP1CA;VDAC1;TGFB1;PIK3CD;PIK3R3;SLC2A1;COX5A;NFKB1;NDUFB9;CTSD;MMP9;PLCB2;NOS3;G6PD;ATP2A2;UQCRC1;RAC1;PPP1CB;MAPK11;RELA;CYBA;MTOR;RAC2;VDAC2;NDUFS6;COX8A;CYC1;NDUFB4;NDUFS8;VDAC3;UQCRQ;COX7B;AKT1;NDUFAB1;NDUFA6;UQCRH;PARP1;COX6A1;UQCR10;NDUFA1;NDUFB3;UQCRFS1;COX6C;SDHB;COX6B1;NDUFA8;NDUFS3;NDUFA9;MAPK14;NDUFB10;NDUFS5;COX7A2;UQCRC2;MAPK8;NDUFS2;NCF1;PRKCD;NDUFB6;COX5B;GFPT1;PPP1CC;PTEN;NDUFA4;AKT2;SDHD;PDHB;NDUFV1;COX7C;COL3A1;NCF2;COX4I1;NDUFS7;NDUFB1;NDUFA4L2;NDUFB11;ACE;NDUFA3;COL1A1;NDUFV3;CPT2,False
prerank,Viral protein interaction with cytokine and cytokine receptor,0.5565613416642016,2.1761574468626015,0.0,0.0,0.0,57/88,19.86%,TNFRSF10B;CCR5;TNFRSF1A;TNFSF10;IL2RA;CXCR1;CXCL10;LTBR;CCR7;CCL18;CCL22;CCR2;TNFRSF10A;TNFRSF1B;CXCR4;IL10RA;CXCL1;IL2RG;IL24;CCL2;CXCL11;CCL17;CXCL9;CCL19;IL20;CCR4;TNFRSF10D;CXCL8;CCR1;TNFSF14;IL10;CXCR3;CCL5;XCL1;CSF1;IL6R;CCL4;CCL13;CXCL13;CXCL2;CCL1;IL6;IL18RAP;CCL21;CCL20;CXCR2;LTA;IL19;CCR8;CXCL3;CCL26;CCL7;CCL3;TNF;CXCL6;CCR6;IL6ST,True
prerank,Toxoplasmosis,0.5312251916510768,2.1770279498028624,0.0,0.0,0.0,67/110,19.52%,PPIF;MYD88;CCR5;NFKBIB;TNFRSF1A;TGFB1;IRAK1;STAT3;TLR2;ITGA6;LDLR;MAP2K3;IFNGR2;IL10RA;GNAI2;NFKB1;SOCS1;MAPK3;CYCS;LAMB3;PIK3R5;STAT1;HSPA8;MAPK11;IFNGR1;HLA-DPA1;RELA;HSPA6;CIITA;CASP8;HLA-DRB1;IL10;NFKBIA;AKT1;BIRC3;CD40LG;HLA-DPB1;HLA-DQA1;GNAI3;PIK3CG;HLA-DRA;GNAO1;XIAP;HLA-DQB1;CHUK;MAPK14;HLA-DMB;CASP9;IKBKG;MAPK8;LY96;HLA-DRB5;LAMA4;HLA-DMA;TYK2;BIRC2;IL12B;AKT2;MAP3K7;TAB2;HLA-DQA2;CD40;TNF;BCL2L1;IKBKB;JAK1;IFNG,False
prerank,Primary immunodeficiency,0.6741816414775551,2.2036758722963112,0.0,0.0,0.0,20/33,16.49%,JAK3;TAP2;BLNK;IL2RG;CD3D;IL7R;LCK;TAP1;PTPRC;CD3E;CIITA;RFX5;ICOS;CD40LG;CD8A;IKBKG;CD4;ADA;ZAP70;DCLRE1C,False
prerank,Non-alcoholic fatty liver disease,0.5220588595259829,2.2107243507380603,0.0,0.0,0.0,83/146,19.67%,TNFRSF1A;TRAF2;TGFB1;PIK3CD;SOCS3;PIK3R3;BAX;MAP3K11;XBP1;CYP2E1;COX5A;NFKB1;NDUFB9;ATF4;CYCS;SREBF1;BCL2L11;JUN;UQCRC1;RAC1;ADIPOR2;MAPK11;CXCL8;RELA;CASP7;CASP8;BID;NDUFS6;COX8A;EIF2S1;CYC1;NDUFB4;NDUFS8;UQCRQ;IL6R;COX7B;AKT1;NDUFAB1;NDUFA6;UQCRH;FASLG;COX6A1;UQCR10;CDC42;NDUFA1;NDUFB3;UQCRFS1;COX6C;SDHB;COX6B1;NDUFA8;NDUFS3;NDUFA9;MAPK14;IL6;NDUFB10;MLX;PRKAB1;NDUFS5;COX7A2;UQCRC2;MAPK8;NDUFS2;NDUFB6;PRKAG1;COX5B;FAS;NDUFA4;AKT2;ERN1;SDHD;NDUFV1;COX7C;ADIPOR1;COX4I1;NDUFS7;NDUFB1;NDUFA4L2;NDUFB11;TNF;IKBKB;NDUFA3;NDUFV3,False
prerank,Measles,0.5695222896261398,2.3592946208615375,0.0,0.0,0.0,64/122,15.89%,OAS1;OAS2;IRF7;MX1;OAS3;MSN;JAK3;MYD88;MX2;CCND2;NFKBIB;BAK1;IRAK1;IFIH1;PIK3CD;IL2RA;STAT3;PIK3R3;IFNAR2;ADAR;DDX58;TLR2;CD3G;BAX;TRAF3;IRF9;CD28;NFKB1;IL2RG;SLAMF1;CYCS;CCNE1;STAT1;CCND3;CD3D;JUN;HSPA8;CDK2;RELA;CD3E;HSPA6;STAT2;EIF2AK2;CASP8;IKBKE;BID;EIF2S1;NFKBIA;AKT1;CCNE2;FASLG;CHUK;TRADD;IL6;CASP9;IKBKG;MAPK8;FAS;CD209;TBK1;TYK2;IL12B;AKT2;STAT5A,False
prerank,Prion disease,0.5256387728989511,2.359635865668522,0.0,0.0,0.0,129/233,21.84%,PPIF;TUBA1C;SLC25A5;PSMD2;TUBB6;VDAC1;PIK3CD;PSMA4;PIK3R3;PSMC4;PSMD1;BAX;PSMB2;TUBB2B;PSMA5;PSMD11;COX5A;HSPA5;PSMB5;NDUFB9;ATF4;PSMA7;MAPK3;PSMB3;CYCS;PSMB6;PSMD13;UQCRC1;RAC1;PSMA3;STIP1;PSMD6;TUBA1B;HSPA8;PSMC3;MAPK11;PSMB7;PSMD3;PSMD7;TUBB2A;PSMC5;HSPA6;CYBA;ADRM1;PSMD8;RAC2;VDAC2;CCL5;PSMC1;NDUFS6;COX8A;EIF2S1;TUBB;PSMB1;CYC1;NDUFB4;PSMD12;NDUFS8;VDAC3;UQCRQ;COX7B;NDUFAB1;NDUFA6;UQCRH;PSMC6;COX6A1;UQCR10;PSMD14;NDUFA1;NDUFB3;UQCRFS1;PSMC2;PRKACA;COX6C;PSMB4;PPP3R1;SDHB;PSMD4;COX6B1;NDUFA8;NDUFS3;NDUFA9;PSMA1;MAPK14;IL6;NDUFB10;NDUFS5;TUBA4A;CASP9;COX7A2;UQCRC2;MAPK8;NDUFS2;TUBB3;NCF1;PRKCD;NDUFB6;C1QC;COX5B;KIF5B;CREB3L2;NDUFA4;SDHD;PRNP;NDUFV1;COX7C;CACNA1C;NCF2;COX4I1;NDUFS7;NDUFB1;NDUFA4L2;NDUFB11;PSMA6;KIF5C;TNF;PSMD9;NDUFA3;CSNK2A2;NDUFV3;CASP3;C1QB;UQCRHL;NDUFB7;CAV2;CREB3;MAPK1;CSNK2A1;CSNK2B,False
prerank,Cellular senescence,0.5569458685049422,2.3610295971295425,0.0,0.0,0.0,74/150,14.42%,CCNB1;EIF4EBP1;FOXM1;MYBL2;CAPN2;HIPK2;RB1;TGFBR1;E2F3;CCND2;SLC25A5;CAPN1;PPP1CA;VDAC1;TGFB1;PIK3CD;CCNB2;CALM1;TRAF3IP2;PIK3R3;SERPINE1;CCNA2;MAPKAPK2;CHEK1;CDK1;MAP2K3;ETS1;CDC25A;NFKB1;RRAS2;GADD45G;MAPK3;HRAS;CDKN1A;CCNE1;CCND3;FBXW11;E2F1;CALML3;NRAS;PPP1CB;MAPK11;HIPK3;CDK2;CXCL8;MAP2K2;RELA;E2F4;MTOR;VDAC2;CALML5;IGFBP3;VDAC3;LIN54;AKT1;CCNE2;RBL1;NFATC3;NFATC1;MAP2K1;HLA-B;PPP3R1;CDKN2B;HLA-C;CHEK2;HLA-A;MAPK14;IL6;MYC;E2F2;HUS1;PPP1CC;PTEN;HLA-E,False
prerank,C-type lectin receptor signaling pathway,0.6232779014698021,2.4992025892340357,0.0,0.0,0.0,57/100,16.44%,CLEC7A;BCL3;MAP3K14;PYCARD;PIK3CD;CALM1;IRF1;PIK3R3;RELB;MAPKAPK2;CCL22;IRF9;NFKB2;CYLD;PAK1;NFKB1;BCL10;RRAS2;MAPK3;HRAS;SRC;STAT1;CCL17;JUN;CALML3;NRAS;RHOA;MAPK11;SYK;RELA;STAT2;PLCG2;CASP8;IKBKE;IL10;CALML5;NFKBIA;AKT1;FCER1G;NFATC3;PTPN11;NLRP3;NFATC1;PPP3R1;CHUK;MAPK14;IL6;IKBKG;MAPK8;PRKCD;CD209;IL12B;AKT2;PLK3;MALT1;CALM2;PTGS2,False
prerank,Huntington disease,0.5506852553662708,2.5023832353100808,0.0,0.0,0.0,134/263,19.38%,PLCB3;PPIF;TUBA1C;AP2S1;SLC25A5;PSMD2;TUBB6;TRAF2;VDAC1;PSMA4;POLR2E;PSMC4;PSMD1;HDAC1;POLR2L;RCOR1;POLR2A;BAX;PSMB2;TUBB2B;PSMA5;POLR2H;PSMD11;COX5A;PSMB5;NDUFB9;PSMA7;CLTC;PLCB2;PSMB3;NRBF2;CYCS;PSMB6;AP2M1;GPX1;PSMD13;UQCRC1;PSMA3;PSMD6;DCTN5;SOD2;TUBA1B;ACTR1A;PSMC3;PSMB7;PSMD3;PSMD7;CLTA;TUBB2A;PSMC5;CASP8;ADRM1;PSMD8;MTOR;VDAC2;PSMC1;NDUFS6;COX8A;GPX3;TUBB;PSMB1;CYC1;NDUFB4;PSMD12;NDUFS8;VDAC3;UQCRQ;COX7B;NDUFAB1;NDUFA6;UQCRH;BECN1;PSMC6;COX6A1;UQCR10;PSMD14;NDUFA1;NDUFB3;AP2A1;UQCRFS1;PSMC2;DCTN6;POLR2B;COX6C;PSMB4;SDHB;PSMD4;COX6B1;NDUFA8;NDUFS3;NDUFA9;PSMA1;NDUFB10;NDUFS5;TUBA4A;CASP9;COX7A2;UQCRC2;MAPK8;NDUFS2;TUBB3;POLR2G;NDUFB6;CLTB;COX5B;KIF5B;TGM2;GPX2;CREB3L2;HTT;PIK3R4;NDUFA4;ERN1;SDHD;NDUFV1;MAP3K10;ATG13;COX7C;ATG2A;COX4I1;NDUFS7;DNAL1;NDUFB1;DCTN2;NDUFA4L2;NDUFB11;WIPI2;HAP1;PSMA6;KIF5C;AP2B1;HDAC2;PSMD9;NDUFA3,False
prerank,Protein processing in endoplasmic reticulum,0.5873731835817253,2.5099698935650614,0.0,0.0,0.0,81/159,13.71%,CAPN2;P4HB;CAPN1;LMAN1;VCP;CALR;BAK1;ERO1A;TRAF2;SEC61A1;RRBP1;NPLOC4;DNAJC5;HYOU1;CKAP4;EDEM1;SEC24D;BAX;XBP1;TUSC3;CUL1;UBE2G1;DNAJB11;RPN2;RPN1;UBE2D1;SEC24C;UGGT1;HSPA5;FBXO6;ATF4;UBE2J2;SEC61B;SEC24A;PDIA3;EDEM3;HSPBP1;UBE2J1;DDOST;PDIA6;HSPH1;UBE2D3;PDIA4;PREB;SEC61G;EDEM2;BCAP31;HSPA8;CANX;TXNDC5;SEL1L;DERL1;SEC23B;GANAB;HSPA6;DNAJB1;UBQLN2;EIF2AK2;HSP90B1;PLAA;UBE2D2;DNAJA2;EIF2S1;SSR4;SSR1;UBQLN4;LMAN2;STT3B;HSPA4L;NGLY1;SEC13;SSR3;STT3A;DAD1;DNAJC3;MAPK8;DERL2;UBQLN1;NSFL1C;MOGS;DNAJA1,False
prerank,Human immunodeficiency virus 1 infection,0.5711156539769469,2.5137588431577162,0.0,0.0,0.0,112/186,19.41%,CCNB1;LIMK1;MYD88;CCR5;CFL1;CALR;BAK1;APOBEC3A;TNFRSF1A;APOBEC3B;TRAF2;IRAK1;PIK3CD;AP1S3;CCNB2;CALM1;PIK3R3;TLR2;TAPBP;TAP2;PAK4;CD3G;BAX;CHEK1;CDK1;MAP2K3;TNFRSF1B;CXCR4;CUL1;PAK1;GNAI2;NFKB1;AP1B1;MAPK3;HRAS;PDIA3;CYCS;GNB5;FBXW11;CD3D;JUN;APOBEC3C;RAC1;PAK2;GNB2;CALML3;TAP1;NRAS;RPS6KB2;MAPK11;APOBEC3G;CD247;MAP2K2;BST2;RELA;CD3E;AP1G1;CDC25C;PLCG2;CASP8;MTOR;BID;RAC2;GNG5;CALML5;NFKBIA;AKT1;FASLG;CRK;NFATC3;NFATC1;MAP2K1;GNAI3;HLA-B;B2M;PPP3R1;AP1M1;GNAO1;PLCG1;HLA-C;HLA-A;CHUK;TRADD;MAPK14;CASP9;IKBKG;MAPK8;RPS6KB1;CD4;HLA-E;FAS;TBK1;SAMHD1;GNG4;AKT2;TRAF5;APOBEC3F;ATR;AP1S2;CALM2;RBX1;IRF3;MAP3K7;GNG10;KRAS;TAB2;GNG12;AP1M2;TNF;BCL2L1;IKBKB;TRIM5,False
prerank,Epithelial cell signaling in Helicobacter pylori infection,0.671324300219264,2.530028545718001,0.0,0.0,0.0,44/68,14.73%,ATP6V0D1;ATP6V1B2;MAP3K14;CXCR1;LYN;TCIRG1;CSK;HBEGF;PAK1;CXCL1;NFKB1;ATP6V1A;SRC;JUN;RAC1;ATP6V1D;ATP6V0B;MAPK11;ADAM17;CXCL8;RELA;PLCG2;CCL5;NFKBIA;ATP6V0E1;CDC42;PTPN11;TJP1;ATP6V1G1;ATP6V1C2;PLCG1;CXCL2;ATP6V1C1;CHUK;MAPK14;IKBKG;CXCR2;MAPK8;ATP6AP1;ATP6V0A1;MAP2K4;ADAM10;NOD1;ATP6V1F,False
prerank,Cell cycle,0.6118106037132081,2.5375611743399396,0.0,0.0,0.0,70/123,13.66%,CDC25B;CCNB1;CDC20;RB1;E2F3;SFN;CCND2;TFDP1;BUB1;PKMYT1;TGFB1;YWHAQ;CCNB2;CDC6;ESPL1;MCM6;HDAC1;CCNA2;CDC45;PTTG1;YWHAZ;MCM4;CHEK1;CDK1;ANAPC7;ORC1;CDC25A;CUL1;YWHAH;TTK;PRKDC;GADD45G;PCNA;MAD2L1;YWHAG;CDKN1A;CCNE1;MCM5;CCND3;E2F1;BUB1B;PLK1;CDC7;DBF4;CDK7;MCM2;MCM3;MCM7;YWHAB;CDK2;E2F4;CDC25C;YWHAE;MAD2L2;ANAPC1;CCNE2;RBL1;ZBTB17;ORC6;RAD21;CDKN2B;CHEK2;SKP2;SMC1A;CDKN2D;ANAPC11;FZR1;MYC;CDC14B;E2F2,False
prerank,Viral carcinogenesis,0.5892296172779949,2.5579801367062944,0.0,0.0,0.0,97/160,20.03%,IRF7;PKM;CDC20;ATP6V0D1;RB1;JAK3;CCND2;CCR5;BAK1;TRAF2;PIK3CD;YWHAQ;STAT3;LYN;PIK3R3;LTBR;POLB;HDAC1;CCNA2;REL;MAPKAPK2;YWHAZ;BAX;CHEK1;CDK1;TRAF3;IRF9;NFKB2;YWHAH;NFKB1;SND1;ATF4;YWHAG;MAPK3;HRAS;SRC;GRB2;CDKN1A;DDX3X;CCNE1;VAC14;SCRIB;CCND3;JUN;RAC1;ACTN1;CCR4;NRAS;RHOA;SYK;RANBP1;YWHAB;CDK2;RELA;YWHAE;EIF2AK2;CASP8;HNRNPK;PSMC1;HDAC3;VDAC3;GTF2H1;NFKBIA;CCNE2;RBL1;SP100;CDC42;HLA-B;PRKACA;CDKN2B;HLA-C;GTF2E1;HLA-A;SKP2;TRADD;IKBKG;CREB3L2;HLA-E;TRAF1;GTF2A2;GTF2B;TRAF5;SRF;STAT5A;CCR8;GTF2E2;MDM2;DNAJA3;IRF3;KRAS;PMAIP1;HDAC2;JAK1;UBR4;ACTN4;IL6ST;GTF2H3,False
prerank,NOD-like receptor signaling pathway,0.602804468685517,2.5652552988019526,0.0,0.0,0.0,101/156,20.49%,NOD2;OAS1;OAS2;IRF7;IFI16;OAS3;NLRX1;PLCB3;MYD88;CTSB;NFKBIB;TXN;PYCARD;TRAF2;VDAC1;GSDMD;DEFB4A;CARD6;IFNAR2;NAMPT;TRPV2;AIM2;MFN1;TRAF3;IRF9;GBP1;CXCL1;NFKB1;RIPK3;PLCB2;PANX1;MAPK3;PYDC1;CCL2;STAT1;JUN;DHX33;CASP4;RHOA;MAPK11;DEFB103B;CXCL8;RELA;STAT2;GBP5;GBP3;DEFB103A;YWHAE;CASP8;IKBKE;CYBA;VDAC2;CCL5;DEFB4B;VDAC3;DNM1L;NFKBIA;CAMP;BIRC3;NLRP3;GBP4;TRIP6;GBP2;PSTPIP1;XIAP;RNF31;CXCL2;CHUK;MAPK14;IL6;TICAM1;IKBKG;MAPK8;PRKCD;NLRC4;TXN2;NEK7;NOD1;TBK1;TYK2;BIRC2;TRAF5;ANTXR2;NAIP;MFN2;CXCL3;IRF3;MAP3K7;ATG5;HSP90AB1;TAB2;TNF;BCL2L1;IKBKB;JAK1;MEFV;CASP5;HSP90AA1;TNFAIP3;RIPK1;TRPM7,False
prerank,IL-17 signaling pathway,0.6634484012155535,2.576693003528079,0.0,0.0,0.0,64/91,20.54%,S100A7;S100A9;S100A8;S100A7A;MAPK6;MMP1;TRAF2;TRAF3IP2;CXCL10;DEFB4A;FOSL1;TRAF3;IL13;LCN2;CXCL1;NFKB1;MMP9;MAPK3;CCL2;CCL17;JUN;TRAF4;MMP3;SRSF1;MAPK11;CXCL8;RELA;HSP90B1;CASP8;IKBKE;CEBPB;DEFB4B;NFKBIA;ELAVL1;CSF2;MAPK7;CXCL2;CHUK;TRADD;MAPK14;IL17RA;IL6;CCL20;IKBKG;MAPK8;TBK1;TRAF5;PTGS2;CXCL3;MMP13;IL17C;FOSB;CCL7;MAP3K7;HSP90AB1;TAB2;TNF;CXCL6;ANAPC5;IKBKB;IFNG;HSP90AA1;TNFAIP3;CASP3,False
prerank,Rheumatoid arthritis,0.6587806953897662,2.59758254456625,0.0,0.0,0.0,59/85,19.52%,ATP6V0D1;ACP5;VEGFA;ATP6V1B2;MMP1;CTSL;TGFB1;ICAM1;TLR2;TCIRG1;CD28;CXCL1;ATP6V1A;CCL2;ITGAL;CTLA4;JUN;CD80;ATP6V1D;ATP6V0B;MMP3;CXCL8;HLA-DPA1;HLA-DRB1;CCL5;ITGB2;CSF1;LTB;ATP6V0E1;HLA-DPB1;ATP6V1G1;HLA-DQA1;CSF2;HLA-DRA;ATP6V1C2;IL15;CXCL2;HLA-DQB1;ATP6V1C1;IL6;CCL20;HLA-DMB;FLT1;ATP6AP1;ATP6V0A1;HLA-DRB5;TNFSF13B;TNFSF11;ATP6V1F;HLA-DMA;CXCL3;HLA-DQA2;ATP6V1E1;CCL3;TNF;CXCL6;CD86;ATP6V1H;IFNG,False
prerank,Human T-cell leukemia virus 1 infection,0.5909224214945541,2.620458291000814,0.0,0.0,0.0,126/209,19.43%,CDC20;RB1;TGFBR1;E2F3;JAK3;CCND2;SLC25A5;CALR;MAP3K14;TNFRSF1A;VDAC1;TGFB1;MSX2;PIK3CD;IL2RA;CCNB2;PIK3R3;RELB;LTBR;ESPL1;POLB;ICAM1;FOSL1;CCNA2;CD3G;PTTG1;SLC2A1;BAX;CHEK1;ANAPC7;ETS1;NFKB2;NFKB1;ATF4;IL2RG;RAN;MAD2L1;MAPK3;HRAS;ITGAL;CDKN1A;CCNE1;VAC14;CCND3;E2F1;BUB1B;CD3D;JUN;LCK;NRAS;CANX;ADCY7;ZFP36;RANBP1;CDK2;HLA-DPA1;MAP2K2;RELA;CD3E;ADCY3;HLA-DRB1;TSPO;VDAC2;ITGB2;VDAC3;ANAPC1;NFKBIA;AKT1;CCNE2;NFATC3;HLA-DPB1;NFATC1;MAP2K1;ADCY9;HLA-DQA1;CSF2;HLA-B;B2M;HLA-DRA;PRKACA;ELK4;IL15RA;PPP3R1;IL15;CDKN2B;XIAP;HLA-C;CHEK2;ETS2;HLA-DQB1;HLA-A;CHUK;IL6;RANBP3;HLA-DMB;ANAPC11;IKBKG;MAPK8;MYC;E2F2;HLA-DRB5;CD4;CREB3L2;MAP2K4;LTA;CDC27;PTEN;HLA-E;HLA-DMA;CDC23;AKT2;SRF;STAT5A;ATR;SPI1;ELK1;XPO1;KRAS;HLA-DQA2;CD40;TNF;ANAPC5;BCL2L1;BUB3;IKBKB;JAK1,False
prerank,Parkinson disease,0.5951259494655597,2.6348452174370216,0.0,0.0,0.0,124/209,19.67%,PPIF;TUBA1C;SLC25A5;TXN;PSMD2;TUBB6;VDAC1;PSMA4;CALM1;UBA1;PSMC4;PSMD1;BAX;MFN1;MAOB;PSMB2;XBP1;UBE2L3;TUBB2B;UBE2L6;PSMA5;UBE2G1;PSMD11;GNAI2;COX5A;HSPA5;PSMB5;NDUFB9;ATF4;PSMA7;UBE2J2;PSMB3;CYCS;PSMB6;UBE2J1;PSMD13;UQCRC1;PSMA3;CALML3;PSMD6;TUBA1B;PSMC3;PSMB7;PSMD3;PSMD7;TUBB2A;PSMC5;ADRM1;PSMD8;PARK7;VDAC2;PSMC1;NDUFS6;COX8A;EIF2S1;TUBB;PSMB1;CALML5;CYC1;NDUFB4;PSMD12;NDUFS8;VDAC3;UQCRQ;COX7B;NDUFAB1;NDUFA6;UQCRH;PSMC6;COX6A1;UQCR10;PSMD14;NDUFA1;NDUFB3;UQCRFS1;GNAI3;PSMC2;PRKACA;COX6C;PSMB4;SDHB;UBB;PSMD4;PLCG1;DAXX;COX6B1;NDUFA8;NDUFS3;NDUFA9;PSMA1;NDUFB10;NDUFS5;TUBA4A;CASP9;COX7A2;UQCRC2;MAPK8;NDUFS2;TUBB3;NDUFB6;COX5B;KIF5B;TXN2;GPR37;NDUFA4;ERN1;SDHD;NDUFV1;CALM2;COX7C;MFN2;GNAS;HTRA2;COX4I1;NDUFS7;NDUFB1;NDUFA4L2;NDUFB11;PSMA6;KIF5C;BCL2L1;PSMD9;NDUFA3;NDUFV3,False
prerank,Oxidative phosphorylation,0.6547916477760443,2.6535066227735533,0.0,0.0,0.0,61/98,19.67%,ATP6V0D1;ATP6V1B2;TCIRG1;COX10;COX5A;NDUFB9;ATP6V1A;UQCRC1;ATP6V1D;ATP6V0B;ATP12A;PPA1;NDUFS6;COX8A;CYC1;NDUFB4;NDUFS8;UQCRQ;COX7B;NDUFAB1;NDUFA6;UQCRH;ATP6V0E1;COX6A1;UQCR10;NDUFA1;NDUFB3;ATP6V1G1;UQCRFS1;COX6C;ATP6V1C2;SDHB;COX6B1;ATP6V1C1;NDUFA8;NDUFS3;NDUFA9;NDUFB10;NDUFS5;COX7A2;UQCRC2;NDUFS2;ATP6AP1;ATP6V0A1;NDUFB6;COX5B;ATP6V1F;NDUFA4;SDHD;NDUFV1;COX7C;COX4I1;NDUFS7;COX17;NDUFB1;NDUFA4L2;NDUFB11;ATP6V1E1;ATP6V1H;NDUFA3;NDUFV3,False
prerank,Influenza A,0.6575815626061882,2.788430960645113,0.0,0.0,0.0,91/149,15.54%,KPNA2;OAS1;OAS2;IRF7;MX1;TMPRSS4;OAS3;PRSS3;NLRX1;TNFRSF10B;MYD88;MX2;RSAD2;SLC25A5;NFKBIB;BAK1;TNFRSF1A;PYCARD;VDAC1;IFIH1;PIK3CD;ACTB;TNFSF10;SOCS3;PIK3R3;CXCL10;IFNAR2;ADAR;DDX58;ICAM1;PML;BAX;TRAF3;IRF9;TNFRSF10A;TRIM25;IFNGR2;NFKB1;MAPK3;CCL2;CYCS;STAT1;CCND3;RAE1;TMPRSS11D;IFNGR1;CXCL8;HLA-DPA1;MAP2K2;RELA;DNAJB1;STAT2;CIITA;EIF2AK2;CASP8;IKBKE;BID;HLA-DRB1;CCL5;EIF2S1;NFKBIA;AKT1;FASLG;HLA-DPB1;NLRP3;MAP2K1;CPSF4;HLA-DQA1;HLA-DRA;KPNA6;NXF1;NUP98;HLA-DQB1;KPNA1;CHUK;TRADD;DNAJC3;IL6;TICAM1;HLA-DMB;CASP9;IKBKG;HLA-DRB5;FAS;NXT1;TBK1;HLA-DMA;TYK2;IL12B;AKT2;ACTG1,False
prerank,Epstein-Barr virus infection,0.6638557561391032,2.919678022634445,0.0,0.0,0.0,119/184,15.40%,OAS1;OAS2;IRF7;OAS3;RB1;E2F3;JAK3;ISG15;MYD88;CCND2;NFKBIB;CALR;BAK1;MAP3K14;PSMD2;TRAF2;IRAK1;PIK3CD;STAT3;LYN;PIK3R3;RELB;CXCL10;PSMC4;CD44;IFNAR2;PSMD1;DDX58;ICAM1;TLR2;TAPBP;HDAC1;TAP2;CCNA2;CD3G;BAX;BLNK;TRAF3;IRF9;MAP2K3;NFKB2;PSMD11;NFKB1;NFKBIE;GADD45G;ITGAL;PDIA3;CYCS;NEDD4;CDKN1A;CCNE1;STAT1;BCL2L11;CCND3;E2F1;PSMD13;CD3D;JUN;RAC1;TAP1;PSMD6;PSMC3;MAPK11;SYK;CDK2;PSMD3;HLA-DPA1;PSMD7;CD247;RELA;CD3E;PSMC5;STAT2;PLCG2;EIF2AK2;CASP8;IKBKE;ADRM1;PSMD8;BID;HLA-DRB1;PSMC1;PSMD12;NFKBIA;AKT1;CCNE2;PSMC6;PSMD14;HLA-DPB1;HLA-DQA1;HLA-B;PSMC2;B2M;HLA-DRA;RUNX3;PSMD4;HLA-C;HLA-DQB1;HLA-A;SKP2;CHUK;TRADD;MAPK14;IL6;HLA-DMB;CASP9;IKBKG;MAPK8;MYC;E2F2;HLA-DRB5;MAP2K4;HLA-E;FAS;TBK1;HLA-DMA;TYK2;AKT2;TRAF5,False
prerank,Pathogenic Escherichia coli infection,0.5705654749096869,2.495742385858265,0.0,0.0,0.0,97/188,14.42%,GAPDH;TUBA1C;TNFRSF10B;MYD88;MYH9;NFKBIB;BAK1;MYO5A;TUBB6;TNFRSF1A;SLC9A3R1;PYCARD;TRAF2;ARPC1B;IRAK1;ACTB;TNFSF10;MYO1C;ARPC5L;ARPC4;SEC24D;MYO1B;MYO1E;BAX;ACTR2;TNFRSF10A;TUBB2B;ARHGEF1;ACTR3C;MYO10;PAK1;SEC24C;NFKB1;RAB1A;ARPC2;MAPK3;SEC24A;SRC;CYCS;MYO1G;CYFIP1;JUN;ARPC3;RAC1;PAK2;LPAR5;NCK2;CASP4;TUBA1B;ARPC1A;RHOA;GNA12;MAPK11;ABCF2;ACTR3;CXCL8;RELA;TUBB2A;CASP7;HCLS1;CASP8;ROCK1;TUBB;MYO5B;NFKBIA;ARPC5;NCL;FASLG;BRK1;CDC42;PTPN11;TJP1;NLRP3;NCKAP1L;ARHGEF2;MYO1D;CTTN;ROCK2;CYTH4;MYO1F;CHUK;TRADD;MAPK14;ARF1;CYFIP2;IL6;TUBA4A;CASP9;IKBKG;ABI1;MAPK8;TUBB3;LPAR2;EZR;TMED10;CLDN14;FAS,False
prerank,Herpes simplex virus 1 infection,-0.5093140143273118,-2.4955470112837235,0.0,0.0,0.0,202/462,12.79%,ZNF677;ZNF439;ZNF577;ZNF606;ZNF107;ZNF528;ZFP14;ZNF418;ZNF471;ZNF350;ZNF83;BCL2;ZNF675;ZNF14;ZNF766;ZNF429;ZNF273;ZNF772;ZNF605;ZNF540;ZNF112;ZNF33B;ZNF559;ZNF226;ZFP28;ZNF790;ZNF135;ZNF717;ZNF506;ZNF33A;ZNF727;ZNF486;ZNF829;ZNF680;ZNF91;ZNF891;ZNF420;ZNF302;ZNF615;ZNF793;ZNF841;ZNF737;ZNF510;ZNF721;ZNF347;ZNF419;ZNF417;ZNF383;ZNF568;ZNF550;ZNF600;ZNF585A;ZNF251;ZNF253;ZNF136;ZNF441;ZNF616;ZNF573;PIK3R1;ZNF782;ZNF181;ZNF160;ZNF544;ZNF227;ZNF461;ZNF256;ZNF773;ZNF234;ZNF836;ZNF845;ZNF736;ZNF211;ZNF268;ZFP30;ZNF470;ZNF816;ZNF582;ZNF726;ZIK1;ZNF415;ZNF229;ZNF682;ZNF850;ZNF12;ZNF551;ZNF548;ZNF432;ZNF566;ZNF701;ZNF549;ZNF667;ZNF320;ZNF607;ZNF284;ZNF25;ZNF519;ZNF354C;ZNF658;ZNF665;ZNF285;ZNF623;ZNF254;ZNF570;ZNF718;ZNF571;ZNF248;ZNF514;ZNF814;ZNF221;ZNF44;ZNF34;ZNF791;ZNF879;ZNF546;ZNF90;ZFP37;ZNF334;ZNF124;ZNF189;JAK2;ZNF175;ZNF43;ZNF563;ZNF257;ZNF583;ZNF671;ZNF250;ZNF333;ZNF230;ZNF85;ZNF619;ZNF10;ZNF184;ZNF84;ZNF224;ZNF808;ZNF45;ZNF37A;ZNF3;ZNF611;ZNF404;ZNF676;C5;SRSF5;ZNF182;ZNF599;ZNF440;ZNF529;ZNF585B;ZNF567;ZNF699;ZNF530;ZNF595;ZNF780B;ZNF765;ZNF621;ZNF208;ZNF527;ZNF416;ZNF283;ZNF569;ZNF853;ZNF426;ZNF140;ZNF559-ZNF177;ZNF180;ZNF761;ZNF304;ZNF614;ZNF214;ZNF610;ZNF225;ZNF433;ZNF93;ZNF300;ZNF436;ZNF141;ZNF543;ZNF627;TAB1;ZNF155;ZNF442;ZNF649;ZNF596;ZNF578;TRAF6;ZNF132;ZNF8;ZNF154;ZNF813;ZNF169;ZNF311;ZNF454;ZNF565;ZNF688;ZNF81;AKT3;ZNF337;ZNF7;ZFP82;ZNF430;ZNF19,False
prerank,Spliceosome,0.5893321138052093,2.4874782679818397,0.0,0.0,0.0,89/140,25.42%,EIF4A3;PPIL1;EFTUD2;SNRPG;SF3B4;U2AF2;SRSF9;HSPA8;SRSF1;PCBP1;HNRNPM;HSPA6;SNRPC;HNRNPK;BUD31;ALYREF;SF3B5;DHX8;SNRNP40;AQR;THOC3;SNRPF;SRSF2;SNRPB;PLRG1;DDX5;RNU4-1;HNRNPC;LSM2;TRA2B;PRPF4;PPIH;RNU1-1;SRSF6;LSM7;USP39;SNRPD1;PRPF31;SNRNP200;SF3A3;PRPF40A;PUF60;SNU13;SNRPA1;LSM4;SRSF7;PHF5A;SF3B6;SNRPD3;SRSF4;DDX46;SNRPA;MAGOH;CTNNBL1;SF3B2;SNRPB2;SRSF10;DDX23;RNU5A-1;TCERG1;ACIN1;PRPF38B;RBM22;SART1;RBM17;HNRNPU;SRSF3;SF3B1;NCBP1;PRPF8;BCAS2;ZMAT2;ISY1;SNRPE;SMNDC1;SF3B3;PQBP1;LSM5;RBM25;TXNL4A;CHERP;CWC15;RNU1-4;MAGOHB;SNRPD2;HNRNPA1;PRPF19;LSM6;NCBP2,False
prerank,Amyotrophic lateral sclerosis,0.5370753826230382,2.484965027747347,0.0,0.0,0.0,174/319,19.78%,NUP210;TUBA1C;PFN1;VCP;PSMD2;TUBB6;TNFRSF1A;TRAF2;VDAC1;ACTB;PSMA4;PSMC4;PSMD1;BAX;PSMB2;XBP1;MAP2K3;TUBB2B;PSMA5;TNFRSF1B;HNRNPA2B1;PSMD11;COX5A;HSPA5;RAB1A;PSMB5;NDUFB9;ATF4;PSMA7;PSMB3;NRBF2;CYCS;PSMB6;TOMM40;GPX1;PSMD13;UQCRC1;RAC1;NUP88;PSMA3;NUP188;PSMD6;DCTN5;NUP62;TUBA1B;NUP50;ACTR1A;PSMC3;RAB5A;RAE1;POM121;MAPK11;NUP205;ANXA7;PSMB7;NUP107;DERL1;PSMD3;PSMD7;TUBB2A;PSMC5;UBQLN2;ADRM1;PSMD8;MTOR;BID;PSMC1;NDUFS6;COX8A;EIF2S1;ALYREF;GPX3;TUBB;PSMB1;RAB8A;CYC1;NDUFB4;PSMD12;NDUFS8;UBQLN4;CHCHD10;UQCRQ;COX7B;TOMM40L;NUP160;NDUFAB1;NDUFA6;UQCRH;BECN1;PSMC6;COX6A1;UQCR10;PSMD14;NDUFA1;NDUFB3;UQCRFS1;PSMC2;SIGMAR1;DCTN6;COX6C;PSMB4;PPP3R1;SDHB;NXF1;PSMD4;NUP98;SEC13;DAXX;COX6B1;NUP153;NDUFA8;NDUFS3;NDUFA9;PSMA1;MAPK14;NDUFB10;NDUFS5;SEH1L;TUBA4A;CASP9;COX7A2;UQCRC2;NDUFS2;TUBB3;UBQLN1;NUP155;NDUFB6;NUP37;COX5B;TPR;NUP85;KIF5B;GPX2;NEFH;SRSF7;NXT1;TBK1;PIK3R4;GLE1;NDUFA4;NUP93;ERN1;ATXN2L;SDHD;ACTG1;NDUFV1;NDC1;ATG13;COX7C;RANBP2;NUP58;ATG2A;POM121C;COX4I1;NDUFS7;DNAL1;NDUFB1;DCTN2;SRSF3;NDUFA4L2;NDUFB11;WIPI2;HAP1;PSMA6;KIF5C;TNF;BCL2L1;PSMD9;NDUFA3;SETX;CHMP2B;TARDBP;NDUFV3;NCBP1,False
prerank,Chemokine signaling pathway,0.5448650537732405,2.367348789389107,0.0,0.0,0.0,107/174,20.05%,PLCB3;JAK3;CCR5;NFKBIB;PIK3CD;STAT3;CXCR1;LYN;PIK3R3;CXCL10;CCR7;ITK;SHC1;CCL18;CCL22;CCR2;CXCR4;ARRB2;PAK1;GNAI2;CXCL1;NFKB1;BCAR1;PLCB2;CXCL16;MAPK3;HRAS;CCL2;SRC;GNB5;GRB2;PIK3R5;CXCL11;STAT1;CCL17;CXCL9;CCL19;RAC1;GNB2;CCR4;NRAS;FGR;ADCY7;RHOA;RASGRP2;CXCL8;RELA;CCR1;ADCY3;STAT2;PLCG2;VAV2;DOCK2;CXCR3;RAC2;GNG5;CCL5;XCL1;ROCK1;NFKBIA;AKT1;TIAM1;CRK;CCL4;CDC42;MAP2K1;ADCY9;GNAI3;PIK3CG;GRK6;PRKACA;CCL13;CXCL13;ROCK2;CXCR6;PLCG1;CXCL2;CCL1;CHUK;CCL21;CCL20;IKBKG;CXCR2;NCF1;PRKCD;VAV1;WAS;GNG4;AKT2;CCR8;ARRB1;CXCL3;CCL26;HCK;CCL7;RAP1B;GNG10;KRAS;GNG12;GRK4;CCL3;PREX1;CXCL6;IKBKB;CCR6;GRK5;GNG2,True
prerank,RIG-I-like receptor signaling pathway,0.6683302773835827,2.3693763572228135,0.0,0.0,0.0,39/55,21.56%,IRF7;NLRX1;CASP10;ISG15;NFKBIB;TRAF2;IFIH1;CXCL10;DDX58;TRAF3;CYLD;TRIM25;DHX58;NFKB1;DDX3X;MAPK11;CXCL8;RELA;CASP8;IKBKE;NFKBIA;CHUK;TRADD;IFNE;MAPK14;IKBKG;MAPK8;TBK1;IL12B;AZI2;IRF3;MAP3K7;OTUD5;ATG5;TNF;IKBKB;RIPK1;TBKBP1;FADD,False
prerank,Osteoclast differentiation,0.5752086083684219,2.3696388286240935,0.0,0.0,0.0,70/124,20.27%,ACP5;TGFBR1;MAP3K14;TNFRSF1A;TRAF2;TGFB1;PIK3CD;SOCS3;PIK3R3;RELB;IFNAR2;FOSL1;BLNK;IRF9;NFKB2;CYLD;IFNGR2;JUNB;NFKB1;SOCS1;MAPK3;GRB2;STAT1;JUN;RAC1;TNFRSF11B;LCK;MAPK11;SIRPA;LCP2;SYK;IFNGR1;RELA;STAT2;PLCG2;CYBA;CAMK4;CSF1;SIRPG;NFKBIA;AKT1;LILRB2;FHL2;NFATC1;MAP2K1;PPP3R1;LILRB4;CHUK;FCGR3A;MAPK14;IKBKG;MAPK8;NCF1;TNFSF11;TYK2;AKT2;SPI1;TYROBP;NCF2;LILRA6;FOSB;FCGR1A;MAP3K7;TAB2;TNF;IKBKB;JAK1;IFNG;LILRA4;FCGR2A,False
prerank,Vibrio cholerae infection,0.6748611862884899,2.3748608351884783,0.0,0.0,0.0,33/47,19.26%,ATP6V0D1;TJP2;ATP6V1B2;ERO1A;ACTB;SEC61A1;TCIRG1;ATP6V1A;SEC61B;PDIA4;ATP6V1D;SEC61G;ATP6V0B;ADCY3;PLCG2;ATP6V0E1;KDELR1;TJP1;ATP6V1G1;ADCY9;PRKACA;ATP6V1C2;PLCG1;ATP6V1C1;ARF1;ATP6AP1;ATP6V0A1;ATP6V1F;KDELR2;ACTG1;GNAS;ATP6V1E1;ATP6V1H,False
prerank,Chagas disease,0.5969266454127906,2.3799964343457702,0.0,0.0,0.0,64/96,21.68%,PLCB3;TGFBR1;MYD88;CALR;GNA15;TNFRSF1A;TGFB1;IRAK1;PIK3CD;PIK3R3;SERPINE1;TLR2;CD3G;IFNGR2;GNAI2;NFKB1;PLCB2;MAPK3;CCL2;BDKRB2;CD3D;JUN;MAPK11;PPP2CA;IFNGR1;CXCL8;CD247;RELA;CD3E;CASP8;IL10;CCL5;PPP2R1A;PPP2R1B;NFKBIA;AKT1;GNA14;FASLG;PPP2R2C;GNAI3;GNAO1;CHUK;MAPK14;IL6;TICAM1;IKBKG;MAPK8;C1QC;MAP2K4;FAS;IL12B;AKT2;PPP2R2A;GNAS;CCL3;ACE;TNF;IKBKB;IFNG;PPP2R2D;C1QB;TLR6;FADD;MAPK1,False
prerank,RNA transport,0.554252214093688,2.3973337278000053,0.0,0.0,0.0,95/171,22.06%,EIF4EBP1;NUP210;TACC3;EIF4G2;EIF4A3;SNORD3B-1;EIF5;THOC6;XPOT;EIF2S2;RAN;CYFIP1;EIF4E;PABPC4L;NUP88;NUP188;NUP62;STRAP;NUP50;EIF4G1;RANGAP1;RAE1;POM121;NUP205;NUP107;EIF4E2;ELAC2;PABPC1;POP1;EIF2B2;EIF3B;KPNB1;EIF2S1;EIF3I;ALYREF;SUMO3;NUP160;PYM1;XPO5;PRMT5;THOC3;RNU4-1;EIF3J;SNORD3A;NXF1;SNORD3B-2;NUP98;EIF2B5;SEC13;NUP153;RNU1-1;CYFIP2;SNORD3C;SEH1L;EIF3A;NUP155;GEMIN7;EIF1;NUP37;TPR;NUP85;PABPC4;RPP40;EEF1A2;RPP25;NXT1;POP4;EIF2B1;EIF5B;GLE1;MAGOH;NUP93;NDC1;RANBP2;TGS1;DDX20;RNU5A-1;EIF2B4;EIF2B3;ACIN1;NUP58;POM121C;XPO1;SUMO2;DDX19A;TARDBP;POP7;NCBP1;RPP38;EIF2S3;RNPS1;NUP35;TRNT1;UPF3B;AAAS,False
prerank,Toll-like receptor signaling pathway,0.6207303034844504,2.403742372168151,0.0,0.0,0.0,54/84,21.68%,IRF7;MYD88;IRAK1;PIK3CD;PIK3R3;CXCL10;IFNAR2;TLR2;TRAF3;MAP2K3;NFKB1;MAPK3;CXCL11;STAT1;JUN;CD80;CXCL9;RAC1;TOLLIP;MAPK11;CXCL8;MAP2K2;RELA;CASP8;IKBKE;CCL5;NFKBIA;AKT1;CCL4;MAP2K1;CHUK;MAPK14;IL6;TLR1;TICAM1;IKBKG;MAPK8;LY96;MAP2K4;TBK1;IL12B;AKT2;IRF3;MAP3K7;TAB2;CD40;CCL3;TNF;CD86;IKBKB;RIPK1;TLR6;FADD;MAPK1,False
prerank,B cell receptor signaling pathway,0.5491192746985655,2.114533596609487,0.0,0.0,0.0,37/77,17.19%,IFITM1;NFKBIB;PIK3CD;LYN;PIK3R3;BLNK;NFKB1;NFKBIE;BCL10;MAPK3;HRAS;GRB2;JUN;RAC1;NRAS;SYK;MAP2K2;RELA;PLCG2;VAV2;RAC2;NFKBIA;AKT1;LILRB2;NFATC3;RASGRP3;NFATC1;MAP2K1;CARD11;PPP3R1;LILRB4;CHUK;IKBKG;VAV1;AKT2;MALT1;LILRA6,False
prerank,Lipid and atherosclerosis,0.553199146759873,2.4278179818857986,0.0,0.0,0.0,109/194,19.28%,IRF7;CD36;PLCB3;SELP;TNFRSF10B;MYD88;SELE;MMP1;ERO1A;TNFRSF1A;PYCARD;TRAF2;IRAK1;PIK3CD;TNFSF10;STAT3;CALM1;LYN;PIK3R3;ICAM1;TLR2;LDLR;BAX;XBP1;TRAF3;TNFRSF10A;MAP2K3;ARHGEF1;VCAM1;CXCL1;HSPA5;NFKB1;MMP9;ATF4;PLCB2;NOS3;MAPK3;HRAS;CCL2;SRC;CYCS;JUN;RAC1;CALML3;NRAS;SOD2;MMP3;HSPA8;RHOA;MAPK11;HSPA4;CXCL8;RELA;HSPA6;CASP7;HSP90B1;CASP8;IKBKE;CYBA;VAV2;BID;CCL5;EIF2S1;CALML5;NFKBIA;AKT1;FASLG;NFATC3;CD40LG;CDC42;NLRP3;NFATC1;ABCG1;PPP3R1;ROCK2;PLCG1;CXCL2;VLDLR;CHUK;MAPK14;IL6;TICAM1;CASP9;HSPD1;IKBKG;MAPK8;NCF1;LY96;MAP2K4;FAS;VAV1;TBK1;IL12B;AKT2;ERN1;CALM2;CXCL3;NCF2;IRF3;MAP3K7;RAP1B;KRAS;HSP90AB1;TAB2;CD40;CCL3;TNF;BCL2L1;IKBKB,False
prerank,Apoptosis,0.5832130391158891,2.4411201374432214,0.0,0.0,0.0,74/137,15.59%,CAPN2;CASP10;TUBA1C;CTSC;TNFRSF10B;LMNB1;LMNB2;CTSB;CAPN1;BAK1;MAP3K14;PARP4;CTSL;TNFRSF1A;TRAF2;PIK3CD;ACTB;TNFSF10;PIK3R3;BIRC5;NTRK1;BAX;TNFRSF10A;CSF2RB;NFKB1;CTSD;ATF4;GADD45G;MAPK3;HRAS;CYCS;BCL2A1;BCL2L11;JUN;CTSZ;NRAS;GZMB;MCL1;TUBA1B;BOK;MAP2K2;RELA;PARP3;LMNA;CASP7;CASP8;BID;EIF2S1;AIFM1;NFKBIA;AKT1;BECN1;FASLG;BIRC3;PARP1;MAP2K1;XIAP;DAXX;NGF;CHUK;TRADD;TUBA4A;CASP9;CTSW;IKBKG;MAPK8;DFFA;FAS;TRAF1;BIRC2;AKT2;ERN1;ACTG1;PRF1,False
prerank,NF-kappa B signaling pathway,0.6182232462470189,2.4579243753791835,0.0,0.0,0.0,70/99,20.44%,PLAU;MYD88;MAP3K14;TNFRSF1A;TRAF2;IRAK1;LYN;RELB;LTBR;DDX58;ICAM1;BLNK;PRKCQ;TRAF3;NFKB2;CYLD;TRIM25;VCAM1;CXCL1;NFKB1;BCL10;GADD45G;CARD14;BCL2A1;CCL19;LCK;SYK;CXCL8;RELA;CARD10;PLCG2;TNFSF14;LTB;NFKBIA;BIRC3;PARP1;CCL4;CD40LG;CCL13;CARD11;XIAP;PLCG1;CXCL2;CHUK;TRADD;CCL21;TICAM1;IKBKG;LY96;TNFSF13B;TNFSF11;ERC1;LTA;TRAF1;BIRC2;TRAF5;ZAP70;MALT1;PTGS2;CXCL3;MAP3K7;TAB2;CD40;TNF;BCL2L1;IKBKB;CSNK2A2;PIAS4;TNFAIP3;RIPK1,False
prerank,Allograft rejection,0.7501487451244138,2.458240677464898,0.0,0.0,0.0,29/33,22.13%,CD28;CD80;GZMB;HLA-DPA1;HLA-DRB1;IL10;FASLG;CD40LG;HLA-DPB1;HLA-DQA1;HLA-B;HLA-DRA;HLA-C;HLA-DQB1;HLA-A;HLA-DMB;HLA-DRB5;HLA-E;FAS;HLA-DMA;IL12B;PRF1;HLA-DQA2;CD40;TNF;CD86;IFNG;HLA-F;HLA-DOA,False
prerank,Kaposi sarcoma-associated herpesvirus infection,0.5659213442790936,2.464136743314258,0.0,0.0,0.0,113/174,22.17%,IRF7;RB1;VEGFA;E2F3;CCR5;BAK1;TNFRSF1A;TRAF2;PIK3CD;STAT3;CALM1;LYN;PIK3R3;HIF1A;IFNAR2;ICAM1;MAPKAPK2;BAX;TRAF3;IRF9;CXCL1;NFKB1;CD200R1;MAPK3;HRAS;SRC;CYCS;GNB5;CDKN1A;PIK3R5;STAT1;E2F1;JUN;RAC1;GNB2;CALML3;CCR4;NRAS;MAPK11;ZFP36;RCAN1;SYK;IFNGR1;CXCL8;MAP2K2;RELA;CCR1;STAT2;PLCG2;EIF2AK2;CASP8;IKBKE;MTOR;BID;MICB;GNG5;CALML5;NFKBIA;AKT1;BECN1;NFATC3;NFATC1;MAP2K1;CSF2;HLA-B;PIK3CG;PPP3R1;UBB;PLCG1;HLA-C;CXCL2;HLA-A;CHUK;TRADD;MAPK14;ATG3;IL6;TICAM1;CASP9;IKBKG;MAPK8;MYC;E2F2;MAP2K4;HLA-E;FAS;TBK1;TYK2;GNG4;AKT2;CCR8;CALM2;PTGS2;CXCL3;HCK;IRF3;GNG10;KRAS;GNG12;PREX1;CD86;IKBKB;JAK1;IL6ST;GNG2;CASP3;CTNNB1;UBA52;FADD;MAPK1;GNGT2;HLA-F;GNB4,False
prerank,Antigen processing and presentation,0.6706249603624073,2.469425013346951,0.0,0.0,0.0,45/59,22.13%,CTSB;CALR;CTSL;PSME2;TAPBP;PSME3;TAP2;HSPA5;PDIA3;PSME1;TAP1;HSPA8;CANX;HSPA4;HLA-DPA1;HSPA6;CIITA;HLA-DRB1;LGMN;RFX5;HLA-DPB1;HLA-DQA1;CD74;HLA-B;B2M;HLA-DRA;HLA-C;HLA-DQB1;HLA-A;CD8A;HLA-DMB;HLA-DRB5;CD4;HLA-E;HLA-DMA;KLRC1;HSP90AB1;HLA-DQA2;TNF;IFNG;CTSS;HSP90AA1;KLRD1;HLA-F;HLA-DOA,False
prerank,T cell receptor signaling pathway,0.6259603679562705,2.480134878355522,0.0,0.0,0.0,63/98,19.52%,NFKBIB;MAP3K14;PIK3CD;RASGRP1;PIK3R3;PAK4;ITK;CD3G;PRKCQ;CD28;PAK1;NFKB1;NFKBIE;BCL10;MAPK3;HRAS;GRB2;CTLA4;CD3D;JUN;PAK2;NCK2;LCK;NRAS;PTPRC;RHOA;MAPK11;LCP2;CD247;MAP2K2;RELA;CD3E;VAV2;IL10;NFKBIA;AKT1;GRAP2;ICOS;NFATC3;PDCD1;CD40LG;CDC42;NFATC1;MAP2K1;CSF2;CARD11;PPP3R1;PLCG1;CHUK;CD8A;MAPK14;IKBKG;MAPK8;CD4;VAV1;AKT2;ZAP70;MALT1;MAP3K7;KRAS;TNF;IKBKB;IFNG,False
prerank,TNF signaling pathway,0.6111222431503173,2.482750310189046,0.0,0.0,0.0,73/109,21.68%,NOD2;RPS6KA4;CASP10;SELE;BCL3;MAP3K14;TNFRSF1A;TRAF2;MLKL;PIK3CD;IRF1;SOCS3;PIK3R3;CXCL10;ICAM1;TRAF3;MAP2K3;PGAM5;TNFRSF1B;VCAM1;JUNB;CXCL1;NFKB1;RIPK3;MMP9;ATF4;MAPK3;CCL2;JUN;MMP3;MAPK11;RELA;CASP7;CASP8;CCL5;CEBPB;CSF1;DNM1L;NFKBIA;AKT1;BIRC3;MAP2K1;CSF2;IL15;CXCL2;CHUK;TRADD;MAPK14;IL6;CCL20;IKBKG;MAPK8;CREB3L2;MAP2K4;LTA;FAS;TRAF1;BIRC2;AKT2;TRAF5;PTGS2;CXCL3;MAP3K7;TAB2;TNF;CXCL6;IKBKB;TNFAIP3;RIPK1;CASP3;FADD;CREB3;MAPK1,False
prerank,PD-L1 expression and PD-1 checkpoint pathway in cancer,0.624164886305813,2.439085065541676,0.0,0.0,0.0,52/86,15.82%,MYD88;NFKBIB;CD274;PIK3CD;STAT3;RASGRP1;PIK3R3;HIF1A;TLR2;CD3G;PRKCQ;MAP2K3;CD28;IFNGR2;NFKB1;NFKBIE;BATF3;MAPK3;HRAS;STAT1;CD3D;JUN;LCK;NRAS;RPS6KB2;MAPK11;BATF;IFNGR1;CD247;MAP2K2;RELA;CD3E;MTOR;NFKBIA;AKT1;NFATC3;PDCD1;PTPN11;NFATC1;MAP2K1;PPP3R1;PLCG1;CHUK;MAPK14;TICAM1;IKBKG;RPS6KB1;CD4;EML4;PTEN;AKT2;ZAP70,False
prerank,Autoimmune thyroid disease,0.6387984173309681,2.110953941445013,0.0,0.0,0.0,27/35,22.13%,CD28;CTLA4;CD80;GZMB;HLA-DPA1;HLA-DRB1;IL10;FASLG;CD40LG;HLA-DPB1;HLA-DQA1;HLA-B;HLA-DRA;HLA-C;HLA-DQB1;HLA-A;HLA-DMB;HLA-DRB5;HLA-E;FAS;HLA-DMA;PRF1;HLA-DQA2;CD40;CD86;HLA-F;HLA-DOA,True
prerank,Progesterone-mediated oocyte maturation,0.5198680124071786,2.0767960851436986,0.0,2.1068017391882448e-05,0.001,40/94,15.57%,CDC25B;CCNB1;BUB1;AURKA;PKMYT1;PIK3CD;CCNB2;PIK3R3;RPS6KA1;CCNA2;CDK1;ANAPC7;CDC25A;GNAI2;MAD2L1;MAPK3;PLK1;ADCY7;MAPK11;CDK2;ADCY3;CDC25C;MAD2L2;ANAPC1;AKT1;PDE3B;MAP2K1;ADCY9;GNAI3;PRKACA;MAPK14;ANAPC11;FZR1;MAPK8;CDC27;CDC23;CPEB4;AKT2;RPS6KA3;KIF22,False
prerank,Fc gamma R-mediated phagocytosis,0.5245403731888075,2.084128086848643,0.0,2.1341628007361437e-05,0.001,51/95,17.56%,LIMK1;CFL1;SPHK1;ARPC1B;PLA2G4E;PIK3CD;LYN;PIK3R3;ARPC5L;PLD2;ARPC4;ACTR2;ACTR3C;DNM2;MYO10;PAK1;ASAP1;ARPC2;MAPK3;PLA2G4D;ARPC3;RAC1;ARPC1A;PTPRC;RPS6KB2;ACTR3;SYK;VASP;PLCG2;VAV2;RAC2;AKT1;ARPC5;CRK;CDC42;MAP2K1;PLCG1;MARCKSL1;FCGR3A;RPS6KB1;NCF1;PRKCD;VAV1;WAS;AKT2;PIP5K1C;PLA2G4B;BIN1;ARF6;HCK;FCGR1A,False
prerank,Inflammatory bowel disease,0.5618007531200326,2.092043113392408,0.0,2.1622438902195143e-05,0.001,38/60,19.52%,NOD2;IL4R;IL12RB2;TGFB1;STAT3;TLR2;IL13;IFNGR2;NFKB1;IL22;IL2RG;IL12RB1;STAT1;JUN;IFNGR1;HLA-DPA1;RELA;HLA-DRB1;IL10;FOXP3;HLA-DPB1;NFATC1;HLA-DQA1;HLA-DRA;STAT4;HLA-DQB1;IL6;IL18RAP;IL21R;HLA-DMB;HLA-DRB5;HLA-DMA;IL12B;MAF;HLA-DQA2;IL23R;TNF;IFNG,True
prerank,Endocytosis,0.4601604859739925,2.0546334619892765,0.0,5.799901258471167e-05,0.003,125/241,22.09%,RAB31;TGFBR1;AP2S1;CCR5;ARPC1B;IL2RA;CXCR1;AGAP2;ARPC5L;PLD2;PRKCI;PML;ARF4;ARPC4;LDLR;RAB10;ACTR2;ARF3;EHD4;CAPZB;CXCR4;ARRB2;RAB7A;ACTR3C;DNM2;RAB35;ASAP1;HGS;CLTC;IL2RG;ARPC2;CBL;HRAS;EPN1;GBF1;SRC;NEDD4;AP2M1;RAB22A;CAPZA1;ARPC3;ARAP2;CHMP4B;CHMP1A;HSPA8;ARPC1A;RHOA;RAB5A;VPS37B;VPS25;ACTR3;CLTA;HSPA6;CBLC;RAB8A;STAM;ARFGEF2;ARPC5;VPS29;CDC42;AP2A1;EHD1;EPN3;SNX5;HLA-B;GRK6;SNX12;PDCD6IP;SMAP2;LDLRAP1;CHMP6;CYTH4;HLA-C;HLA-A;ARAP3;SNX6;SH3GL1;ARF1;SMAP1;CXCR2;CLTB;KIF5B;ARFGAP1;HLA-E;RAB5C;SPG21;PIP5K1C;BIN1;RUFY1;ARRB1;ARF6;CAPZA2;MDM2;WASL;VTA1;CYTH1;CHMP1B;VPS26A;RAB11FIP5;SNX4;GRK4;KIF5C;ARF5;ACAP2;TSG101;VPS35;AP2B1;CHMP2B;PSD4;SNX3;RNF41;GRK5;USP8;CHMP7;CHMP2A;MVB12A;SH3GL3;VPS4B;CAV2;PIP5K1A;TFRC;ZFYVE16;RABEP1;CYTH2;HLA-F,False
prerank,Galactose metabolism,0.6749814163253136,2.057731029739198,0.0,5.868947702024396e-05,0.003,16/27,20.09%,AKR1B10;HK2;PGM2;B4GALT1;PFKP;GALK1;GALE;PGM1;HK1;HK3;GLA;GLB1;B4GALT2;UGP2;GANC;PFKL,False
prerank,Fc epsilon RI signaling pathway,0.5605496084582012,2.059134882827919,0.0,5.939657915301798e-05,0.003,31/65,15.83%,PLA2G4E;PIK3CD;LYN;PIK3R3;IL13;MAP2K3;ALOX5AP;MAPK3;HRAS;PLA2G4D;GRB2;RAC1;NRAS;MAPK11;LCP2;SYK;MAP2K2;PLCG2;VAV2;RAC2;AKT1;FCER1G;MAP2K1;CSF2;PLCG1;MAPK14;MAPK8;MAP2K4;VAV1;AKT2;PLA2G4B,False
prerank,mRNA surveillance pathway,0.5168415416494078,2.0593278902391643,0.0,6.01209276792743e-05,0.003,47/91,22.87%,EIF4A3;PPP1CA;DAZAP1;PABPC4L;CSTF2;PPP1CB;CPSF2;PPP2CA;SSU72;PABPC1;PPP2R1A;ALYREF;PPP2R5E;CPSF3;PPP2R1B;PYM1;GSPT1;PPP2R2C;CPSF4;PPP2R5B;NXF1;CLP1;ETF1;SMG5;WDR82;PPP2R3C;PABPC4;PPP1CC;NXT1;GLE1;MAGOH;SMG7;PPP2R2A;PAPOLA;RNGTT;ACIN1;HBS1L;PPP2R5A;SYMPK;DDX19A;TARDBP;NCBP1;PPP2R2D;RNPS1;UPF3B;PABPN1;PELO,False
prerank,Bacterial invasion of epithelial cells,0.5478849254612004,2.059900355966356,0.0,6.086316135432707e-05,0.003,33/69,13.84%,CDH1;ARPC1B;PIK3CD;ACTB;PIK3R3;ARPC5L;ARPC4;SHC1;ACTR2;ACTR3C;DNM2;BCAR1;CLTC;ARPC2;CBL;SRC;RHOG;ARPC3;RAC1;VCL;ARPC1A;RHOA;ACTR3;CLTA;HCLS1;MAD2L2;ARPC5;CRK;CDC42;CTTN;CTNNA1;CLTB;ELMO3,False
prerank,Cytokine-cytokine receptor interaction,0.4560527408810279,2.0600823415572327,0.0,6.162395087125615e-05,0.003,121/243,19.86%,TNFRSF21;IL4R;OSMR;IL12RB2;TGFBR1;TNFRSF10B;IL36G;CCR5;TNFRSF1A;TGFB1;TNFSF10;IL2RA;CXCR1;IL13RA1;ACVR1;CXCL10;LTBR;CCR7;IFNAR2;IL36RN;CCL18;CCL22;TNFRSF12A;CCR2;TNFSF8;IL13;TNFRSF10A;TNFRSF1B;CXCR4;CSF2RB;IFNGR2;IL10RA;CXCL1;IL22;RELT;IL2RG;IL12RB1;CXCL16;IL36A;IL24;IL32;CCL2;CXCL11;CCL17;IL26;CXCL9;CCL19;IL13RA2;TNFRSF11B;TNFRSF9;IL20;IL27RA;IL7R;CCR4;TNFRSF10D;IFNGR1;IL1RN;TNFRSF4;CXCL8;CCR1;TNFSF14;IL10;IL1RL1;CXCR3;CCL5;XCL1;CSF1;LTB;IL6R;FASLG;CXCL17;CCL4;CD40LG;OSM;CSF2;CCL13;IL15RA;CXCL13;IL15;CXCR6;CXCL2;CCL1;NGF;IFNE;IL17RA;IL6;IL18RAP;CCL21;CCL20;IL21R;CXCR2;EBI3;TNFSF13B;CD4;TNFSF11;BMP4;LTA;FAS;CD27;IL12B;IL19;TNFSF9;TNFRSF8;TSLP;CCR8;CXCL3;CCL26;IL17C;CCL7;INHBA;CD40;BMPR1B;IL23R;CCL3;CLCF1;TNF;CXCL6;IFNG;CCR6;BMPR2;IL6ST,True
prerank,VEGF signaling pathway,0.5622822384068871,2.061844410405457,0.0,6.240400088228472e-05,0.003,30/57,16.44%,VEGFA;MAPKAPK3;SPHK1;SH2D2A;PLA2G4E;PIK3CD;PIK3R3;MAPKAPK2;NOS3;MAPK3;HRAS;PLA2G4D;SRC;RAC1;NRAS;MAPK11;MAP2K2;PLCG2;RAC2;AKT1;CDC42;MAP2K1;PPP3R1;PLCG1;KDR;MAPK14;CASP9;AKT2;PLA2G4B;PTGS2,False
prerank,HIF-1 signaling pathway,0.5055035224345275,2.0363688750149858,0.0,9.444283658430061e-05,0.005,48/102,15.92%,ENO1;HK2;EIF4EBP1;GAPDH;VEGFA;PGK1;LDHA;ALDOA;PIK3CD;STAT3;PIK3R3;HIF1A;LTBR;PFKP;SERPINE1;SLC2A1;IFNGR2;HMOX1;NFKB1;NOS3;MAPK3;PFKFB3;CDKN1A;EIF4E;RPS6KB2;IFNGR1;MAP2K2;RELA;LDHB;EIF4E2;PLCG2;MTOR;MKNK1;IL6R;AKT1;HK1;TIMP1;MAP2K1;PLCG1;IL6;FLT1;MKNK2;RPS6KB1;HK3;EGLN1;AKT2;PDHB;VHL,False
prerank,Asthma,0.6724746507297269,2.0382208633034207,0.0,9.554100910272271e-05,0.005,19/25,23.99%,IL13;HLA-DPA1;HLA-DRB1;IL10;FCER1G;CD40LG;HLA-DPB1;HLA-DQA1;HLA-DRA;HLA-DQB1;HLA-DMB;HLA-DRB5;HLA-DMA;HLA-DQA2;CD40;TNF;PRG2;HLA-DOA;HLA-DOB,False
prerank,Relaxin signaling pathway,0.48970530671352314,2.0244832103278845,0.0,0.00018464105129964393,0.01,54/119,18.70%,PLCB3;COL4A2;TGFBR1;VEGFA;COL4A1;COL4A4;MMP1;GNA15;TGFB1;PIK3CD;PIK3R3;SHC1;ARRB2;GNAI2;NFKB1;MMP9;ATF4;PLCB2;NOS3;MAPK3;HRAS;SRC;GNB5;GRB2;JUN;GNB2;NRAS;ADCY7;MAPK11;MAP2K2;RELA;ADCY3;GNG5;NFKBIA;AKT1;MAP2K1;ADCY9;GNAI3;PRKACA;GNAO1;MAPK14;MAPK8;CREB3L2;MAP2K4;EDNRB;GNG4;AKT2;ARRB1;COL3A1;MMP13;GNAS;GNG10;KRAS;GNG12,False
prerank,Pyrimidine metabolism,0.5609340469861822,2.0299134536311434,0.0,0.00018673924506441256,0.01,30/52,20.32%,TYMP;CMPK2;RRM2;TK1;PNP;UPP1;TYMS;CTPS1;DTYMK;NT5C3A;CANT1;UCK2;DCTD;NME1;NME6;ENTPD4;DCTPP1;UMPS;NT5C2;NT5C3B;RRM2B;DPYD;ENTPD5;NT5C;UCK1;RRM1;CMPK1;NT5M;NME4;CAD,False
prerank,Human papillomavirus infection,0.434526860706898,2.0143138376640493,0.0,0.0002008484324692793,0.011,122/304,14.82%,OASL;TNC;MX1;PKM;WNT7A;EIF4EBP1;ATP6V0D1;COL4A2;RB1;VEGFA;WNT5A;COL4A1;COL6A6;ATP6V1B2;ISG15;MX2;COL4A4;CSNK1A1;CCND2;BAK1;TNFRSF1A;SLC9A3R1;PIK3CD;IRF1;PIK3R3;FZD5;IFNAR2;PRKCI;HDAC1;CCNA2;ITGA6;BAX;ITGB6;TRAF3;IRF9;TCIRG1;TUBG1;VWF;THBS2;TADA3;COL6A3;NFKB1;ATP6V1A;MAPK3;HRAS;FZD10;PTGER4;GRB2;CDKN1A;LAMB3;CCNE1;STAT1;SCRIB;CCND3;E2F1;ATP6V1D;LLGL2;NRAS;ATP6V0B;BCAP31;COL6A5;RPS6KB2;PPP2CA;WNT9B;CDK2;MAP2K2;RELA;STAT2;FZD9;EIF2AK2;CASP8;IKBKE;MTOR;PSMC1;ITGA3;PPP2R1A;PPP2R5E;MFNG;HES6;ITGB4;ITGAV;LLGL1;PPP2R1B;AKT1;CCNE2;ATP6V0E1;FASLG;RBL1;THBS1;CDC42;FZD2;ATP6V1G1;PPP2R2C;MAP2K1;HLA-B;PPP2R5B;PRKACA;ATP6V1C2;HLA-C;HLA-A;ATP6V1C1;CHUK;TRADD;COMP;TICAM1;ITGA4;PPP2R3C;IKBKG;COL6A1;ATP6AP1;RPS6KB1;ATP6V0A1;TUBG2;FZD3;LAMA4;CREB3L2;PTEN;HLA-E;FAS;TBK1;ATP6V1F;TYK2,False
prerank,Leishmaniasis,0.5340553671734182,1.9950818123444494,0.0,0.0002528162087025894,0.014,45/72,20.27%,MYD88;NFKBIB;TGFB1;IRAK1;ITGAM;TLR2;IFNGR2;NFKB1;MAPK3;STAT1;JUN;MAPK11;IFNGR1;HLA-DPA1;RELA;CYBA;HLA-DRB1;IL10;ITGB2;NFKBIA;HLA-DPB1;HLA-DQA1;HLA-DRA;HLA-DQB1;MARCKSL1;FCGR3A;MAPK14;HLA-DMB;ITGA4;NCF1;HLA-DRB5;EEF1A2;HLA-DMA;IL12B;PTGS2;ELK1;NCF2;FCGR1A;MAP3K7;TAB2;HLA-DQA2;TNF;JAK1;IFNG;FCGR2A,False
prerank,Neurotrophin signaling pathway,0.48998424198997576,1.9807661814390984,0.0,0.00026504925105916624,0.014,58/117,18.31%,MATK;NFKBIB;IRAK2;IRAK1;PIK3CD;ARHGDIB;CALM1;PIK3R3;RPS6KA1;SHC1;MAPKAPK2;NTRK1;BAX;NFKB1;NFKBIE;NTRK2;ATF4;MAPK3;HRAS;GRB2;PRDM4;ARHGDIA;JUN;RAC1;CALML3;NRAS;RHOA;MAPK11;SH2B3;MAP2K2;RELA;YWHAE;PLCG2;CAMK4;CALML5;NFKBIA;AKT1;FASLG;CRK;CDC42;PTPN11;MAP2K1;SORT1;MAPK7;PLCG1;NGF;MAPK14;MAPK8;PRKCD;AKT2;RPS6KA3;GAB1;PSEN2;CALM2;FRS2;MAGED1;RAP1B;KRAS,False
prerank,Fructose and mannose metabolism,0.6272328507655612,1.9891654804339982,0.0019723865877712033,0.0002679302211793746,0.014,14/31,13.58%,AKR1B10;HK2;TPI1;ALDOA;TIGAR;PFKFB2;PFKP;PFKFB4;PFKFB3;GMPPB;HK1;PMM2;GMPPA;HK3,False
prerank,Acute myeloid leukemia,0.5325746738938782,1.953294831616442,0.0,0.0002821837480973346,0.016,38/64,19.28%,EIF4EBP1;PPARD;PIK3CD;STAT3;RUNX1;PIK3R3;ITGAM;PML;CCNA2;NFKB1;MAPK3;HRAS;GRB2;BCL2A1;NRAS;PIM1;RPS6KB2;RARA;JUP;MAP2K2;RELA;MTOR;AKT1;DUSP6;MAP2K1;CSF2;PIM2;CHUK;IKBKG;RPS6KB1;MYC;AKT2;STAT5A;SPI1;FCGR1A;KRAS;ARAF;IKBKB,False
prerank,Spinocerebellar ataxia,0.4668270960878175,1.9545605881578265,0.0,0.0002850631740983278,0.016,57/132,15.45%,PLCB3;PPIF;SLC25A5;PSMD2;TRAF2;VDAC1;PIK3CD;PSMA4;PIK3R3;PSMC4;PSMD1;PSMB2;XBP1;PSMA5;PSMD11;PSMB5;PSMA7;PLCB2;PSMB3;NRBF2;CYCS;PSMB6;ATP2A2;PSMD13;PSMA3;PSMD6;PSMC3;PSMB7;PSMD3;PSMD7;PSMC5;ADRM1;PSMD8;MTOR;VDAC2;PSMC1;PSMB1;PSMD12;VDAC3;AKT1;NOP56;BECN1;PSMC6;PSMD14;PSMC2;ATXN1;PSMB4;PSMD4;VLDLR;PSMA1;MAPK8;PIK3R4;KCND3;GTF2B;AKT2;ERN1;ATXN2L,False
prerank,Systemic lupus erythematosus,0.5520621947315119,1.9570530520617435,0.0,0.0002880019697075889,0.016,32/49,20.70%,CD28;CD80;ACTN1;TRIM21;HLA-DPA1;HLA-DRB1;IL10;C1R;CD40LG;HLA-DPB1;SNRPB;HLA-DQA1;HLA-DRA;HLA-DQB1;FCGR3A;HLA-DMB;SNRPD1;C1S;C1QC;HLA-DRB5;HLA-DMA;SNRPD3;C2;FCGR1A;HLA-DQA2;CD40;TNF;CD86;IFNG;ACTN4;FCGR2A;C1QB,False
prerank,Platelet activation,0.48122582626196625,1.9585583951570669,0.0,0.0002910019902253763,0.016,54/115,18.11%,PLCB3;PPP1CA;PLA2G4E;PIK3CD;ACTB;LYN;RASGRP1;PIK3R3;PRKCI;P2RY1;VWF;ARHGEF1;GNAI2;PLCB2;NOS3;MAPK3;PLA2G4D;SRC;PIK3R5;FERMT3;PPP1CB;ADCY7;RHOA;MAPK11;LCP2;RASGRP2;SYK;ADCY3;VASP;PLCG2;TBXAS1;ROCK1;MYLK4;AKT1;MYL12B;FCER1G;ADCY9;GNAI3;PIK3CG;PRKACA;ROCK2;MYL12A;MAPK14;PPP1CC;AKT2;ACTG1;PLA2G4B;VAMP8;STIM1;COL3A1;SNAP23;GNAS;PTGIR;RAP1B,False
prerank,Amoebiasis,0.48910270938656936,1.9586434958054735,0.0,0.0002940651690698539,0.016,46/95,19.65%,SERPINB3;SERPINB4;SERPINB13;PLCB3;COL4A2;COL4A1;COL4A4;GNA15;SERPINB6;TGFB1;PIK3CD;PIK3R3;ITGAM;TLR2;SERPINB9;CD1B;RAB7A;CXCL1;NFKB1;PLCB2;LAMB3;ACTN1;VCL;RAB5A;CXCL8;RELA;IL10;ITGB2;CD1C;GNA14;PRDX1;CSF2;PRKACA;CXCL2;IL6;LAMA4;RAB5C;IL12B;COL3A1;CXCL3;GNAS;CD1E;TNF;IFNG;COL1A1;ACTN4,False
prerank,Pathways in cancer,0.4062964376150016,1.9511077338320326,0.0,0.00029579496418202957,0.017,194/489,16.59%,RALB;IL4R;PGF;PLCB3;IL12RB2;WNT7A;PPARD;COL4A2;RB1;TGFBR1;VEGFA;E2F3;WNT5A;COL4A1;CDH1;JAK3;COL4A4;CKS2;CCND2;EDNRA;MMP1;BAK1;TRAF2;TGFB1;PIK3CD;IL2RA;STAT3;RUNX1;CALM1;IL13RA1;RASGRP1;PIK3R3;HIF1A;GSTO1;PLD2;FZD5;BCR;IFNAR2;DAPK2;TFG;HDAC1;PML;BIRC5;TPM3;CCNA2;NTRK1;ITGA6;SLC2A1;BAX;MECOM;TRAF3;IL13;ETS1;NFKB2;BRCA2;CXCR4;ARHGEF1;CSF2RB;CUL1;IFNGR2;GNAI2;HMOX1;NFKB1;MMP9;PLCB2;IL2RG;RAD51;IL12RB1;GSTP1;GADD45G;CBL;CTBP2;MAPK3;HRAS;CYCS;FZD10;PTGER4;GNB5;GRB2;CDKN1A;LAMB3;CCNE1;STAT1;BCL2L11;CCND3;E2F1;BDKRB2;JUN;RAC1;TRAF4;LPAR5;GNB2;IL7R;CALML3;NRAS;PIM1;ADCY7;RPS6KB2;RHOA;GNA12;KEAP1;RARA;JUP;WNT9B;RASGRP2;IFNGR1;CDK2;CXCL8;MAP2K2;RELA;ADCY3;STAT2;CASP7;FZD9;PLCG2;HSP90B1;CASP8;DAPK3;MTOR;BID;RAC2;GNG5;ROCK1;ITGA3;FH;CALML5;ITGAV;IL6R;MLH1;NFKBIA;AKT1;CCNE2;FASLG;BIRC3;CRK;CDC42;FZD2;ZBTB17;RASGRP3;CKS1B;MAP2K1;ADCY9;GNAI3;RET;ESR1;PRKACA;STAT4;TXNRD1;IL15RA;IL15;ROCK2;CDKN2B;XIAP;PIM2;PLCG1;SKP2;CHUK;RASSF1;IL6;CASP9;CTNNA1;RALA;IKBKG;MAPK8;RPS6KB1;MYC;LPAR2;E2F2;FZD3;LAMA4;TPR;EML4;BMP4;PTEN;FAS;TRAF1;TGFA;BIRC2;EDNRB;FGF7;EGLN1;GNG4;IL12B;AKT2;TRAF5;LPAR6;STAT5A;VHL;NCOA3;KITLG;SPI1;CALM2;PTGS2;RBX1,False
prerank,p53 signaling pathway,0.5170430374342303,1.9718367498044993,0.0,0.0002971935219322992,0.016,35/72,14.65%,CCNB1;RRM2;STEAP3;TNFRSF10B;SFN;CCND2;SHISA5;CCNB2;SERPINE1;BAX;CHEK1;CDK1;TNFRSF10A;GTSE1;SESN2;GADD45G;CYCS;CDKN1A;TP53I3;CCNE1;CCND3;CDK2;CASP8;BID;IGFBP3;CCNE2;THBS1;CHEK2;RRM2B;ZMAT3;CD82;CASP9;PTEN;FAS;EI24,False
prerank,Sphingolipid signaling pathway,0.4744268207814844,1.9425719753180017,0.0,0.000306105899752645,0.018,57/114,16.84%,PLCB3;ABCC1;TNFRSF1A;SPHK1;TRAF2;PIK3CD;PIK3R3;PLD2;SPTLC2;BAX;GNAI2;NFKB1;CTSD;PLCB2;NOS3;MAPK3;HRAS;BDKRB2;RAC1;S1PR4;NRAS;RHOA;GNA12;MAPK11;PPP2CA;MAP2K2;RELA;SMPD2;BID;RAC2;ROCK1;PPP2R1A;PPP2R5E;PPP2R1B;AKT1;SGMS2;FCER1G;PPP2R2C;MAP2K1;ACER2;GNAI3;CERS2;PPP2R5B;ROCK2;SPTLC1;TRADD;CERS4;MAPK14;PPP2R3C;MAPK8;PTEN;CERS3;AKT2;S1PR3;PPP2R2A;SMPD1;S1PR1,False
prerank,Regulation of actin cytoskeleton,0.4425312559338306,1.9429764240752805,0.0,0.0003091366512353444,0.018,83/198,15.70%,LIMK1;ENAH;FGD3;MSN;CFL1;MYH9;PFN1;PPP1CA;ARPC1B;PIK3CD;ACTB;PIK3R3;ITGAM;ARPC5L;PIP4K2C;PAK4;ARPC4;ITGA6;ITGB6;ACTR2;CXCR4;ARHGEF1;ITGAX;ACTR3C;PAK1;BCAR1;IQGAP3;RRAS2;ARPC2;MAPK3;HRAS;ITGAL;SRC;CYFIP1;DIAPH1;DIAPH3;BDKRB2;ARPC3;RAC1;PAK2;ACTN1;VCL;LPAR5;NRAS;PPP1CB;ARPC1A;RHOA;GNA12;ACTR3;SLC9A1;MAP2K2;VAV2;RAC2;SSH2;ITGB2;ROCK1;ITGA3;MYLK4;ITGB4;ITGAV;ARPC5;TIAM1;MYL12B;CRK;ITGAE;BRK1;CDC42;MAP2K1;NCKAP1L;ROCK2;IQGAP1;MYL12A;CYFIP2;ITGA4;LPAR2;EZR;PPP1CC;VAV1;SSH1;FGF7;PIP5K1C;ACTG1;RDX,False
prerank,Viral myocarditis,0.5339415677507666,1.9362953002474428,0.0,0.000350997260625925,0.021,32/55,15.59%,EIF4G2;ACTB;ICAM1;CD28;CXADR;ITGAL;CYCS;CD80;RAC1;EIF4G1;HLA-DPA1;CASP8;BID;HLA-DRB1;RAC2;ITGB2;CD40LG;HLA-DPB1;HLA-DQA1;HLA-B;HLA-DRA;HLA-C;HLA-DQB1;HLA-A;ABL2;HLA-DMB;CASP9;HLA-DRB5;HLA-E;HLA-DMA;ACTG1;PRF1,False
prerank,Bladder cancer,0.5741952528848372,1.9343895252654688,0.0,0.0003634233000099722,0.022,23/40,13.66%,TYMP;RB1;VEGFA;E2F3;CDH1;MMP1;DAPK2;HBEGF;MMP9;MAPK3;HRAS;SRC;CDKN1A;E2F1;NRAS;CXCL8;MAP2K2;DAPK3;THBS1;MAP2K1;RASSF1;MYC;E2F2,False
prerank,Renal cell carcinoma,0.5114759695746871,1.9040485116212416,0.0,0.0005477684521889435,0.034,40/65,22.57%,VEGFA;TGFB1;PIK3CD;PIK3R3;HIF1A;PAK4;SLC2A1;ETS1;PAK1;MAPK3;HRAS;GRB2;CDKN1A;JUN;RAC1;PAK2;NRAS;TFE3;MAP2K2;FH;AKT1;CRK;CDC42;PTPN11;MAP2K1;PRCC;TGFA;EGLN1;AKT2;GAB1;VHL;RBX1;RAP1B;KRAS;ARAF;PAK6;MAPK1;CUL2;EGLN3;RAF1,False
prerank,Staphylococcus aureus infection,0.4785328080551286,1.8961856807332018,0.0,0.0006511209903378008,0.041,35/83,15.92%,KRT16;SELP;KRT14;ITGAM;DEFB4A;ICAM1;KRT17;FPR3;ITGAL;SELPLG;PTAFR;DEFB103B;HLA-DPA1;DEFB103A;HLA-DRB1;IL10;ITGB2;DEFB4B;C1R;CAMP;HLA-DPB1;MASP1;HLA-DQA1;HLA-DRA;HLA-DQB1;KRT9;FCGR3A;HLA-DMB;C1S;C1QC;HLA-DRB5;HLA-DMA;CFB;C2;FPR1,False
prerank,Pancreatic cancer,0.495857056489126,1.8883687078681657,0.0,0.0007064677233838712,0.045,37/76,15.38%,RALB;RB1;TGFBR1;VEGFA;E2F3;BAK1;TGFB1;PIK3CD;STAT3;PIK3R3;PLD2;BAX;BRCA2;NFKB1;RAD51;GADD45G;MAPK3;CDKN1A;STAT1;E2F1;RAC1;RPS6KB2;RELA;MTOR;RAC2;AKT1;CDC42;MAP2K1;CHUK;CASP9;RALA;IKBKG;MAPK8;RPS6KB1;E2F2;TGFA;AKT2,False
prerank,JAK-STAT signaling pathway,0.4495528864602439,1.8716144977431004,0.0,0.0008520842589605789,0.055,59/132,15.99%,IL4R;OSMR;IL12RB2;JAK3;CCND2;PIK3CD;IL2RA;STAT3;CISH;IL13RA1;SOCS3;PIK3R3;IFNAR2;IRF9;IL13;CSF2RB;IFNGR2;IL10RA;IL22;IL2RG;IL12RB1;SOCS1;IL24;HRAS;GRB2;CDKN1A;STAT1;CCND3;SOCS2;IL13RA2;IL20;IL27RA;IL7R;PIM1;MCL1;IFNGR1;STAT2;MTOR;IL10;PTPN2;STAM;IL6R;AKT1;PTPN11;OSM;CSF2;STAT4;IL15RA;IL15;IFNE;IL6;IL21R;MYC;TYK2;IL12B;AKT2;IL19;STAT5A;TSLP,False
prerank,Collecting duct acid secretion,0.6229925885694373,1.8508037873679137,0.00211864406779661,0.0012513242623398801,0.076,12/23,14.73%,ATP6V0D1;ATP6V1B2;CA2;TCIRG1;ATP6V1A;ATP6V1D;ATP6V0E1;ATP6V1G1;ATP6V1C2;ATP6V1C1;ATP6V0A1;ATP6V1F,False
prerank,Chronic myeloid leukemia,0.4878005778001337,1.8443803250721826,0.0,0.0013445225644637708,0.081,42/76,19.31%,RB1;TGFBR1;E2F3;BAK1;TGFB1;PIK3CD;RUNX1;PIK3R3;BCR;HDAC1;SHC1;BAX;MECOM;NFKB1;GADD45G;CBL;CTBP2;MAPK3;HRAS;GRB2;CDKN1A;E2F1;NRAS;MAP2K2;RELA;NFKBIA;AKT1;CRK;PTPN11;MAP2K1;CHUK;IKBKG;MYC;E2F2;AKT2;STAT5A;MDM2;KRAS;ARAF;BCL2L1;IKBKB;HDAC2,False
prerank,Tight junction,0.4220207663263624,1.8310626736680355,0.0,0.0014952598289481975,0.09,67/158,15.70%,SYNPO;TJP2;MSN;TUBA1C;MYH9;SLC9A3R1;ARPC1B;ACTB;RUNX1;ARPC5L;PRKCI;ARPC4;ACTR2;CD1B;ACTR3C;PCNA;ARPC2;SRC;NEDD4;RAB13;SCRIB;JUN;ARPC3;RAC1;ACTN1;LLGL2;TUBA1B;ARPC1A;RHOA;HSPA4;PPP2CA;MICALL2;ACTR3;MYL6;HCLS1;VASP;ROCK1;PPP2R1A;CD1C;RAB8A;LLGL1;PPP2R1B;ARPC5;TIAM1;MYL12B;RAP2C;CDC42;TJP1;STK11;PPP2R2C;ARHGEF2;CTTN;PRKACA;ROCK2;MYL12A;PRKAB1;TUBA4A;MAPK8;PRKAG1;EZR;AMOTL1;CLDN14;MYL6B;BVES;WAS;ACTG1;RDX,False
prerank,Purine metabolism,0.44513501315952186,1.8289816368486205,0.0,0.001496581664016221,0.091,46/115,19.16%,PKM;RRM2;PGM2;PNP;GART;IMPDH1;PDE10A;NT5C3A;CANT1;AK1;ITPA;AK2;PAPSS2;ADCY7;GDA;PGM1;XDH;HPRT1;ADCY3;PDE4B;NME1;NME6;ENTPD4;PDE8A;PDE3B;PDE7A;ATIC;ADCY9;NT5C2;NT5C3B;RRM2B;NUDT5;ADSL;ADK;GMPR;ADA;PDE1B;PRPS1;ENTPD5;PDE4A;NT5C;PDE6D;RRM1;APRT;PAICS;NT5M,False
prerank,RNA polymerase,0.5884823261402836,1.8275448614485554,0.0,0.00152798568242179,0.094,19/29,27.07%,POLR3G;POLR2E;POLR2L;POLR2A;POLR2H;POLR3B;POLR3K;POLR2B;POLR1A;POLR2G;POLR1B;POLR1D;POLR1C;POLR3A;POLR3F;POLR2C;POLR2J;POLR3D;POLR1E,False
prerank,Glycolysis / Gluconeogenesis,0.48993099340430646,1.8278941725938562,0.0036968576709796672,0.0015415076796113634,0.094,24/62,15.48%,ENO1;PKM;HK2;PGAM1;GAPDH;GPI;PGM2;TPI1;PGK1;LDHA;ALDOA;PFKP;ALDH3B2;PGM1;LDHB;HK1;BPGM;DLAT;DLD;ALDH9A1;ADH7;HK3;PCK2;PDHB,False
prerank,MAPK signaling pathway,0.3990109688707382,1.823174333891807,0.0,0.0015718572975856643,0.097,115/272,19.44%,CDC25B;RPS6KA4;PGF;TGFBR1;VEGFA;MYD88;FLNA;MAP3K14;TNFRSF1A;MAPKAPK3;TRAF2;TGFB1;IRAK1;PLA2G4E;MAP4K4;EPHA2;RASGRP1;RELB;RPS6KA1;MAPKAPK2;NTRK1;MAP3K11;MECOM;MAP2K3;NFKB2;ARRB2;FLNB;PAK1;NFKB1;NTRK2;ATF4;AREG;RRAS2;GADD45G;MAPK3;HRAS;PLA2G4D;GRB2;JUN;RAC1;PAK2;DUSP4;NRAS;CACNB4;HSPA8;GNA12;MAPK11;RASGRP2;MAP2K2;RELA;HSPA6;DUSP10;TAOK1;PTPN7;RAC2;CSF1;MAP4K1;MKNK1;AKT1;MAPK8IP2;FASLG;CRK;NFATC3;CDC42;DUSP6;RASGRP3;NFATC1;MAP2K1;PRKACA;MAPK7;ELK4;PPP3R1;CACNA1I;DAXX;NGF;KDR;CHUK;TRADD;MAPK14;DUSP7;PPP5C;FLT1;IKBKG;MAPK8;MKNK2;MYC;STMN1;DUSP16;MAP2K4;FAS;TGFA;DUSP3;MAP3K2;FGF7;AKT2;RPS6KA3;SRF;PLA2G4B;KITLG;DUSP8;NR4A1;ARRB1;ELK1;CACNA1C;MAP3K7;MAP4K2;RAP1B;KRAS;TAB2;GNG12;ARAF;TNF;MAP3K6;IKBKB;DUSP2,False
prerank,Non-homologous end-joining,0.7297801459366599,1.803274490601359,0.00392156862745098,0.0019124674408320876,0.117,8/11,21.12%,FEN1;PRKDC;XRCC4;XRCC6;LIG4;XRCC5;DCLRE1C;NHEJ1,False
prerank,Ras signaling pathway,0.41090098068201963,1.7965446598494355,0.0,0.002008484324692793,0.122,79/205,16.86%,PLA2G2F;RALB;HTR7;PGF;VEGFA;PLA2G3;PLA2G4E;PIK3CD;EPHA2;CALM1;RASGRP1;PIK3R3;PLD2;PAK4;REL;SHC1;NTRK1;ETS1;PAK1;NFKB1;NTRK2;RRAS2;MAPK3;HRAS;PLA2G4D;GNB5;GRB2;RAC1;PAK2;GNB2;CALML3;NRAS;RHOA;RAB5A;RASGRP2;MAP2K2;RELA;PLCG2;RAC2;GNG5;CSF1;CALML5;AKT1;TIAM1;FASLG;RASAL3;CDC42;RASGRP3;PTPN11;MAP2K1;PRKACA;RAPGEF5;PLCG1;ETS2;NGF;KDR;CHUK;RASSF1;PLA2G2A;ABL2;RASAL1;RALA;FLT1;IKBKG;MAPK8;TGFA;TBK1;RAB5C;FGF7;GNG4;AKT2;EXOC2;ZAP70;PLA2G4B;GAB1;KITLG;CALM2;ELK1;ARF6,False
prerank,Inflammatory mediator regulation of TRP channels,0.45531164721899275,1.7938540054469554,0.0,0.0021168001203233752,0.13,34/93,14.30%,PLCB3;HRH1;PPP1CA;PLA2G4E;PIK3CD;CALM1;PIK3R3;TRPV2;NTRK1;PRKCQ;MAP2K3;P2RY2;PLCB2;PLA2G4D;SRC;PTGER4;BDKRB2;CALML3;PPP1CB;ADCY7;MAPK11;TRPV3;ADCY3;PLCG2;CALML5;ADCY9;PRKCH;PRKACA;PLCG1;NGF;MAPK14;MAPK8;PRKCD;PPP1CC,True
prerank,Synaptic vesicle cycle,0.4731750491287948,1.7845038945983496,0.001968503937007874,0.0022184622313652217,0.138,26/67,14.73%,ATP6V0D1;AP2S1;ATP6V1B2;NAPA;SLC6A11;TCIRG1;DNM2;CLTC;ATP6V1A;STX3;AP2M1;ATP6V1D;ATP6V0B;CLTA;ATP6V0E1;SLC6A2;AP2A1;ATP6V1G1;NSF;ATP6V1C2;ATP6V1C1;ATP6V0A1;CLTB;SNAP25;UNC13A;ATP6V1F,False
prerank,Pentose and glucuronate interconversions,0.612639443368694,1.7865269660096208,0.0,0.0022232954824139475,0.137,12/22,22.49%,AKR1B10;UGT1A7;UGT1A10;CRYL1;UGP2;UGT1A3;UGT1A1;SORD;DHDH;AKR1A1;UGT2B7;UGDH,False
prerank,Autophagy,0.42755514892354485,1.780667067256002,0.0,0.0023087761207963736,0.144,60/133,19.50%,VMP1;RRAGC;CTSB;CTSL;PIK3CD;PIK3R3;HIF1A;DAPK2;PRKCQ;TP53INP2;ATG9A;RAB7A;RAB1A;CTSD;RRAS2;MAPK3;HRAS;NRBF2;NRAS;RPS6KB2;PPP2CA;MAP2K2;LAMP2;DAPK3;MTOR;EIF2S1;RAB8A;AKT1;BECN1;STK11;MAP2K1;ATG4D;PRKACA;ATG4A;ATG3;AKT1S1;MAPK8;RPS6KB1;PRKCD;RRAGA;PTEN;TBK1;PIK3R4;ATG7;AKT2;ERN1;VAMP8;LAMP1;ATG13;ATG4B;MTMR14;DDIT4;ATG2A;MAP3K7;ATG5;BNIP3;KRAS;WIPI2;BCL2L1;RPTOR,False
prerank,Insulin signaling pathway,0.4298477659102472,1.778051061000795,0.0,0.0023841397386256485,0.149,56/130,16.84%,PYGL;HK2;EIF4EBP1;GYS1;FLOT2;FLOT1;PPP1CA;PPP1R3C;PIK3CD;CALM1;SOCS3;PIK3R3;PHKA1;PRKCI;SHC1;PRKAR2A;SOCS1;CBL;MAPK3;HRAS;GRB2;SREBF1;EIF4E;SOCS2;CALML3;NRAS;PPP1CB;RPS6KB2;PRKAR1B;MAP2K2;EIF4E2;MTOR;CALML5;MKNK1;AKT1;HK1;ACACA;CRK;PDE3B;MAP2K1;PRKACA;PTPN1;TRIP10;PRKAB1;MAPK8;MKNK2;RPS6KB1;HK3;PRKAG1;PPP1CC;PCK2;AKT2;PHKG2;PRKAR1A;CALM2;ELK1,False
prerank,Focal adhesion,0.40288837515351,1.7673498712254379,0.0,0.0026052401994352196,0.164,73/193,15.54%,TNC;PGF;CAPN2;COL4A2;VEGFA;COL4A1;COL6A6;COL4A4;CCND2;FLNA;PPP1CA;PIK3CD;ACTB;PIK3R3;PAK4;SHC1;ITGA6;ITGB6;VWF;THBS2;FLNB;PAK1;ZYX;COL6A3;BCAR1;MAPK3;HRAS;SRC;GRB2;LAMB3;DIAPH1;CCND3;JUN;RAC1;PAK2;ACTN1;VCL;PPP1CB;COL6A5;RHOA;VASP;VAV2;RAC2;ROCK1;ITGA3;MYLK4;ITGB4;ITGAV;AKT1;BIRC3;MYL12B;CRK;THBS1;CDC42;MAP2K1;ROCK2;XIAP;KDR;MYL12A;COMP;ITGA4;FLT1;COL6A1;MAPK8;PARVG;LAMA4;PPP1CC;PTEN;VAV1;BIRC2;AKT2;PIP5K1C;ACTG1,False
prerank,Ferroptosis,0.5222241803987708,1.763394554123904,0.0,0.002756512211015329,0.175,22/40,23.61%,STEAP3;ALOX15;HMOX1;SLC7A11;PCBP1;GSS;SLC3A2;VDAC2;SAT1;VDAC3;LPCAT3;ACSL4;GCLM;ATG7;PRNP;ACSL5;ATG5;GPX4;TFRC;SLC39A14;SLC39A8;GCLC,False
prerank,PI3K-Akt signaling pathway,0.3764261262092468,1.7570125315397398,0.0,0.0030236818560829687,0.192,110/308,15.41%,SGK1;TNC;IL4R;PGF;OSMR;EIF4EBP1;GYS1;COL4A2;VEGFA;COL4A1;COL6A6;JAK3;COL4A4;CCND2;PIK3CD;YWHAQ;EPHA2;IL2RA;PIK3R3;IFNAR2;TLR2;NTRK1;ITGA6;YWHAZ;ITGB6;THEM4;VWF;THBS2;YWHAH;COL6A3;NFKB1;NTRK2;ATF4;IL2RG;AREG;NOS3;YWHAG;MAPK3;HRAS;GNB5;GRB2;CDKN1A;LAMB3;PIK3R5;CCNE1;EIF4E;BCL2L11;CCND3;RAC1;CDC37;LPAR5;GNB2;IL7R;NRAS;MCL1;COL6A5;RPS6KB2;PPP2CA;SYK;YWHAB;CDK2;MAP2K2;RELA;EIF4E2;YWHAE;HSP90B1;MTOR;GNG5;CSF1;ITGA3;PPP2R1A;PPP2R5E;BRCA1;ITGB4;ITGAV;IL6R;PPP2R1B;AKT1;CCNE2;FASLG;THBS1;STK11;PPP2R2C;MAP2K1;OSM;PIK3CG;PPP2R5B;NGF;KDR;CHUK;IL6;COMP;CASP9;ITGA4;PPP2R3C;FLT1;IKBKG;COL6A1;RPS6KB1;MYC;LPAR2;LAMA4;CREB3L2;PTEN;TGFA;PCK2;FGF7;GNG4;AKT2;LPAR6,False
prerank,Proteoglycans in cancer,0.39784881048494947,1.7533734630581357,0.0,0.0031431475470841764,0.2,80/197,16.84%,WNT7A;MSN;VEGFA;WNT5A;PLAU;FLNA;PPP1CA;CTSL;TGFB1;PIK3CD;ACTB;STAT3;PIK3R3;HIF1A;FZD5;PLAUR;CD44;HPSE;TLR2;ARHGEF1;FLNB;HBEGF;PAK1;MMP9;RRAS2;CBL;MAPK3;HRAS;SRC;FZD10;GRB2;CDKN1A;RAC1;NRAS;PPP1CB;RPS6KB2;RHOA;MAPK11;WNT9B;SLC9A1;MAP2K2;HCLS1;FZD9;PLCG2;VAV2;MTOR;ROCK1;ITGAV;AKT1;TIAM1;FASLG;THBS1;CDC42;FZD2;PTPN11;MAP2K1;DDX5;CTTN;ESR1;PRKACA;ROCK2;PLCG1;KDR;IQGAP1;MAPK14;RPS6KB1;MYC;FZD3;EZR;PPP1CC;FAS;VAV1;IL12B;AKT2;ACTG1;RDX;GAB1;ANK1;FRS2;ELK1,False
prerank,Starch and sucrose metabolism,0.5605286143272018,1.7337946114478138,0.005813953488372093,0.003855944852416658,0.237,14/28,18.90%,PYGL;HK2;GYS1;GPI;PGM2;GYG1;PGM1;HK1;HK3;AGL;UGP2;PGM2L1;GBE1;GANC,False
prerank,Thermogenesis,0.3914358179009165,1.731484058021923,0.0,0.0038853343701773907,0.242,86/191,19.78%,ACTB;RPS6KA1;COX10;MAP2K3;COX5A;NDUFB9;HRAS;GRB2;UQCRC1;NRAS;ADCY7;RPS6KB2;MAPK11;SIRT6;ADCY3;COA6;MTOR;NDUFS6;COX8A;CPT1C;CYC1;NDUFB4;NDUFS8;UQCRQ;COX7B;NDUFAB1;NDUFA6;UQCRH;COX6A1;UQCR10;COA4;NDUFA1;NDUFB3;ADCY9;UQCRFS1;PRKACA;COX6C;SDHB;SMARCB1;SMARCD1;COX6B1;NDUFA8;NDUFS3;NDUFA9;MAPK14;ACSL4;NDUFAF2;NDUFB10;PRKAB1;NDUFS5;COX7A2;AKT1S1;UQCRC2;NDUFS2;RPS6KB1;NDUFB6;PRKAG1;COX5B;CREB3L2;SMARCA4;KDM1A;NDUFAF1;NDUFA4;SDHD;RPS6KA3;ACTG1;NDUFV1;COA7;COX7C;ACTL6A;FRS2;COA3;GNAS;ACSL5;COX4I1;NDUFAF4;NDUFS7;KRAS;COX17;NDUFB1;NDUFA4L2;NDUFB11;NDUFA3;RPTOR;NDUFV3;CPT2,False
prerank,AGE-RAGE signaling pathway in diabetic complications,0.43785594316657284,1.7315342701585086,0.0,0.003902850221846223,0.241,41/99,13.46%,PLCB3;COL4A2;TGFBR1;VEGFA;COL4A1;COL4A4;SELE;TGFB1;PIK3CD;STAT3;PIK3R3;SERPINE1;ICAM1;BAX;VCAM1;PLCD4;NFKB1;PLCB2;NOS3;MAPK3;HRAS;CCL2;DIAPH1;STAT1;JUN;RAC1;NRAS;PIM1;MAPK11;CXCL8;RELA;PLCG2;AKT1;CDC42;NFATC1;THBD;PLCG1;MAPK14;IL6;MAPK8;PRKCD,False
prerank,Base excision repair,0.5353046145475685,1.7287321001445455,0.0037313432835820895,0.003926370813781817,0.247,16/33,17.39%,PARP4;POLB;POLE2;POLE4;FEN1;PCNA;APEX2;PARP3;TDG;POLE3;POLD2;PARP1;POLD3;POLD1;NEIL3;MPG,False
prerank,Prolactin signaling pathway,0.4703497977293023,1.7297715097890243,0.0,0.003931292045325265,0.247,29/67,15.89%,CCND2;ELF5;PIK3CD;STAT3;CISH;IRF1;SOCS3;PIK3R3;SHC1;NFKB1;SOCS1;MAPK3;HRAS;SRC;GRB2;STAT1;SOCS2;NRAS;MAPK11;MAP2K2;RELA;AKT1;MAP2K1;ESR1;MAPK14;MAPK8;TNFSF11;AKT2;STAT5A,False
prerank,Small cell lung cancer,0.43290381233511316,1.7194300162826262,0.0,0.004319901202490078,0.267,45/92,15.40%,COL4A2;RB1;E2F3;COL4A1;COL4A4;CKS2;BAK1;TRAF2;PIK3CD;PIK3R3;ITGA6;BAX;TRAF3;NFKB1;GADD45G;CYCS;CDKN1A;LAMB3;CCNE1;E2F1;TRAF4;CDK2;RELA;ITGA3;ITGAV;NFKBIA;AKT1;CCNE2;BIRC3;ZBTB17;CKS1B;CDKN2B;XIAP;SKP2;CHUK;CASP9;IKBKG;MYC;E2F2;LAMA4;PTEN;TRAF1;BIRC2;AKT2;TRAF5,False
prerank,MicroRNAs in cancer,0.38968230229439255,1.702724182875491,0.0,0.005115251260290736,0.307,62/200,14.40%,CDC25B;TNC;ST14;FSCN1;ABCC1;VEGFA;E2F3;PLAU;CCND2;DNMT1;KIF23;BAK1;PIK3CD;STAT3;PIK3R3;CD44;EZH2;HDAC1;PAK4;SHC1;FOXP1;CDCA5;CDC25A;HMOX1;NFKB1;MMP9;SOCS1;MAPK3;HRAS;GRB2;CDKN1A;CCNE1;BCL2L11;E2F1;NRAS;PIM1;MCL1;CYP24A1;RHOA;DICER1;MAP2K2;CDC25C;PLCG2;MTOR;HNRNPK;ROCK1;BRCA1;CCNE2;CRK;THBS1;SLC7A1;MAP2K1;MAPK7;PLCG1;RASSF1;MYC;E2F2;FZD3;TP63;EZR;STMN1;PTEN,False
prerank,Rap1 signaling pathway,0.38782900192834807,1.7020184740284279,0.0,0.005126131634663696,0.311,72/194,16.43%,SIPA1L2;RALB;ENAH;PGF;PLCB3;VEGFA;CDH1;PFN1;PIK3CD;ACTB;EPHA2;CALM1;PIK3R3;ITGAM;PRKCI;P2RY1;MAP2K3;ID1;GNAI2;BCAR1;PLCB2;MAPK3;HRAS;ITGAL;SRC;FARP2;RAC1;LPAR5;CALML3;NRAS;MAGI3;ADCY7;RHOA;MAPK11;LCP2;RASGRP2;MAP2K2;ADCY3;VASP;VAV2;RAC2;ITGB2;CSF1;CALML5;AKT1;TIAM1;CRK;THBS1;RGS14;CDC42;RASGRP3;MAP2K1;ADCY9;GNAI3;GNAO1;RAPGEF5;PLCG1;NGF;KDR;ARAP3;MAPK14;RALA;FLT1;LPAR2;SKAP1;VAV1;FGF7;AKT2;ACTG1;FPR1;KITLG;CALM2,False
prerank,N-Glycan biosynthesis,0.4867024818348987,1.6964394810157184,0.001893939393939394,0.005465511889618571,0.329,23/49,15.74%,B4GALT1;DPAGT1;TUSC3;RPN2;RPN1;DDOST;ALG1;ALG3;ST6GAL1;DOLPP1;GANAB;DPM2;ALG2;MGAT5;STT3B;ALG14;ALG5;DPM1;STT3A;DAD1;MOGS;B4GALT2;MAN1A1,False
prerank,Nucleotide excision repair,0.4770454077806787,1.6727016435166677,0.005802707930367505,0.0069115489996781415,0.396,18/45,20.03%,POLE2;POLE4;PCNA;CDK7;RPA1;GTF2H1;POLE3;POLD2;CETN2;POLD3;RFC2;RFC4;POLD1;RPA3;RBX1;RFC5;RFC3;GTF2H3,False
prerank,Folate biosynthesis,0.5788891390786136,1.666490509798866,0.012024048096192385,0.007268927343645981,0.408,8/20,10.08%,AKR1B10;GGH;GCH1;DHFR;ALPL;FPGS;SPR;PTS,False
prerank,Protein export,0.5682689185941197,1.6613757271671483,0.012072434607645875,0.0075854022618338495,0.423,12/22,14.81%,SEC61A1;HSPA5;SEC61B;SEC61G;SPCS3;SRP68;SRPRB;SPCS2;SRP54;SEC11C;SRP72;OXA1L,False
prerank,Mismatch repair,0.5594741831705549,1.6596254998911706,0.006289308176100629,0.00768452145157151,0.432,14/23,19.19%,PCNA;EXO1;RPA1;MLH1;POLD2;SSBP1;POLD3;RFC2;RFC4;POLD1;RPA3;RFC5;MSH6;RFC3,False
prerank,Malaria,0.4665055741925007,1.6565381016673644,0.005928853754940711,0.007970030979349129,0.442,18/47,12.60%,CD36;SELP;MYD88;SELE;TGFB1;ICAM1;TLR2;THBS2;VCAM1;CCL2;ITGAL;CXCL8;IL10;ITGB2;THBS1;CD40LG;IL6;COMP,False
prerank,Leukocyte transendothelial migration,0.40619026121984814,1.6471491776131675,0.0,0.008636094107915047,0.469,43/103,15.84%,MSN;PIK3CD;ACTB;PIK3R3;ITGAM;THY1;ICAM1;ITK;CXCR4;VCAM1;GNAI2;BCAR1;MMP9;ITGAL;RAC1;ACTN1;VCL;RHOA;MAPK11;RHOH;VASP;PLCG2;CYBA;VAV2;RAC2;ITGB2;ROCK1;MYL12B;CDC42;PTPN11;GNAI3;ROCK2;PLCG1;MYL12A;MAPK14;CTNNA1;ITGA4;NCF1;EZR;CLDN14;VAV1;ACTG1;CDH5,False
prerank,mTOR signaling pathway,0.3857459903503691,1.640373689220878,0.0,0.009009450346492275,0.489,57/146,15.48%,SGK1;WNT7A;EIF4EBP1;WNT5A;ATP6V1B2;RRAGC;TNFRSF1A;PIK3CD;PIK3R3;FZD5;RPS6KA1;SESN2;ATP6V1A;MAPK3;HRAS;FZD10;GRB2;EIF4E;SLC7A5;ATP6V1D;CAB39;CLIP1;NRAS;RPS6KB2;RHOA;WNT9B;MAP2K2;EIF4E2;FZD9;MTOR;SLC3A2;GRB10;PRR5;AKT1;MAPKAP1;FZD2;STK11;ATP6V1G1;MAP2K1;SLC38A9;ATP6V1C2;SEC13;SKP2;ATP6V1C1;CHUK;SEH1L;LAMTOR2;TELO2;AKT1S1;LAMTOR5;RPS6KB1;FZD3;RRAGA;PTEN;ATP6V1F;AKT2;RPS6KA3,False
prerank,Prostate cancer,0.4139201983629953,1.6409297959880802,0.0018832391713747645,0.009049752034051138,0.489,44/93,19.76%,RB1;E2F3;PLAU;PIK3CD;PIK3R3;NFKB1;MMP9;ATF4;GSTP1;MAPK3;HRAS;GRB2;CDKN1A;CCNE1;E2F1;ERG;NRAS;MMP3;CDK2;MAP2K2;RELA;PLAT;HSP90B1;MTOR;NFKBIA;AKT1;CCNE2;MAP2K1;SPINT1;CHUK;CASP9;IKBKG;E2F2;CREB3L2;PTEN;TGFA;AKT2;MDM2;NKX3-1;KRAS;HSP90AB1;ARAF;IKBKB;HSP90AA1,False
prerank,Cholesterol metabolism,0.4780541918372212,1.6297844091125977,0.00984251968503937,0.009859832139400986,0.524,18/41,12.55%,CD36;ANGPTL4;VDAC1;LIPA;PCSK9;LDLR;NPC1;TSPO;VDAC2;LIPG;VDAC3;LRPAP1;VAPA;NCEH1;SORT1;LDLRAP1;PLTP;STARD3,False
prerank,GnRH signaling pathway,0.40984688843799716,1.6056267077884963,0.0019193857965451055,0.012273791042495708,0.599,36/91,17.27%,PLCB3;PLA2G4E;CALM1;PLD2;MAP2K3;HBEGF;ATF4;PLCB2;MAPK3;HRAS;PLA2G4D;SRC;GRB2;JUN;CALML3;NRAS;ADCY7;MAPK11;MAP2K2;ADCY3;CALML5;CDC42;MAP2K1;ADCY9;PRKACA;MAPK7;MAPK14;MAPK8;PRKCD;MAP2K4;MAP3K2;PLA2G4B;CALM2;ELK1;CACNA1C;GNAS,False
prerank,One carbon pool by folate,0.5769264545016118,1.6029409761111104,0.01996007984031936,0.012662455658477291,0.615,10/18,10.07%,MTHFR;GART;TYMS;DHFR;MTHFD1L;ALDH1L2;SHMT2;MTHFD1;MTHFD2;ATIC,False
prerank,Fluid shear stress and atherosclerosis,0.3842959174223712,1.601058561837049,0.0017985611510791368,0.012744000724395832,0.621,63/135,19.85%,VEGFA;SELE;TXN;CTSL;TNFRSF1A;PIK3CD;ACTB;CALM1;PIK3R3;GSTO1;ACVR1;ICAM1;VCAM1;HMOX1;NFKB1;MMP9;NOS3;GSTP1;CCL2;SRC;JUN;RAC1;CALML3;RHOA;KEAP1;MAPK11;RELA;PLAT;HSP90B1;CYBA;RAC2;CALML5;ITGAV;SUMO3;AKT1;ARHGEF2;MAPK7;THBD;KDR;CHUK;MAPK14;IKBKG;MAPK8;NCF1;BMP4;MAP2K4;TXN2;AKT2;ACTG1;CDH5;CALM2;KLF2;NCF2;MAP3K7;HSP90AB1;BMPR1B;TNF;SUMO2;IKBKB;IFNG;PIAS4;HSP90AA1;BMPR2,False
prerank,Pentose phosphate pathway,0.5080326072633464,1.591693430841815,0.022857142857142857,0.013857061385104086,0.649,9/27,9.21%,GPI;PGM2;ALDOA;TKT;PFKP;G6PD;PGD;PGM1;TALDO1,False
prerank,"Growth hormone synthesis, secretion and action",0.392465544295783,1.5879753710487703,0.0,0.014033827745080734,0.658,37/106,14.32%,PLCB3;PIK3CD;STAT3;SOCS3;PIK3R3;SHC1;MAP2K3;JUNB;GNAI2;BCAR1;ATF4;PLCB2;SOCS1;MAPK3;HRAS;GRB2;STAT1;SOCS2;NRAS;ADCY7;MAPK11;MAP2K2;ADCY3;PLCG2;MTOR;IGFBP3;AKT1;CRK;MAP2K1;ADCY9;GNAI3;PRKACA;PLCG1;MAPK14;MAPK8;CREB3L2;MAP2K4,False
prerank,Gastric acid secretion,0.4222235454909804,1.5884730530615332,0.009671179883945842,0.014094927823438992,0.658,21/69,10.75%,KCNJ15;PLCB3;KCNK10;SLC4A2;ACTB;CALM1;CA2;GNAI2;HRH2;ATP1A1;PLCB2;CALML3;ADCY7;SLC9A1;ADCY3;ATP1B3;MYLK4;CALML5;ADCY9;GNAI3;PRKACA,False
prerank,FoxO signaling pathway,0.3825941084404459,1.5869117929285148,0.0,0.014169427644039827,0.663,56/126,19.28%,SGK1;CCNB1;TGFBR1;HOMER3;CCND2;TGFB1;PIK3CD;TNFSF10;CCNB2;STAT3;AGAP2;PIK3R3;HOMER1;GADD45G;MAPK3;HRAS;GRB2;CDKN1A;BCL2L11;PLK1;IL7R;S1PR4;NRAS;SOD2;MAPK11;PRMT1;CDK2;MAP2K2;PLK4;IL10;AKT1;FASLG;STK11;MAP2K1;CDKN2B;SKP2;CHUK;MAPK14;IL6;PRKAB1;CDKN2D;MAPK8;PRKAG1;PTEN;PCK2;PLK2;AKT2;PLK3;KLF2;S1PR1;MDM2;BNIP3;KRAS;ARAF;CSNK1E;IKBKB,False
prerank,Porphyrin and chlorophyll metabolism,0.5013786790931104,1.585722638748275,0.018484288354898338,0.014249187236546597,0.668,16/32,18.72%,HEPHL1;UGT1A7;HMOX2;COX10;HMOX1;HCCS;UGT1A10;HMBS;ALAS1;FXN;BLVRA;UROS;UGT1A3;UGT1A1;UROD;EARS2,False
prerank,Vascular smooth muscle contraction,0.3844315253172538,1.5774437705561568,0.0,0.015111964945683207,0.693,41/119,17.66%,PLA2G2F;PLCB3;PLA2G3;EDNRA;MYH9;PPP1CA;PLA2G4E;CALM1;PRKCQ;ARHGEF1;PLCB2;MAPK3;PLA2G4D;CALML3;PPP1CB;ADCY7;RHOA;GNA12;MAP2K2;MYL6;ADCY3;ROCK1;MYLK4;CALML5;ADM;MAP2K1;ADCY9;RAMP1;PRKCH;PRKACA;ROCK2;PLA2G2A;PRKCD;RAMP3;PPP1CC;MYL6B;PLA2G4B;CALM2;CACNA1C;GNAS;PTGIR,False
prerank,Arginine and proline metabolism,0.4506093539264422,1.5768107500822437,0.012448132780082987,0.015163226699230302,0.699,12/46,4.15%,CKMT1A;SMOX;ALDH4A1;LAP3;GOT1;CKMT1B;MAOB;AMD1;GOT2;SRM;PYCR1;NOS3,False
prerank,Glycosphingolipid biosynthesis,0.46037417775790174,1.5732907982125286,0.011583011583011582,0.015584895962278977,0.708,15/44,16.04%,FUT2;FUT3;B4GALT1;B3GNT3;B3GNT5;NAGA;FUT1;ST6GALNAC3;B3GNT2;B3GALNT1;GLA;FUT7;GLB1;B4GALT2;FUT6,False
prerank,Cell adhesion molecules,0.37487284987270697,1.5710491328556424,0.00392156862745098,0.01574834300043213,0.715,60/133,19.25%,SELP;CDH1;MPZL1;SELE;CDH3;CD274;ITGAM;ICAM1;ITGA6;CD28;VCAM1;NLGN4X;ITGAL;SELPLG;CTLA4;CD2;CD6;CD226;TIGIT;CD80;PTPRC;HLA-DPA1;HLA-DRB1;ITGB2;SDC3;ITGAV;ICOS;PDCD1;CD40LG;HLA-DPB1;HLA-DQA1;HLA-B;HLA-DRA;PDCD1LG2;HLA-C;HLA-DQB1;HLA-A;CNTNAP2;CD8A;L1CAM;ICAM2;HLA-DMB;SELL;ITGA4;HLA-DRB5;CD4;ICAM3;LRRC4;CLDN14;HLA-E;HLA-DMA;CDH5;NLGN2;NLGN4Y;CD276;HLA-DQA2;CD40;PVR;CD86;F11R,False
prerank,Phenylalanine metabolism,0.5910438911270108,1.564064875307717,0.0440251572327044,0.016672268902383734,0.739,5/14,6.29%,GOT1;IL4I1;MAOB;GOT2;ALDH3B2,False
prerank,Fanconi anemia pathway,0.44138770084411033,1.5641780362343536,0.003968253968253968,0.016778461697940318,0.739,18/49,13.54%,BLM;BRCA2;FANCD2;FANCI;RAD51;BRIP1;SLX4;UBE2T;RPA1;FANCA;BRCA1;MLH1;FAAP24;ATRIP;EME1;TELO2;PALB2;RPA3,False
prerank,Transcriptional misregulation in cancer,0.3671475484119605,1.5545420636500313,0.0017574692442882249,0.01802468265316071,0.767,61/154,19.31%,PLAU;CCND2;BAK1;NR4A3;RUNX1;ITGAM;HDAC1;PML;CCNA2;REL;NTRK1;BAX;BMP2K;NFKB1;MMP9;GADD45G;CDKN1A;BCL2A1;ERG;ETV4;GZMB;MMP3;RARA;TFE3;JUP;CXCL8;EWSR1;RELA;PLAT;CEBPB;DOT1L;IGFBP3;BIRC3;DUSP6;ZBTB17;CSF2;DDX5;ELK4;PRCC;SPINT1;IL6;MEN1;FLT1;MYC;CDK9;TRAF1;BIRC2;HMGA2;TAF15;SPI1;MAF;SMAD1;MDM2;FCGR1A;SS18;KLF3;CD40;FLI1;CD86;BCL2L1;HDAC2,False
prerank,Alcoholism,0.3883883604893008,1.5473435488014027,0.0,0.018999450202775766,0.784,42/97,22.57%,PPP1CA;CALM1;HDAC1;SHC1;MAOB;GNAI2;NTRK2;ATF4;MAPK3;HRAS;GNB5;GRB2;GNB2;CALML3;NRAS;PPP1CB;HAT1;GNG5;CAMK4;HDAC3;CALML5;MAP2K1;GNAI3;PRKACA;GNAO1;CREB3L2;PPP1CC;GNG4;CALM2;GNAS;FOSB;GNG10;KRAS;GNG12;ARAF;HDAC2;GNG2;CREB3;MAPK1;GNGT2;GNB4;RAF1,False
prerank,Colorectal cancer,0.4006881239094239,1.5475472023980335,0.011111111111111112,0.01907663174797147,0.784,32/86,13.47%,RALB;TGFBR1;BAK1;TGFB1;PIK3CD;PIK3R3;BIRC5;BAX;AREG;GADD45G;MAPK3;HRAS;CYCS;GRB2;CDKN1A;BCL2L11;JUN;RAC1;NRAS;RPS6KB2;RHOA;MAP2K2;MTOR;RAC2;MLH1;AKT1;MAP2K1;CASP9;RALA;MAPK8;RPS6KB1;MYC,False
prerank,Insulin resistance,0.3877940529640367,1.5478859443119444,0.005660377358490566,0.019082883453132325,0.782,41/100,15.48%,PYGL;CD36;GYS1;PPP1CA;TNFRSF1A;PPP1R3C;PIK3CD;STAT3;SOCS3;PIK3R3;RPS6KA1;SLC2A1;PRKCQ;NFKB1;SLC27A4;NOS3;SREBF1;PPP1CB;RPS6KB2;RELA;MTOR;NFKBIA;AKT1;PPARGC1B;PTPN11;SLC27A6;PTPN1;IL6;MLX;PRKAB1;MAPK8;RPS6KB1;PRKCD;PRKAG1;GFPT1;CREB3L2;PPP1CC;PTEN;PCK2;AKT2;RPS6KA3,False
prerank,Phospholipase D signaling pathway,0.3646550838360791,1.5270810322018205,0.0038240917782026767,0.022421540570580562,0.847,50/140,16.08%,RALB;PLCB3;SPHK1;PLA2G4E;PIK3CD;CXCR1;PIK3R3;PLD2;SHC1;DNM2;PLCB2;RRAS2;DGKZ;MAPK3;HRAS;PLA2G4D;GRB2;PIK3R5;AGPAT5;LPAR5;NRAS;ADCY7;RHOA;GNA12;SYK;AGPAT2;CXCL8;MAP2K2;ADCY3;PLCG2;MTOR;AKT1;FCER1G;PTPN11;MAP2K1;ADCY9;DGKH;PIK3CG;CYTH4;PLCG1;ARF1;RALA;CXCR2;LPAR2;AKT2;LPAR6;PIP5K1C;PLA2G4B;GAB1;KITLG,False
prerank,Oxytocin signaling pathway,0.3581004748435883,1.52307510158727,0.0037105751391465678,0.02301629514654884,0.857,52/140,17.27%,PLCB3;PPP1CA;PLA2G4E;ACTB;CALM1;GNAI2;PLCB2;NOS3;MAPK3;HRAS;PLA2G4D;SRC;CDKN1A;PIK3R5;JUN;CALML3;NRAS;PPP1CB;CACNB4;ADCY7;RHOA;CD38;RCAN1;MAP2K2;MYL6;ADCY3;CAMK4;ROCK1;MYLK4;CALML5;NFATC3;NFATC1;MAP2K1;ADCY9;GNAI3;PIK3CG;PRKACA;MAPK7;PPP3R1;ROCK2;GNAO1;PRKAB1;PRKAG1;PPP1CC;MYL6B;ACTG1;PLA2G4B;CALM2;PTGS2;ELK1;CACNA1C;GNAS,False
prerank,Vasopressin-regulated water reabsorption,0.4483292388552491,1.5159809316339816,0.02231237322515213,0.02422132501315474,0.865,22/39,23.92%,AQP3;ARHGDIB;DYNLL1;ARHGDIA;DCTN5;RAB5A;STX4;ADCY3;ADCY9;DCTN6;PRKACA;NSF;CREB3L2;RAB5C;GNAS;DCTN2;DYNC1LI1;DYNC1H1;CREB3;DCTN1;RAB11A;RAB11B,False
prerank,Estrogen signaling pathway,0.3619306049527997,1.5140951652519665,0.0037174721189591076,0.024540686620055263,0.87,38/132,12.09%,KRT16;PLCB3;KRT14;PIK3CD;CALM1;PIK3R3;SHC1;KRT17;HBEGF;GNAI2;CTSD;MMP9;ATF4;PLCB2;NOS3;MAPK3;HRAS;SRC;GRB2;JUN;CALML3;NRAS;HSPA8;ADCY7;RARA;MAP2K2;ADCY3;HSPA6;HSP90B1;CALML5;AKT1;MAP2K1;ADCY9;GNAI3;ESR1;PRKACA;GNAO1;KRT9,False
prerank,"Neomycin, kanamycin and gentamicin biosynthesis",0.787919461994907,1.5094875706894109,0.027777777777777776,0.025407272039853636,0.879,3/5,13.58%,HK2;HK1;HK3,False
prerank,cGMP-PKG signaling pathway,0.35041539727226223,1.5076579030335135,0.003676470588235294,0.025666864616853354,0.882,41/149,11.20%,PLCB3;PPIF;SLC25A5;EDNRA;PPP1CA;VDAC1;CNGB1;CALM1;GNAI2;ATP1A1;ATF4;PLCB2;NOS3;MAPK3;ATP2A2;PIK3R5;BDKRB2;CALML3;PPP1CB;ADCY7;RHOA;GNA12;MAP2K2;ADCY3;VASP;VDAC2;ATP1B3;ROCK1;MYLK4;CALML5;VDAC3;AKT1;NFATC3;PDE3B;NFATC1;MAP2K1;ADCY9;GNAI3;PIK3CG;PPP3R1;ROCK2,False
prerank,Retrograde endocannabinoid signaling,0.3610051434145056,1.5065546134032626,0.009596928982725527,0.025767805886994684,0.884,52/124,22.17%,PLCB3;GNAI2;NDUFB9;PLCB2;MAPK3;GNB5;GNB2;GABRA4;ADCY7;MAPK11;ADCY3;GNG5;NDUFS6;NDUFB4;NDUFS8;NDUFAB1;NDUFA6;NDUFA1;NDUFB3;ADCY9;GNAI3;PRKACA;GNAO1;NDUFA8;NDUFS3;NDUFA9;MAPK14;NDUFB10;NDUFS5;MAPK8;NDUFS2;NDUFB6;GABRG3;GNG4;NDUFA4;DAGLA;NDUFV1;PTGS2;CACNA1C;GNG10;NDUFS7;NDUFB1;NDUFA4L2;NDUFB11;GNG12;NDUFA3;NDUFV3;GNG2;NDUFB7;MAPK1;GNGT2;GNB4,False
prerank,Pancreatic secretion,0.3908477475542856,1.4937084469496542,0.015841584158415842,0.02834464268205447,0.905,20/77,10.12%,PLA2G2F;PRSS3;PLCB3;PLA2G3;CLCA2;SLC4A2;CA2;ATP1A1;PLCB2;ATP2A2;RAC1;ADCY7;RHOA;CD38;SLC9A1;ADCY3;ATP1B3;RAB8A;SLC4A4;ADCY9,False
prerank,ErbB signaling pathway,0.39046640950447176,1.4954972619445264,0.013182674199623353,0.028390516660216365,0.902,35/82,15.90%,EIF4EBP1;PIK3CD;PIK3R3;PAK4;SHC1;HBEGF;PAK1;AREG;CBL;MAPK3;HRAS;SRC;GRB2;CDKN1A;JUN;PAK2;NCK2;NRAS;RPS6KB2;MAP2K2;PLCG2;MTOR;AKT1;CRK;MAP2K1;PLCG1;ABL2;MAPK8;RPS6KB1;MYC;MAP2K4;TGFA;AKT2;STAT5A;GAB1,False
prerank,Mitophagy,0.3974100854127806,1.4940190389064951,0.011516314779270634,0.02842345020806001,0.904,34/65,24.74%,HIF1A;MFN1;PGAM5;ATG9A;RAB7A;ATF4;RRAS2;HRAS;SRC;E2F1;JUN;NRAS;TFE3;RELA;BECN1;UBB;MAPK8;TBK1;MFN2;TFEB;ATG5;USP15;BNIP3;KRAS;BCL2L1;CSNK2A2;USP8;UBA52;CSNK2A1;CSNK2B;RRAS;RHOT2;AMBRA1;UBC,False
prerank,Arachidonic acid metabolism,0.4242990548963105,1.494747361726035,0.022099447513812154,0.02842629967675255,0.903,20/51,16.44%,PLA2G2F;PLA2G3;PLA2G4E;ALOX15;CYP2E1;PTGES;PTGES2;PLA2G4D;GPX1;ALOX12B;CBR3;TBXAS1;GPX3;PTGES3;GGT5;PTGDS;PLA2G2A;GPX2;PLA2G4B;PTGS2,False
prerank,Homologous recombination,0.44818717684632364,1.4861812475227,0.027450980392156862,0.02981425432628393,0.922,21/37,23.47%,BLM;BRCA2;RAD51;BRIP1;RPA1;BRCA1;POLD2;SSBP1;POLD3;EME1;POLD1;PALB2;RPA3;XRCC2;RAD54L;NBN;BABAM1;TOP3A;UIMC1;BRCC3;TOPBP1,False
prerank,Thyroid hormone signaling pathway,0.362414011407095,1.4865733613283285,0.007889546351084813,0.029900602062589574,0.921,42/115,15.94%,PLCB3;PIK3CD;ACTB;PIK3R3;HIF1A;PFKFB2;PFKP;HDAC1;SLC2A1;MED14;PLCD4;ATP1A1;PLCB2;MAPK3;HRAS;SRC;ATP2A2;STAT1;NRAS;RCAN1;SLC9A1;MAP2K2;MED27;PLCG2;MTOR;ATP1B3;HDAC3;ITGAV;AKT1;MED16;MAP2K1;ESR1;PRKACA;PLCG1;CASP9;MYC;BMP4;AKT2;ACTG1;DIO2;ATP1B1;NCOA3,False
prerank,Cysteine and methionine metabolism,0.43190986567061945,1.4829044683497414,0.013916500994035786,0.030373138209726706,0.926,13/44,8.59%,LDHA;DNMT1;GOT1;IL4I1;AMD1;GOT2;SRM;AHCY;LDHB;GSS;MDH2;ADI1;AHCYL1,False
prerank,Dopaminergic synapse,0.3602916631552595,1.4810124324173106,0.005802707930367505,0.03060075963414844,0.933,43/119,18.81%,PLCB3;PPP1CA;CALM1;MAOB;ARRB2;GNAI2;ATF4;PLCB2;GNB5;GNB2;CALML3;PPP1CB;MAPK11;PPP2CA;GNG5;PPP2R1A;PPP2R5E;CALML5;PPP2R1B;AKT1;PPP2R2C;GNAI3;PPP2R5B;PRKACA;GNAO1;MAPK14;PPP2R3C;MAPK8;KIF5B;CREB3L2;PPP1CC;GNG4;AKT2;PPP2R2A;CALM2;CLOCK;ARRB1;CACNA1C;GNAS;GNG10;GNG12;PPP2R5A;KIF5C,False
prerank,Glioma,0.39353597467092394,1.4791974489142763,0.017142857142857144,0.030945840197820318,0.935,32/74,18.88%,RB1;E2F3;BAK1;PIK3CD;CALM1;PIK3R3;SHC1;BAX;GADD45G;MAPK3;HRAS;GRB2;CDKN1A;E2F1;CALML3;NRAS;MAP2K2;PLCG2;MTOR;CAMK4;CALML5;AKT1;MAP2K1;PLCG1;E2F2;PTEN;TGFA;AKT2;CALM2;MDM2;KRAS;ARAF,False
prerank,Glucagon signaling pathway,0.3753145440252532,1.4689455437307941,0.015267175572519083,0.033505170325557054,0.947,31/96,16.43%,PYGL;PKM;PLCB3;PGAM1;GYS1;LDHA;CALM1;PHKA1;PFKP;PPP4C;SLC2A1;ATF4;PLCB2;CALML3;PRMT1;LDHB;CPT1C;CALML5;AKT1;ACACA;PDE3B;PRKACA;PPP3R1;PRKAB1;PRKAG1;CREB3L2;PCK2;AKT2;PDHB;PHKG2;CALM2,False
prerank,Coronavirus disease,0.3358415689966056,1.4690833560308436,0.0,0.033655628140636884,0.946,62/200,15.36%,OAS1;OAS2;MX1;OAS3;SELP;ISG15;MYD88;MX2;NFKBIB;MMP1;TNFRSF1A;IRAK1;IFIH1;PIK3CD;STAT3;PIK3R3;CXCL10;IFNAR2;ADAR;DDX58;TLR2;TRAF3;IRF9;VWF;HBEGF;NFKB1;MAPK3;CCL2;STAT1;RPL26L1;JUN;MMP3;MAPK11;SYK;ADAM17;CXCL8;RELA;STAT2;PLCG2;EIF2AK2;IKBKE;IL6R;C1R;NFKBIA;NLRP3;MASP1;CSF2;PLCG1;CHUK;MAPK14;IL6;IKBKG;MAPK8;C1S;C1QC;RPL36AL;TBK1;TYK2;CFB;C2;IL12B;RPL22L1,False
prerank,Riboflavin metabolism,0.6573154406434443,1.4634906612998488,0.08080808080808081,0.03476362547123975,0.953,5/8,14.88%,ACP5;RFK;ACP2;ACP1;FLAD1,False
prerank,Glycosaminoglycan degradation,0.5254025870149801,1.459995028610066,0.04684317718940937,0.035024610924016285,0.955,9/18,17.66%,HPSE;ARSB;HYAL2;SGSH;HYAL4;HYAL3;NAGLU;GLB1;HYAL1,False
prerank,Adipocytokine signaling pathway,0.3887284515551928,1.4601975735219541,0.01890359168241966,0.035197100055597175,0.955,28/66,15.38%,CD36;NFKBIB;TNFRSF1A;TRAF2;STAT3;SOCS3;SLC2A1;PRKCQ;TNFRSF1B;NFKB1;NFKBIE;ADIPOR2;RELA;MTOR;CPT1C;NFKBIA;AKT1;PTPN11;STK11;CHUK;TRADD;ACSL4;PRKAB1;IKBKG;MAPK8;PRKAG1;PCK2;AKT2,True
prerank,Long-term potentiation,0.38867726522274443,1.46050050270284,0.02462121212121212,0.035317595450149425,0.955,24/63,18.88%,PLCB3;PPP1CA;CALM1;RPS6KA1;ATF4;PLCB2;MAPK3;HRAS;CALML3;NRAS;PPP1CB;MAP2K2;CAMK4;CALML5;MAP2K1;PRKACA;PPP3R1;PPP1CC;RPS6KA3;CALM2;CACNA1C;RAP1B;KRAS;ARAF,False
prerank,African trypanosomiasis,0.4462891328785491,1.4584876195663694,0.04048582995951417,0.035384075016398696,0.959,15/32,15.32%,PLCB3;APOL1;MYD88;SELE;ICAM1;VCAM1;PLCB2;THOP1;IDO1;IL10;FASLG;IL6;LAMA4;FAS;IL12B,False
prerank,alpha-Linolenic acid metabolism,0.5251220501800448,1.460577994291488,0.06097560975609756,0.03545747327053816,0.955,8/19,15.83%,PLA2G2F;PLA2G3;PLA2G4E;PLA2G4D;ACOX3;PLA2G2A;ACAA1;PLA2G4B,False
prerank,Longevity regulating pathway,0.3655001716521907,1.4530027763837763,0.014084507042253521,0.036679981595240385,0.959,32/97,14.22%,EIF4EBP1;PIK3CD;PIK3R3;HDAC1;BAX;SESN2;NFKB1;ATF4;HRAS;CLPB;EIF4E;NRAS;ADIPOR2;SOD2;HSPA8;ADCY7;RPS6KB2;RELA;ADCY3;HSPA6;EIF4E2;MTOR;CAMK4;AKT1;STK11;ADCY9;PRKACA;PRKAB1;AKT1S1;RPS6KB1;PRKAG1;CREB3L2,False
prerank,Adherens junction,0.39046538666983693,1.4514087971373741,0.02574257425742574,0.03694814756493614,0.96,31/66,21.84%,TGFBR1;CDH1;LMO7;ACTB;YES1;MAPK3;PTPRB;SRC;FARP2;RAC1;ACTN1;VCL;RHOA;RAC2;CDC42;TJP1;PTPN1;IQGAP1;PTPRJ;CTNNA1;ACP1;WAS;ACTG1;WASL;MAP3K7;CSNK2A2;ACTN4;CTNNB1;MAPK1;CSNK2A1;CSNK2B,False
prerank,Complement and coagulation cascades,0.391219381995097,1.4478293933448794,0.026476578411405296,0.03777863372636445,0.963,22/65,15.16%,PLAU;F12;ITGAM;PLAUR;SERPINE1;VWF;ITGAX;SERPINA1;BDKRB2;PLAT;PROCR;ITGB2;A2M;C1R;MASP1;THBD;C1S;PROC;C1QC;F2RL2;CFB;C2,False
prerank,Long-term depression,0.39542480571508287,1.4426746488535949,0.03262955854126679,0.039205806217460226,0.969,17/54,11.33%,PLCB3;PLA2G4E;LYN;GNAI2;PLCB2;MAPK3;HRAS;PLA2G4D;NRAS;GNA12;PPP2CA;MAP2K2;PPP2R1A;PPP2R1B;MAP2K1;GNAI3;GNAO1,False
prerank,Thyroid cancer,0.4363862940834851,1.4366893305324122,0.04553734061930783,0.041082633914170774,0.973,16/37,13.91%,CDH1;BAK1;TFG;TPM3;NTRK1;BAX;GADD45G;MAPK3;HRAS;CDKN1A;NRAS;MAP2K2;MAP2K1;RET;MYC;TPR,False
prerank,Various types of N-glycan biosynthesis,0.42662548316298965,1.4273118224080679,0.05394990366088632,0.04359442189441541,0.979,14/37,15.74%,B4GALT1;TUSC3;RPN2;RPN1;DDOST;ALG1;ALG3;ALG2;STT3B;ALG14;STT3A;DAD1;B4GALT2;MAN1A1,False
prerank,Gap junction,0.3695902927771935,1.4275406468009042,0.019417475728155338,0.04373588735446096,0.979,26/79,13.23%,PLCB3;TUBA1C;TUBB6;CDK1;TUBB2B;GNAI2;PLCB2;MAPK3;HRAS;SRC;GRB2;NRAS;TUBA1B;ADCY7;MAP2K2;TUBB2A;ADCY3;TUBB;TJP1;MAP2K1;ADCY9;GNAI3;PRKACA;MAPK7;TUBA4A;TUBB3,False
prerank,Protein digestion and absorption,0.3587247680258563,1.4212153709108135,0.02127659574468085,0.04566525349098858,0.983,21/87,13.52%,COL15A1;PRSS3;COL4A2;COL4A1;COL6A6;COL4A4;SLC1A5;COL6A3;ATP1A1;SLC36A1;COL6A5;DPP4;SLC36A4;SLC3A2;ATP1B3;COL8A2;COL27A1;COL5A2;COL22A1;COL6A1;CPA2,False
prerank,cAMP signaling pathway,0.3240631783774981,1.4204670232889012,0.013157894736842105,0.045692316119514645,0.983,59/194,17.27%,EDNRA;PPP1CA;HCAR2;PIK3CD;CNGB1;CALM1;PIK3R3;PLD2;HCAR3;PDE10A;PAK1;GNAI2;NFKB1;ATP1A1;RRAS2;MAPK3;ATP2A2;JUN;RAC1;CALML3;PPP1CB;ADCY7;RHOA;GIPR;SLC9A1;MAP2K2;RELA;ADCY3;PDE4B;VAV2;ACOX3;RAC2;CAMK4;ATP1B3;ROCK1;CALML5;NFKBIA;AKT1;TIAM1;PDE3B;NFATC1;MAP2K1;ADCY9;GNAI3;PRKACA;ROCK2;ARAP3;MAPK8;CREB3L2;PPP1CC;VAV1;ADCYAP1;FFAR2;AKT2;ATP1B1;CALM2;PDE4A;CACNA1C;GNAS,False
prerank,Aminoacyl-tRNA biosynthesis,0.44967524463861946,1.4086274206929674,0.06930693069306931,0.04928239227499914,0.988,9/25,18.72%,GATB;FARSA;YARS2;FARSB;QRSL1;MTFMT;DARS2;MARS2;EARS2,False
prerank,Carbohydrate digestion and absorption,0.4175502492460881,1.4029386985699386,0.06395348837209303,0.05119271560025706,0.988,14/37,17.06%,HK2;PLCB3;PIK3CD;SLC5A1;PIK3R3;ATP1A1;PLCB2;ATP1B3;AKT1;HK1;HK3;AKT2;ATP1B1;SLC37A4,False
prerank,Non-small cell lung cancer,0.36975126698866795,1.3941269853457874,0.021526418786692758,0.05452785955880848,0.99,29/71,15.89%,RB1;E2F3;JAK3;BAK1;PIK3CD;STAT3;PIK3R3;BAX;GADD45G;MAPK3;HRAS;GRB2;CDKN1A;E2F1;NRAS;MAP2K2;PLCG2;AKT1;MAP2K1;RET;PLCG1;RASSF1;CASP9;E2F2;EML4;KIF5B;TGFA;AKT2;STAT5A,False
prerank,Linoleic acid metabolism,0.4662713040686835,1.384897744551237,0.07378640776699029,0.05816805493294853,0.991,6/23,4.33%,PLA2G2F;PLA2G3;PLA2G4E;ALOX15;CYP2E1;PLA2G4D,False
prerank,RNA degradation,0.3618001014142737,1.3761470393383548,0.052845528455284556,0.061788281406912844,0.994,30/72,22.16%,ENO1;PFKP;CNOT6;MPHOSPH6;CNOT1;BTG3;PABPC4L;HSPA9;PATL1;XRN2;SKIV2L;PABPC1;EXOSC4;LSM2;EXOSC9;LSM7;HSPD1;PNPT1;PABPC4;LSM4;CNOT7;DIS3;EXOSC10;EXOSC1;PFKL;WDR61;DDX6;EXOSC8;C1D;LSM5,False
prerank,ECM-receptor interaction,0.35476679937590333,1.3750558303886948,0.025390625,0.06197959158275196,0.995,25/83,13.81%,TNC;CD36;COL4A2;COL4A1;COL6A6;COL4A4;CD47;CD44;ITGA6;ITGB6;VWF;THBS2;COL6A3;LAMB3;COL6A5;ITGA3;ITGB4;ITGAV;THBS1;HMMR;COMP;ITGA4;COL6A1;NPNT;LAMA4,False
prerank,Type II diabetes mellitus,0.39734150543548297,1.3711257631991216,0.07604562737642585,0.06348690595370073,0.995,13/44,13.58%,PKM;HK2;PIK3CD;SOCS3;PIK3R3;SOCS1;MAPK3;SOCS2;MTOR;HK1;MAPK8;PRKCD;HK3,False
prerank,Apelin signaling pathway,0.33091627195466733,1.3701047658492524,0.0260707635009311,0.0636274881902231,0.995,36/128,10.75%,PLCB3;TGFBR1;CDH1;SPHK1;CALM1;SERPINE1;GNAI2;PLCB2;RRAS2;NOS3;MAPK3;HRAS;GNB5;PIK3R5;GNB2;CALML3;NRAS;ADCY7;RPS6KB2;SLC9A1;MAP2K2;PLAT;ADCY3;MTOR;GNG5;CAMK4;MYLK4;CALML5;AKT1;BECN1;PDE3B;MAP2K1;ADCY9;GNAI3;PIK3CG;PRKACA,False
prerank,Inositol phosphate metabolism,0.3559123830912837,1.3508647487964418,0.04296875,0.07318720929490324,1.0,29/72,18.95%,PLCB3;TPI1;IPPK;PIK3CD;SYNJ2;PIP4K2C;PLCD4;PI4KB;PLCB2;IMPA2;PLCG2;ITPK1;INPP1;MTM1;PIK3CG;PI4K2B;ITPKC;PLCG1;PTEN;SYNJ1;PIP5K1C;MTMR2;PLCD1;MTMR14;IMPA1;PIK3C2A;PIP4K2A;INPP5E;MTMR1,False
prerank,Glutathione metabolism,0.38970126526661797,1.350991854572367,0.06748466257668712,0.07349763761429295,1.0,22/51,14.89%,RRM2;IDH2;LAP3;GSTO1;CHAC1;SRM;GSTP1;G6PD;GPX1;GGCT;PGD;CHAC2;GSS;GPX3;GGT5;RRM2B;TXNDC12;ODC1;GCLM;GPX2;ANPEP;GSTK1,False
prerank,Fat digestion and absorption,0.43036525182554947,1.348873016624442,0.09288537549407115,0.07393278662456984,1.0,7/28,6.85%,PLA2G2F;CD36;PLA2G3;GOT2;SLC27A4;DGAT1;AGPAT2,False
prerank,Morphine addiction,0.34535339770772955,1.3468786901048189,0.041353383458646614,0.07435166687812714,1.0,29/75,20.05%,PDE10A;ARRB2;GNAI2;GNB5;GNB2;GABRA4;ADCY7;ADCY3;PDE4B;GNG5;PDE8A;PDE3B;PDE7A;ADCY9;GNAI3;GRK6;PRKACA;GNAO1;GABRG3;GNG4;PDE1B;PDE4A;ARRB1;GNAS;GNG10;GNG12;GRK4;GRK5;GNG2,False
prerank,Hippo signaling pathway,0.3185871851864563,1.3474872648406993,0.019342359767891684,0.07442506143871515,1.0,41/155,10.08%,WNT7A;TGFBR1;WNT5A;CDH1;SOX2;CCND2;PPP1CA;TGFB1;YWHAQ;ACTB;FZD5;SERPINE1;PRKCI;BIRC5;YWHAZ;YWHAH;PAK1;ID1;AREG;YWHAG;FZD10;SCRIB;CCND3;FBXW11;LLGL2;PPP1CB;PPP2CA;YAP1;WNT9B;YWHAB;FZD9;YWHAE;ITGB2;SMAD7;PPP2R1A;LLGL1;PPP2R1B;BIRC3;CRB2;FZD2;PPP2R2C,False
prerank,Chemical carcinogenesis,0.309218212925436,1.3448900209108459,0.018148820326678767,0.07466084003335302,1.0,70/196,17.31%,KPNA2;UGT1A7;EIF4EBP1;RB1;VEGFA;EPHX3;CHRNA3;PIK3CD;STAT3;PIK3R3;GSTO1;CDC6;RPS6KA1;BIRC5;CDC25A;ARRB2;CYP2E1;GNAI2;NFKB1;ATF4;GSTP1;MAPK3;HRAS;SRC;PAQR5;GRB2;KPNA3;CCND3;E2F1;JUN;NRAS;UGT1A10;ADCY7;RPS6KB2;CHRNA9;MAP2K2;RELA;ADCY3;HSP90B1;IKBKE;MTOR;KPNB1;AKT1;MAP2K1;PTGES3;ADCY9;CHRNB4;GNAI3;VDR;ESR1;PRKACA;KPNA6;XIAP;KPNA1;RPS6KB1;MYC;NAT1;TNFSF11;CREB3L2;GSTK1;FGF7;AKT2;RPS6KA3;STAT5A;PTGS2;ARRB1;AHR;CACNA1C;GNAS;UGT1A3,False
prerank,Gastric cancer,0.31937341438678907,1.3449734179629762,0.03339517625231911,0.07495516729259138,1.0,41/134,13.72%,WNT7A;RB1;TGFBR1;E2F3;WNT5A;CDH1;CSNK1A1;BAK1;TGFB1;PIK3CD;PIK3R3;FZD5;SHC1;BAX;GADD45G;MAPK3;HRAS;FZD10;GRB2;CDKN1A;CCNE1;E2F1;NRAS;RPS6KB2;JUP;WNT9B;CDK2;MAP2K2;FZD9;MTOR;MLH1;AKT1;CCNE2;FZD2;MAP2K1;CDKN2B;CTNNA1;RPS6KB1;MYC;E2F2;FZD3,False
prerank,Thyroid hormone synthesis,0.3571420875464382,1.3411240153057011,0.05725190839694656,0.07633192322138156,1.0,24/66,18.04%,PLCB3;DUOX1;SLC5A5;HSPA5;ATP1A1;ATF4;PLCB2;GPX1;PDIA4;CANX;ADCY7;ADCY3;HSP90B1;ATP1B3;GPX3;ADCY9;PRKACA;DUOX2;GPX2;CREB3L2;TTF2;ATP1B1;GNAS;SLC26A4,False
prerank,AMPK signaling pathway,0.32653883304964565,1.3367240563849796,0.04085603112840467,0.07832830484956521,1.0,38/114,15.38%,CD36;EIF4EBP1;GYS1;PIK3CD;PIK3R3;PFKFB2;PFKP;CCNA2;RAB10;PFKFB4;SCD;PFKFB3;SREBF1;CAB39;ADIPOR2;HMGCR;RPS6KB2;PPP2CA;MTOR;PPP2R1A;CPT1C;PPP2R5E;RAB8A;PPP2R1B;AKT1;ACACA;STK11;PPP2R2C;ELAVL1;PPP2R5B;PRKAB1;PPP2R3C;AKT1S1;RPS6KB1;PRKAG1;CREB3L2;PCK2;AKT2,False
prerank,Endocrine and other factor-regulated calcium reabsorption,0.37761948167215376,1.3336450550828323,0.05454545454545454,0.07950357605362063,1.0,15/47,10.75%,PLCB3;AP2S1;DNM2;ATP1A1;CLTC;PLCB2;AP2M1;BDKRB2;CLTA;ATP1B3;AP2A1;ADCY9;VDR;ESR1;PRKACA,False
prerank,Sphingolipid metabolism,0.3679365711431867,1.311682042946205,0.10505836575875487,0.09238601282642775,1.0,23/47,16.70%,ACER3;SPHK1;SPTLC2;NEU2;GBA;SMPD2;SGMS2;SMPD3;ACER2;SMPD4;CERS2;GBA2;SPTLC1;CERS4;B4GALT6;GLA;ARSA;NEU1;UGCG;CERS3;GLB1;PSAP;SMPD1,False
prerank,Choline metabolism in cancer,0.3362451706237065,1.3067263113951733,0.07839388145315487,0.09511298538194253,1.0,29/94,15.83%,EIF4EBP1;PLA2G4E;PIK3CD;PIK3R3;HIF1A;PLD2;DGKZ;MAPK3;HRAS;PLA2G4D;GRB2;JUN;RAC1;NRAS;RPS6KB2;SLC22A3;MAP2K2;MTOR;RAC2;AKT1;MAP2K1;DGKH;PLCG1;MAPK8;RPS6KB1;WAS;AKT2;PIP5K1C;PLA2G4B,False
prerank,Cardiac muscle contraction,0.3478778379474795,1.3058910463748497,0.06431535269709543,0.09525845541469113,1.0,27/70,18.02%,TPM3;COX5A;TPM4;ATP1A1;ATP2A2;SLC9A7;UQCRC1;CACNB4;SLC9A1;ATP1B3;COX8A;CYC1;UQCRQ;COX7B;UQCRH;COX6A1;UQCR10;UQCRFS1;COX6C;COX6B1;COX7A2;UQCRC2;COX5B;ATP1B1;COX7C;CACNA1C;COX4I1,False
prerank,Cholinergic synapse,0.3224471714174379,1.3050896832054188,0.07184466019417475,0.09539501187406622,1.0,27/101,11.33%,PLCB3;CHRNA3;PIK3CD;PIK3R3;GNAI2;ATF4;PLCB2;MAPK3;HRAS;GNB5;PIK3R5;GNB2;NRAS;ADCY7;ADCY3;GNG5;CAMK4;CHRNA6;AKT1;CHAT;MAP2K1;ADCY9;CHRNB4;GNAI3;PIK3CG;PRKACA;GNAO1,False
prerank,Melanogenesis,0.3224761992170783,1.3020486504992972,0.04580152671755725,0.09705301131099975,1.0,25/96,11.33%,PLCB3;WNT7A;WNT5A;CALM1;FZD5;TYRP1;GNAI2;PLCB2;MAPK3;HRAS;FZD10;CALML3;NRAS;ADCY7;WNT9B;MAP2K2;ADCY3;FZD9;CALML5;FZD2;MAP2K1;ADCY9;GNAI3;PRKACA;GNAO1,False
prerank,Basal transcription factors,0.38498655496376194,1.2976719044162004,0.1100196463654224,0.09908384343117733,1.0,23/41,29.76%,TAF13;CDK7;TAF2;GTF2H1;GTF2F1;GTF2E1;GTF2A2;TAF10;GTF2B;TAF15;TAF5L;GTF2E2;GTF2H3;TAF9;TAF6L;TAF11;TBP;TAF8;GTF2A1;TAF5;TAF12;TAF6;ERCC3,False
prerank,Aldosterone-regulated sodium reabsorption,0.39455739819010716,1.2977310005313174,0.09551656920077972,0.09946124429814311,1.0,7/33,4.30%,SGK1;SFN;SCNN1A;PIK3CD;PIK3R3;ATP1A1;MAPK3,False
prerank,Mucin type O-glycan biosynthesis,0.3932098450963158,1.2891782318005887,0.11842105263157894,0.10461386000696263,1.0,12/33,15.51%,GALNT6;GALNT5;GCNT4;GALNT18;B3GNT3;GALNT10;ST6GALNAC3;B3GNT6;B4GALT5;GCNT3;ST6GALNAC1;GALNT7,False
prerank,Bile secretion,0.3370264054678448,1.2796008121743059,0.10074626865671642,0.11133023676921233,1.0,18/70,10.75%,UGT1A7;SLC4A2;SLC5A1;CA2;LDLR;SLC2A1;ATP1A1;ABCG2;UGT1A10;HMGCR;ADCY7;SLC9A1;ADCY3;ATP1B3;SLC4A4;ADCY9;NCEH1;PRKACA,False
prerank,"Parathyroid hormone synthesis, secretion and action",0.3170132450820769,1.2733977806919472,0.05675146771037182,0.11559879429804429,1.0,28/98,11.96%,PLCB3;SLC9A3R1;PLD2;MMP25;ARHGEF1;ARRB2;HBEGF;GNAI2;ATF4;PLCB2;MAPK3;CDKN1A;CYP27B1;MMP15;CYP24A1;ADCY7;RHOA;GNA12;ADCY3;PDE4B;SOST;MAP2K1;ADCY9;GNAI3;VDR;PRKACA;MMP17;PTHLH,False
prerank,Drug metabolism,0.3241255636705501,1.2705824028228776,0.0856610800744879,0.1173276007480952,1.0,32/91,17.66%,TYMP;FMO2;UGT1A7;RRM2;TK1;UPP1;GSTO1;MAOB;IMPDH1;CYP2E1;TPMT;GSTP1;ITPA;UGT1A10;CES2;ALDH3B2;UCK2;XDH;HPRT1;NME1;NME6;UMPS;RRM2B;ADH7;NAT1;DPYD;GSTK1;FMO3;UGT1A3;UCK1;RRM1;UGT1A1,False
prerank,Ether lipid metabolism,0.37907300126719673,1.2660896086512123,0.14285714285714285,0.12064782748945545,1.0,8/40,4.33%,PLA2G2F;PLA2G3;GDPD3;LPCAT1;PLA2G4E;PLD2;PAFAH1B3;PLA2G4D,False
prerank,Amphetamine addiction,0.3360852216496589,1.2542328954412274,0.1245136186770428,0.12984293695669866,1.0,19/63,17.54%,PPP1CA;CALM1;HDAC1;MAOB;ATF4;ARC;JUN;CALML3;PPP1CB;CAMK4;CALML5;PRKACA;PPP3R1;CREB3L2;PPP1CC;CALM2;CACNA1C;GNAS;FOSB,False
prerank,Endometrial cancer,0.3456358103040747,1.252293397373071,0.1219047619047619,0.13093596468821264,1.0,20/58,15.38%,CDH1;BAK1;PIK3CD;PIK3R3;BAX;GADD45G;MAPK3;HRAS;GRB2;CDKN1A;NRAS;MAP2K2;MLH1;AKT1;MAP2K1;CASP9;CTNNA1;MYC;PTEN;AKT2,False
prerank,Glycosaminoglycan biosynthesis,0.3517966129837096,1.2475313967334374,0.13398058252427184,0.13435462785860655,1.0,23/51,21.73%,HS3ST3A1;CHST1;B4GALT1;HS3ST3B1;EXTL3;HS3ST1;CHPF2;CHPF;HS6ST1;EXT2;B3GNT2;CHST11;EXT1;CHST2;B4GALT2;NDST1;B3GNT7;CSGALNACT1;DSE;CHST3;CHSY3;CHSY1;ST3GAL1,False
prerank,SNARE interactions in vesicular transport,0.3861001449645901,1.2422054236750748,0.14990138067061143,0.13861890643144748,1.0,11/32,18.33%,YKT6;STX6;STX11;STX3;STX4;VAMP3;VTI1A;BNIP1;VAMP8;SNAP23;STX5,False
prerank,Phosphatidylinositol signaling system,0.31540845786507943,1.238123650685157,0.1044776119402985,0.14176723863043067,1.0,34/92,18.95%,PLCB3;IPPK;PIK3CD;CALM1;PIK3R3;SYNJ2;PIP4K2C;PLCD4;PI4KB;PLCB2;DGKZ;CALML3;IMPA2;PLCG2;ITPK1;INPP1;CALML5;MTM1;DGKH;PI4K2B;ITPKC;PLCG1;PTEN;SYNJ1;PIP5K1C;CALM2;MTMR2;PLCD1;MTMR14;IMPA1;PIK3C2A;PIP4K2A;INPP5E;MTMR1,False
prerank,Adrenergic signaling in cardiomyocytes,0.2962253217185372,1.2350263322943444,0.0823293172690763,0.1440773306776971,1.0,34/135,10.75%,PLCB3;PPP1CA;CALM1;TPM3;GNAI2;TPM4;ATP1A1;ATF4;PLCB2;MAPK3;ATP2A2;PIK3R5;CALML3;PPP1CB;CACNB4;ADCY7;MAPK11;PPP2CA;SLC9A1;SCN4B;ADCY3;ATP1B3;PPP2R1A;PPP2R5E;CALML5;PPP2R1B;AKT1;PPP2R2C;ADCY9;GNAI3;PIK3CG;CREM;PPP2R5B;PRKACA,False
prerank,Breast cancer,0.29291634644610554,1.2255081009297508,0.09622641509433963,0.15194907978048125,1.0,41/134,15.94%,WNT7A;RB1;E2F3;WNT5A;CSNK1A1;BAK1;PIK3CD;PIK3R3;FZD5;SHC1;BAX;NFKB2;BRCA2;GADD45G;MAPK3;HRAS;FZD10;GRB2;CDKN1A;E2F1;JUN;NRAS;RPS6KB2;WNT9B;MAP2K2;FZD9;MTOR;BRCA1;AKT1;FZD2;MAP2K1;ESR1;RPS6KB1;MYC;E2F2;FZD3;TNFSF11;PTEN;FGF7;AKT2;NCOA3,False
prerank,Glycerophospholipid metabolism,0.31436805827048814,1.222156021931877,0.142570281124498,0.15452712601879512,1.0,22/89,13.25%,PLA2G2F;PLA2G3;LPCAT1;PLA2G4E;PLD2;LCLAT1;LYPLA2;DGKZ;PLA2G4D;AGPAT5;MBOAT7;PTDSS2;AGPAT2;PNPLA6;CHAT;DGKH;GPAT3;LPCAT3;GPAT4;PGS1;PLA2G2A;ACHE,False
prerank,Melanoma,0.33218359731751795,1.2197022754412352,0.14728682170542637,0.15612805421877682,1.0,16/63,10.10%,RB1;E2F3;CDH1;BAK1;PIK3CD;PIK3R3;BAX;GADD45G;MAPK3;HRAS;CDKN1A;E2F1;NRAS;MAP2K2;AKT1;MAP2K1,False
prerank,Axon guidance,0.279690937186713,1.2170916070567066,0.07442748091603053,0.15823282386550747,1.0,52/177,14.91%,EPHA1;LIMK1;ENAH;SEMA4B;WNT5A;CFL1;PIK3CD;EPHA2;PIK3R3;ROBO1;PAK4;EPHB4;UNC5B;CXCR4;PAK1;GNAI2;RND1;MAPK3;HRAS;SRC;RAC1;PAK2;EPHB2;NCK2;NRAS;RHOA;ABLIM2;RHOD;PLCG2;RAC2;SSH2;ROCK1;EPHA6;MYL12B;NFATC3;CDC42;PTPN11;RGS3;GNAI3;EFNB1;PPP3R1;ROCK2;PLCG1;MYL12A;CDK5;L1CAM;SEMA7A;UNC5A;FZD3;LRRC4;SEMA3A;SSH1,False
prerank,Hepatocellular carcinoma,0.2747750319772075,1.1763605247999296,0.13940520446096655,0.20206389043310535,1.0,49/161,15.90%,WNT7A;RB1;TGFBR1;E2F3;WNT5A;CSNK1A1;BAK1;TGFB1;PIK3CD;ACTB;PIK3R3;GSTO1;FZD5;SHC1;BAX;HMOX1;GSTP1;GADD45G;MAPK3;HRAS;FZD10;GRB2;CDKN1A;E2F1;NRAS;RPS6KB2;KEAP1;WNT9B;MAP2K2;FZD9;PLCG2;MTOR;AKT1;FZD2;MAP2K1;TXNRD1;SMARCB1;PLCG1;SMARCD1;RPS6KB1;MYC;E2F2;FZD3;PTEN;TGFA;SMARCA4;AKT2;ACTG1;GAB1,False
prerank,Calcium signaling pathway,0.2640638177914957,1.1655794345830524,0.14228456913827656,0.2142190674731318,1.0,45/215,11.85%,HTR7;PLCB3;PPIF;HRH1;VEGFA;SLC25A5;EDNRA;GNA15;SPHK1;VDAC1;CALM1;PHKA1;NTRK1;CXCR4;PLCD4;HRH2;NTRK2;PLCB2;NOS3;LTB4R2;ATP2A2;BDKRB2;PTAFR;CALML3;ADCY7;CD38;ADCY3;PLCG2;VDAC2;CAMK4;MYLK4;GDNF;CALML5;VDAC3;GNA14;ADCY9;ORAI2;RET;PRKACA;PPP3R1;ITPKC;CACNA1I;PLCG1;NGF;KDR,False
prerank,Mineral absorption,0.32078453909130267,1.1595785929955753,0.20610687022900764,0.22109361690179194,1.0,13/56,10.48%,HEPHL1;HMOX2;TRPM6;SLC5A1;HMOX1;SLC26A9;ATP1A1;ATOX1;ATP1B3;SLC26A6;VDR;MT1F;MT1M,False
prerank,Tyrosine metabolism,0.34927907991048396,1.1523141237374823,0.24444444444444444,0.229705210678597,1.0,6/34,6.29%,GOT1;IL4I1;MAOB;GOT2;TYRP1;ALDH3B2,False
prerank,Serotonergic synapse,0.2877677939869126,1.150361702631206,0.1963302752293578,0.2315554189515712,1.0,21/97,11.33%,HTR7;PLCB3;HTR3A;PLA2G4E;ALOX15;MAOB;GNAI2;PLCB2;MAPK3;HRAS;PLA2G4D;GNB5;GNB2;ALOX12B;NRAS;GNG5;CYP4X1;MAP2K1;GNAI3;PRKACA;GNAO1,False
prerank,Other glycan degradation,0.4132829633191355,1.1424649535267835,0.2627118644067797,0.24119085922191674,1.0,7/16,17.71%,MAN2B1;NEU2;GBA;GBA2;NEU1;GLB1;AGA,False
prerank,Renin secretion,0.3066044098210172,1.1382826612713288,0.22156862745098038,0.24614269654890283,1.0,19/63,17.27%,PLCB3;CTSB;EDNRA;CLCA2;CALM1;GNAI2;PLCB2;PTGER4;CALML3;CALML5;PDE3B;GNAI3;PRKACA;PPP3R1;ADCYAP1;PDE1B;CALM2;CACNA1C;GNAS,False
prerank,Cushing syndrome,0.26828082816771515,1.1371918296666634,0.18738049713193117,0.24663781752818473,1.0,44/145,17.27%,PLCB3;WNT7A;RB1;E2F3;WNT5A;FZD5;LDLR;GNAI2;ARMC5;ATF4;PLCB2;MAPK3;FZD10;CDKN1A;CCNE1;E2F1;ADCY7;WNT9B;CDK2;MAP2K2;ADCY3;FZD9;FH;PDE8A;CCNE2;FZD2;MAP2K1;ADCY9;NCEH1;GNAI3;PRKACA;CDKN2B;CACNA1I;MEN1;E2F2;FZD3;CREB3L2;WDR5;CYP11A1;NR4A1;AHR;CACNA1C;HSD3B1;GNAS,False
prerank,Nicotinate and nicotinamide metabolism,0.3471879487676983,1.1259960695140387,0.23517786561264822,0.2622216969587277,1.0,14/32,19.74%,PNP;NAMPT;NADSYN1;CD38;SIRT6;NAPRT;SIRT2;SIRT7;NT5C2;NADK;NNMT;NT5C;NT5M;NNT,False
prerank,Glutamatergic synapse,0.2755406719150849,1.1175597180997772,0.21553398058252426,0.2736271102903831,1.0,20/102,11.33%,PLCB3;HOMER3;PLA2G4E;PLD2;SHANK3;GNAI2;HOMER1;PLCB2;MAPK3;PLA2G4D;GNB5;GNB2;ADCY7;ADCY3;GNG5;ADCY9;GNAI3;PRKACA;PPP3R1;GNAO1,False
prerank,Circadian rhythm,-0.43154000176955293,-1.390169430550066,0.05450733752620545,0.2800532146295324,0.992,12/30,15.37%,RORC;CRY2;PRKAB2;PER1;NR1D1;RORA;FBXL3;ARNTL;BTRC;PRKAA2;BHLHE41;CREB1,False
prerank,Wnt signaling pathway,0.26017659550225586,1.1097632771098804,0.23196881091617932,0.2845924313244581,1.0,39/155,13.72%,PLCB3;WNT7A;PPARD;WNT5A;CSNK1A1;CCND2;FZD5;FOSL1;TLE3;CUL1;PLCB2;CTBP2;FZD10;CCND3;FBXW11;JUN;RAC1;RHOA;VANGL1;PRICKLE2;RUVBL1;WNT9B;FZD9;SOST;RAC2;PORCN;NFATC3;FZD2;NFATC1;PRKACA;DKK4;PPP3R1;ROCK2;SFRP1;BAMBI;MAPK8;PRICKLE4;MYC;FZD3,False
prerank,Glyoxylate and dicarboxylate metabolism,-0.4389354144121869,-1.4042515068697945,0.06584362139917696,0.2945637438849486,0.986,10/28,10.41%,ACAT1;PCCA;ACSS2;AMT;HYI;HOGA1;HAO2;AFMID;ACSS1;SHMT1,False
prerank,Steroid biosynthesis,0.3795343401445482,1.0992550167865538,0.3215686274509804,0.3001194519624686,1.0,7/20,15.02%,LIPA;SQLE;CYP27B1;CYP24A1;EBP;NSDHL;LBR,False
prerank,Propanoate metabolism,-0.4003700521854038,-1.3269153120837676,0.09456740442655935,0.3095843402293431,0.999,11/33,10.52%,ALDH6A1;ACACB;ACAT1;PCCA;ACSS2;ACSS3;ABAT;BCKDHB;DBT;ACSS1;MLYCD,False
prerank,Nicotine addiction,-0.41486854082420627,-1.3404001939211327,0.08928571428571429,0.31251869170099394,0.999,12/30,23.11%,GABRB2;GRIN2A;GABRD;SLC17A7;GRIN3A;GRIN2B;GABRA2;GRIA4;GABRP;GRIN2C;GABRB3;GABRE,False
prerank,Basal cell carcinoma,-0.3461286653996149,-1.2755648458915276,0.10833333333333334,0.31349338886815065,1.0,16/61,9.15%,WNT2B;AXIN2;BMP2;WNT2;SMO;POLK;PTCH1;FZD8;TCF7L2;WNT4;APC2;DVL2;WNT6;FZD4;WNT7B;GLI2,False
prerank,Proximal tubule bicarbonate reclamation,0.36856733592176616,1.0867078374375412,0.3434959349593496,0.3200734755790492,1.0,10/22,21.31%,CA2;ATP1A1;ATP1B3;SLC4A4;MDH1;PCK2;ATP1B1;SLC9A3;GLS;CA4,False
prerank,Pantothenate and CoA biosynthesis,-0.4334903484070898,-1.2609457697434943,0.17682926829268292,0.32286074164303596,1.0,9/20,21.11%,ALDH3A2;PANK1;PANK3;BCAT2;UPB1;ENPP3;PPCDC;VNN2;ALDH2,False
prerank,Terpenoid backbone biosynthesis,0.3689045108873454,1.0828976693497077,0.3360323886639676,0.32546685527891495,1.0,7/22,12.71%,ZMPSTE24;HMGCR;RCE1;ICMT;PDSS1;NUS1;FNTA,False
prerank,Maturity onset diabetes of the young,-0.48360575066637346,-1.2127999261243425,0.23061630218687873,0.32952972226042426,1.0,3/12,14.96%,PAX6;HES1;HNF4A,False
prerank,TGF-beta signaling pathway,-0.32037273797763705,-1.277793440020596,0.09207708779443255,0.33284921722808514,1.0,19/87,7.79%,RGMB;ID4;ACVR2A;NEO1;ACVR1B;GREM2;GDF7;BMP2;TGFB2;BMPR1A;SMAD4;SMAD9;SP1;ID2;BMP8B;E2F5;SMAD3;THSD4;DCN,False
prerank,Hypertrophic cardiomyopathy,-0.31867212071648293,-1.245287482693517,0.1111111111111111,0.3350970385796709,1.0,24/81,14.14%,TNNC1;SLC8A1;CACNA2D2;CACNA2D1;PRKAB2;TNNT2;TGFB2;ITGA9;SGCA;TPM1;CACNB2;SGCB;ITGA11;SGCG;ITGA7;LAMA2;CACNA1S;ITGB5;CACNB1;PRKAA2;TTN;EDN1;ITGB3;MYL3,False
prerank,Butanoate metabolism,-0.46249460114122537,-1.4067426513810544,0.06846473029045644,0.34547371592107246,0.985,12/25,23.29%,AACS;ACAT1;ALDH5A1;ABAT;BDH2;HMGCS2;ACSM6;HMGCL;ACSM3;GAD1;EHHADH;L2HGDH,False
prerank,Dilated cardiomyopathy,-0.3081314607048467,-1.2130526732146485,0.1437125748502994,0.34624159368932556,1.0,25/85,14.14%,TNNC1;SLC8A1;CACNA2D2;CACNA2D1;TNNT2;TGFB2;ITGA9;ADCY2;ADRB1;SGCA;TPM1;CACNB2;SGCB;ITGA11;SGCG;ITGA7;LAMA2;CACNA1S;ITGB5;CACNB1;PLN;ADCY6;TTN;ITGB3;MYL3,False
prerank,Fatty acid biosynthesis,-0.47790015813819053,-1.342260917615916,0.11324376199616124,0.3475051900168307,0.999,10/17,19.78%,ACACB;HSD17B8;FASN;ACSL1;CBR4;ACSBG2;ACSBG1;ACSF3;MECR;OLAH,False
prerank,Lysine degradation,-0.33756322446484466,-1.2186402734053288,0.14112903225806453,0.3535585724233831,1.0,13/55,10.76%,ALDH3A2;PRDM6;EZH1;ACAT1;SETMAR;KMT2A;ASH1L;PIPOX;SMYD3;KMT2C;KMT2E;SETDB2;SETD2,False
prerank,Neuroactive ligand-receptor interaction,-0.25874328708712785,-1.1849535305670806,0.07510729613733906,0.35582975673154266,1.0,51/240,15.83%,PRLR;CHRM4;LEPR;PARD3;NPY5R;THRA;NPY1R;CHRM1;TAC1;GABRB2;GLRA3;F2R;AGTR1;VIPR1;P2RY4;THRB;ADRB1;CHRNE;C5;GHR;ADRB2;CHRNA2;DRD4;TSHR;CHRM2;NR3C1;LPAR1;GRIN2A;GABRD;GLRB;GABBR1;GNRH1;GAL;GRID1;PTH1R;CHRNG;GRIN3A;GRIK3;F2RL1;CYSLTR1;GRM7;POMC;HCRTR1;GRIN2B;EDN1;GABRA2;GRIK4;TRPV1;GRIK5;GRIA4;EDN3,False
prerank,"Alanine, aspartate and glutamate metabolism",0.3308931668799725,1.0648385179078717,0.35912698412698413,0.35684704478920043,1.0,13/32,20.32%,ALDH4A1;GOT1;IL4I1;GPT2;GOT2;FOLH1;ADSL;ASL;GFPT1;GLUL;RIMKLA;GLS;CAD,False
prerank,"Valine, leucine and isoleucine degradation",-0.36476924704476815,-1.278670273257781,0.11458333333333333,0.3583551084828124,1.0,20/46,25.39%,ALDH3A2;AACS;ALDH6A1;ACAT1;PCCA;ABAT;BCKDHB;DBT;ACADSB;HMGCS2;BCAT2;AUH;HMGCL;ACSF3;MCCC1;ALDH2;EHHADH;HIBADH;AOX1;ACAD8,False
prerank,Ribosome,-0.34088436019918317,-1.4312024664619714,0.013363028953229399,0.3587398573645848,0.976,52/130,18.54%,RPL13;RPL3;RPS6;RPS8;RPS4X;RPL15;RPLP1;RPL7;RPL8;RPS3A;RPS25;RPL9;RPS18;RPL5;RPL10A;RPL11;RPL37A;RPL4;RPS23;RPS20;RPS24;RPS14;RPS11;RPL37;RPL23;RPL34;RPS15;RPS12;RPL12;RPL13A;RPL31;RPL32;RPL22;RPL7A;RPS27;RPL18;RPL30;RPL23A;RPS17;RPL35A;RPS5;RPS19;RPL26;RPL41;RPL10;MRPS14;RPL6;RPL38;RPL14;RPS9;RPL35;RPL21,False
prerank,Vitamin digestion and absorption,0.3723302492526629,1.0629450782981582,0.3847695390781563,0.3588821769942924,1.0,4/20,5.15%,ABCC1;SLC52A3;SLC5A6;FOLH1,False
prerank,Regulation of lipolysis in adipocytes,-0.3696539301070602,-1.2895279083754807,0.0975609756097561,0.3623355105506032,1.0,12/49,6.80%,IRS2;NPY1R;PRKG2;PIK3R1;GNAI1;ADCY2;ADRB1;AQP7;ADRB2;IRS4;TSHR;INSR,False
prerank,ABC transporters,-0.335184751451066,-1.1736439369161653,0.19753086419753085,0.3630825012649376,1.0,12/43,10.42%,ABCB11;ABCA5;ABCC3;ABCC9;ABCA9;ABCA10;ABCA8;ABCA2;ABCA13;CFTR;ABCB5;ABCA6,False
prerank,Notch signaling pathway,-0.33421313770176136,-1.2210369836555437,0.15643564356435644,0.3687071166312062,1.0,17/56,17.35%,LFNG;MAML3;JAG2;DLL1;MAML2;TLE2;TLE4;DVL2;HES5;KAT2A;APH1B;NOTCH3;HES1;PSEN1;HEYL;NCOR2;CIR1,False
prerank,Signaling pathways regulating pluripotency of stem cells,-0.28119304986471216,-1.185638450612744,0.13807531380753138,0.3708979220285926,1.0,28/129,9.66%,ID4;ACVR2A;WNT2B;AXIN2;ACVR1B;PIK3R1;KAT6A;TBX3;MEIS1;WNT2;BMPR1A;SMAD4;PAX6;LIF;JAK2;SMAD9;FZD8;WNT4;ID2;APC2;DVL2;FGFR3;SMAD3;WNT6;FZD4;ZFHX3;WNT7B;PCGF5,False
prerank,Aldosterone synthesis and secretion,0.2649597315228329,1.0542071946923492,0.34296724470134876,0.3727899906513703,1.0,25/90,17.92%,PLCB3;CALM1;LDLR;ATP1A1;ATF4;PLCB2;CALML3;ADCY7;ADCY3;CAMK4;ATP1B3;CALML5;ADCY9;PRKACA;CACNA1I;CREB3L2;DAGLA;ATP1B1;CYP11A1;CALM2;NR4A1;CACNA1C;HSD3B1;GNAS;NR4A2,False
prerank,Cocaine addiction,0.30555028763780845,1.0544033703002307,0.39363817097415504,0.373930221254981,1.0,13/45,17.54%,CDK5R1;MAOB;GNAI2;NFKB1;ATF4;JUN;RELA;GNAI3;PRKACA;CDK5;CREB3L2;GNAS;FOSB,False
prerank,Metabolism of xenobiotics by cytochrome P450,-0.4050257344445727,-1.502761799032831,0.025157232704402517,0.3992154397270411,0.879,22/60,16.11%,GSTM3;GSTM2;HSD11B1;GSTO2;ADH1B;GSTM5;CYP3A5;HPGDS;GSTA3;ADH6;CYP1A2;GSTT1;GSTT2;CYP1A1;CYP2C9;CYP2A6;CYP1B1;EPHX1;GSTT2B;CYP3A4;MGST1;AKR7L,False
prerank,GABAergic synapse,0.2698897596730796,1.0345194183954756,0.39087301587301587,0.4087107452377811,1.0,25/75,20.05%,SLC38A5;SLC6A11;GNAI2;SRC;GNB5;GNB2;GABRA4;ADCY7;ADCY3;GNG5;ADCY9;GNAI3;PRKACA;NSF;GNAO1;GABRG3;GNG4;GLUL;CACNA1C;GNG10;HAP1;PLCL1;GNG12;GLS;GNG2,False
prerank,GnRH secretion,0.27523008038340274,1.0240969237787942,0.41040462427745666,0.42791027051527114,1.0,13/61,11.41%,PLCB3;PIK3CD;PIK3R3;ARRB2;PLCB2;MAPK3;HRAS;NRAS;KCNN1;MAP2K2;AKT1;MAP2K1;CACNA1I,False
prerank,Synthesis and degradation of ketone bodies,-0.4625603530034613,-1.1221810834657948,0.305327868852459,0.4320315597354439,1.0,4/10,17.54%,ACAT1;BDH2;HMGCS2;HMGCL,False
prerank,Tryptophan metabolism,-0.33609180346194356,-1.1339260079251605,0.265625,0.43731840398523436,1.0,12/38,14.25%,ALDH3A2;ACAT1;MAOA;CYP1A2;CYP1A1;INMT;ACMSD;AFMID;HAAO;TPH1;CYP1B1;DDC,False
prerank,Hedgehog signaling pathway,-0.320483118226143,-1.1250378503457792,0.24839400428265523,0.4420733871654322,1.0,15/49,16.44%,CCND1;BOC;BCL2;GAS1;SMO;DISP1;PTCH1;CDON;EFCAB7;GLI2;BTRC;EVC2;HHATL;EVC;GSK3B,False
prerank,Histidine metabolism,-0.3898078263243919,-1.11146804823294,0.2887189292543021,0.44382351007890475,1.0,5/21,8.48%,ALDH3A2;ASPA;CARNS1;MAOA;HNMT,False
prerank,Peroxisome,-0.27567792413940195,-1.0851808532888603,0.3080082135523614,0.4454548085635331,1.0,28/80,19.41%,EPHX2;ACOT8;ACOX2;PHYH;PEX7;PIPOX;PEX1;MVK;HAO2;PECR;NUDT7;MLYCD;PEX12;FAR2;GNPAT;NOS2;ABCD4;PEX6;SOD1;ACSL1;CRAT;SLC27A2;HMGCL;HACL1;PXMP4;ECI2;PEX11A;CAT,False
prerank,Thiamine metabolism,0.40402171069552195,1.0105561447828453,0.46107784431137727,0.45386039816680157,1.0,3/12,5.42%,ALPL;AK1;AK2,False
prerank,Phosphonate and phosphinate metabolism,-0.570209412190166,-1.0861341050241573,0.3761814744801512,0.45813844847421137,1.0,1/5,1.50%,CHPT1,False
prerank,Other types of O-glycan biosynthesis,-0.3172178031562997,-1.0912007701730673,0.2923728813559322,0.46100876358025233,1.0,17/44,16.74%,GALNT1;LFNG;GALNT8;GXYLT2;GALNT15;ST6GAL2;GALNT16;GALNT11;ST3GAL3;GXYLT1;GALNT12;B4GALT3;GALNT13;OGT;POMT1;C1GALT1C1L;GALNTL6,False
prerank,Ascorbate and aldarate metabolism,0.36244577550514157,1.0032121310133122,0.4342629482071713,0.46763227216793235,1.0,9/19,23.81%,UGT1A7;UGT1A10;ALDH9A1;UGT1A3;UGT1A1;AKR1A1;UGT2B7;UGDH;ALDH7A1,False
prerank,Fatty acid degradation,-0.30847573565102987,-1.0699494151823665,0.3220675944333996,0.46840290739176277,1.0,12/43,19.09%,ALDH3A2;ACADL;ADH1B;ACAT1;ADH6;ACADSB;ACSL1;ACSBG2;ECI1;ACSBG1;ECI2;CYP2U1,False
prerank,Pyruvate metabolism,0.2880149924898529,0.999468489708341,0.44,0.47335474489913626,1.0,15/45,15.48%,PKM;LDHA;LDHB;MDH2;FH;ACACA;DLAT;DLD;ALDH9A1;ADH7;ME2;PC;MDH1;PCK2;PDHB,False
prerank,Biosynthesis of unsaturated fatty acids,-0.34668934062107265,-1.0923762680104487,0.2961460446247465,0.47424147167265895,1.0,8/27,12.30%,SCD5;ELOVL6;HACD4;FADS2;ELOVL3;FADS1;ACOT2;ACOT1,False
prerank,Nitrogen metabolism,-0.5464705193825411,-1.4316292532625303,0.07407407407407407,0.47698601369596877,0.975,8/15,13.78%,CA13;CA3;CA1;GLUD1;CPS1;CA5B;CA9;CA14,False
prerank,Phototransduction,0.34120695914488447,0.9938264295205702,0.4444444444444444,0.48400735837970704,1.0,4/21,8.50%,CNGB1;CALM1;CALML3;CALML5,False
prerank,Circadian entrainment,-0.2650653034823839,-1.0575113307177653,0.33739837398373984,0.4846157006120856,1.0,30/88,21.40%,CACNA1H;PRKCB;RYR1;PRKG2;PER1;ITPR3;GNAI1;RPS6KA5;NOS1;CACNA1G;ADCY2;GRIN2A;PLCB4;NOS1AP;ADCY6;CAMK2B;GRIN2B;GNG7;PRKCA;FOS;CREB1;CALML6;GRIA4;RYR2;KCNJ9;PRKG1;GRIN2C;RYR3;ADCYAP1R1;PLCB1,False
prerank,Vitamin B6 metabolism,0.482580773127015,0.9916681222633731,0.4731610337972167,0.486955619987275,1.0,2/6,8.40%,PDXK;PNPO,False
prerank,Glycosylphosphatidylinositol (GPI)-anchor biosynthesis,-0.34883580258558367,-1.050044871918207,0.3838582677165354,0.4884862332131029,1.0,8/25,16.40%,GPLD1;PGAP1;MPPE1;PIGC;PIGG;PIGZ;PIGL;PIGP,False
prerank,Salivary secretion,-0.27053299936500197,-1.040060148010133,0.3813559322033898,0.4994963882721992,1.0,21/76,15.73%,TRPV6;PRKCB;PRKG2;AMY2B;ITPR3;BEST2;NOS1;ADCY2;ADRB1;ADRB2;ATP2B3;ATP1A2;VAMP2;ATP2B2;PLCB4;ADCY6;DMBT1;MUC5B;PRKCA;BST1;CALML6,False
prerank,Arginine biosynthesis,0.3458321897592211,0.9769758995926586,0.4708249496981891,0.516973791273356,1.0,9/19,21.70%,GOT1;GPT2;GOT2;NOS3;NAGS;ASL;GLUL;GLS;ACY1,False
prerank,Fatty acid elongation,0.3186286141476389,0.9745679332453446,0.474,0.5202378606682413,1.0,11/27,20.78%,THEM4;ACOT7;PPT2;HACD2;PPT1;ECHS1;HADHB;ELOVL4;HACD1;ACOT4;ELOVL7,False
prerank,Primary bile acid biosynthesis,-0.3787535586271291,-1.0199734477560531,0.419921875,0.5365707905197876,1.0,4/15,6.94%,CYP39A1;ACOT8;ACOX2;SLC27A5,False
prerank,PPAR signaling pathway,-0.26820911785728585,-1.0125600527281757,0.4414784394250513,0.5400709654820737,1.0,22/67,17.89%,RXRA;SCD5;ACADL;SORBS1;SLC27A1;FABP7;RXRG;AQP7;ACOX2;LPL;SLC27A5;PPARA;FADS2;PCK1;HMGCS2;PLIN4;ACSL1;SLC27A2;ACSBG2;NR1H3;CYP27A1;ACSBG1,False
prerank,Arrhythmogenic right ventricular cardiomyopathy,-0.2593198435867747,-0.9946863475909179,0.4662576687116564,0.5558220461067275,1.0,25/71,20.78%,SLC8A1;CACNA2D2;CACNA2D1;ITGA9;TCF7L2;SGCA;CACNB2;SGCB;ITGA11;SGCG;ITGA7;LAMA2;CACNA1S;ITGB5;CACNB1;ITGB3;CDH2;CTNNA2;DSG2;RYR2;DMD;ATP2A1;DAG1;CACNA1F;DES,False
prerank,Olfactory transduction,-0.26667468345664636,-0.9972320553074553,0.45208333333333334,0.5641147604664621,1.0,26/62,27.11%,SLC8A1;PRKG2;RGS2;OR2A7;OR5P2;CAMK2B;GNG7;PDE2A;OR9Q1;CALML6;OR2T2;ANO2;OR1F12;OR10A6;OR5P3;PRKG1;OR2T10;OR9I1;OR7C1;OR10AD1;OR52I1;OR2T11;OR2A1;CAMK2D;PDE1C;OR52W1,False
prerank,Retinol metabolism,0.2646846662731369,0.9417593575583875,0.5565862708719852,0.5914399689398857,1.0,17/53,21.38%,CYP27C1;UGT1A7;RDH16;DGAT1;UGT1A10;CYP2S1;DHRS9;ALDH1A3;RDH12;ADH7;DHRS3;SDR16C5;UGT1A3;UGT1A1;RDH10;LRAT;UGT2B7,False
prerank,Mannose type O-glycan biosynthesis,0.3254446571192404,0.9358594293734838,0.5509803921568628,0.6029436744639755,1.0,8/19,23.03%,B4GALT1;CHST10;POMK;FKRP;B4GALT2;B3GALNT2;MGAT5B;POMT2,False
prerank,Glycerolipid metabolism,-0.2706755265481283,-0.9691845779683907,0.506198347107438,0.6065643070918224,1.0,14/54,13.55%,ALDH3A2;DGAT2;PNPLA3;DGKG;LPL;MBOAT1;DGKQ;GPAM;LPIN1;PLPP3;MOGAT2;PNLIPRP3;TKFC;MOGAT1,False
prerank,Cortisol synthesis and secretion,0.2512093759525073,0.9221631166507634,0.6284046692607004,0.6325237346232955,1.0,17/58,17.27%,PLCB3;LDLR;ATF4;PLCB2;ADCY7;ADCY3;PDE8A;ADCY9;NCEH1;PRKACA;CACNA1I;CREB3L2;CYP11A1;NR4A1;CACNA1C;HSD3B1;GNAS,False
prerank,Insulin secretion,0.23335903257178708,0.9004810555217256,0.6926147704590818,0.6793646746275986,1.0,18/75,17.27%,PLCB3;SLC2A1;ATP1A1;ATF4;PLCB2;ADCY7;KCNN1;ADCY3;ATP1B3;ADCY9;RIMS2;PRKACA;CREB3L2;SNAP25;ADCYAP1;ATP1B1;CACNA1C;GNAS,False
prerank,Selenocompound metabolism,-0.3519052872288827,-0.9319841187854898,0.5742971887550201,0.6872478367409266,1.0,3/14,8.37%,MTR;SEPSECS;INMT,False
prerank,Taste transduction,0.2403893134885801,0.8874039346523865,0.7065637065637066,0.7059381314339286,1.0,6/60,6.02%,PLCB3;SCNN1A;HTR3A;P2RY1;PLCB2;GABRA4,False
prerank,Ovarian steroidogenesis,0.24904306250688846,0.8546853752533967,0.7426326129666012,0.7715993140085832,1.0,13/45,17.27%,PLA2G4E;LDLR;PLA2G4D;ADCY7;ADCY3;ADCY9;HSD17B2;PRKACA;PLA2G4B;CYP11A1;PTGS2;HSD3B1;GNAS,False
prerank,Ubiquinone and other terpenoid-quinone biosynthesis,-0.37215782950870446,-0.8819555598911561,0.597165991902834,0.7976027532895056,1.0,1/10,1.24%,VKORC1L1,False
prerank,beta-Alanine metabolism,-0.27985290512730343,-0.8630903916644521,0.6854838709677419,0.8219309832468038,1.0,6/28,10.52%,ALDH3A2;ALDH6A1;CARNS1;ABAT;UPB1;MLYCD,False
prerank,"Glycine, serine and threonine metabolism",0.24586383614613444,0.8029275152935683,0.7955911823647295,0.859112709682924,1.0,7/36,11.78%,PGAM1;MAOB;ALAS1;SHMT2;BPGM;PSPH;DLD,False
prerank,Sulfur metabolism,0.3574721017969478,0.7932667748838894,0.7234468937875751,0.8694728641595102,1.0,3/8,15.21%,ETHE1;PAPSS2;BPNT1,False
prerank,Steroid hormone biosynthesis,-0.23510817643412488,-0.8215114615946579,0.7844827586206896,0.8857688756164168,1.0,10/45,14.68%,HSD11B1;CYP3A5;AKR1C3;CYP1A2;CYP1A1;AKR1C2;HSD17B8;CYP1B1;LRTOMT;CYP3A4,False
prerank,Taurine and hypotaurine metabolism,-0.33490121667693745,-0.7920141739899222,0.7321063394683026,0.9122207887370267,1.0,3/10,13.38%,CSAD;GGT7;CDO1,False
prerank,Sulfur relay system,-0.3472249679483164,-0.7765719277687969,0.7495291902071564,0.9126444214188314,1.0,1/8,2.19%,MPST,False
prerank,Renin-angiotensin system,-0.25986335519089965,-0.7320788914707473,0.8454011741682974,0.9362593895099446,1.0,5/19,17.45%,KLK1;AGTR1;LNPEP;ACE2;CMA1,False
